order_id,order_date,customer,region,product,qty,unit_price,total,status
100001,2026-03-01,Acme Corp,East,Widget Pro,8,"$1,234.50","$9,876.00",Pending
100002,2026-03-02,Initech,East,Gadget X,26,"$2,150.00","$55,900.00",pending
100003,2026-03-03,Globex Incorporated,nyc,Gadget X,8,"$2,150.00","$17,200.00",Pending
100004,2026-03-04,Hooli,East,Widget Lite,24,$89.99,"$2,159.76",pending
100005,2026-03-05,Acme Corp,West,Gadget X,1,"$2,150.00","$2,150.00",shipped
100006,2026-03-06,Acme Corp,nyc,Widget Lite,20,$89.99,"$1,799.80",shipped
100007,2026-03-07,Globex Incorporated,East,Gadget X,1,"$2,150.00","$2,150.00",SHIPPED
100008,Mar 8 2026,Acme Corp,West,Widget Pro,23,"$1,234.50","$28,393.50",SHIPPED
100009,2026-03-09,,New York,Widget Pro,7,"$1,234.50","$8,641.50",shipped
100010,2026-03-10,Globex Incorporated,East,Widget Lite,24,$89.99,"$2,159.76",Pending
100011,13/03/2026,Massive Dynamic,New York,Gadget X,18,"$2,150.00","$38,700.00",Pending
100012,2026-03-12,Acme Corp,New York,Gadget X,30,"$2,150.00","$64,500.00",Pending
100013,2026-03-13,Wayne Enterprises,East,Gizmo Mini,14,$45.00,$630.00,pending
100014,14/03/2026,Stark Industries,East,Gadget X,28,"$2,150.00","$60,200.00",pending
100015,2026-03-15,Globex Incorporated,West,Gadget X,20,"$2,150.00","$43,000.00",SHIPPED
100016,2026-03-16,Umbrella Ltd,West,Gadget X,19,"$2,150.00","$40,850.00",SHIPPED
100017,17/03/2026,Hooli,West,Gizmo Mini,16,$45.00,$720.00,SHIPPED
100018,2026-03-18,Wayne Enterprises,west,Widget Lite,30,$89.99,"$2,699.70",Shipped
100019,2026-03-19,Stark Industries,East,Gadget X,23,"$2,150.00","$49,450.00",pending
100020,2026-03-20,Soylent Co,East,Gadget X,5,"$2,150.00","$10,750.00",Pending
100021,21/03/2026,Stark Industries,NYC,Gadget X,9,"$2,150.00","$19,350.00",Shipped
100022,2026-03-22,Massive Dynamic,west,Widget Lite,19,$89.99,"$1,709.81",SHIPPED
100023,Mar 23 2026,Soylent Co,n-y-c,Gadget X,7,"$2,150.00","$15,050.00",Pending
100024,2026-03-24,Initech,East,Gizmo Mini,20,$45.00,$900.00,pending
100025,2026-03-25,,West,Widget Pro,10,"$1,234.50","$12,345.00",pending
100026,26/03/2026,Acme Corp,west,Gadget X,28,"$2,150.00","$60,200.00",pending
100027,2026-03-27,Soylent Co,west,Gizmo Mini,24,$45.00,"$1,080.00",Shipped
100028,2026-03-28,Acme Corp,n-y-c,Gizmo Mini,4,$45.00,$180.00,Pending
100029,13/04/2026,Initech,New York,Gizmo Mini,11,$45.00,$495.00,shipped
100030,13/04/2026,Soylent Co,West,Widget Pro,26,"$1,234.50","$32,097.00",Pending
100031,13/04/2026,Hooli,n-y-c,Gizmo Mini,16,$45.00,$720.00,Shipped
100032,2026-04-04,Massive Dynamic,East,Widget Pro,12,"$1,234.50","$14,814.00",shipped
100033,2026-04-05,Massive Dynamic,west,Gadget X,7,"$2,150.00","$15,050.00",SHIPPED
100034,Apr 6 2026,Massive Dynamic,West,Gizmo Mini,19,$45.00,$855.00,pending
100035,2026-04-07,Stark Industries,west,Gizmo Mini,25,$45.00,"$1,125.00",Pending
100036,2026-04-08,Soylent Co,west,Gizmo Mini,20,$45.00,$900.00,pending
100037,2026-04-09,Wayne Enterprises,NYC,Widget Pro,23,"$1,234.50","$28,393.50",SHIPPED
100038,13/04/2026,Hooli,West,Widget Lite,22,$89.99,"$1,979.78",Pending
100039,13/04/2026,Massive Dynamic,East,Gizmo Mini,30,$45.00,"$1,350.00",Pending
100040,Apr 12 2026,Soylent Co,East,Gadget X,17,"$2,150.00","$36,550.00",pending
100041,2026-04-13,Globex Incorporated,west,Widget Lite,14,$89.99,"$1,259.86",Shipped
100042,2026-04-14,Initech,West,Widget Lite,22,$89.99,"$1,979.78",shipped
100043,2026-04-15,Globex Incorporated,New York,Gadget X,2,"$2,150.00","$4,300.00",pending
100044,16/04/2026,Acme Corp,n-y-c,Gizmo Mini,3,$45.00,$135.00,Shipped
100045,17/04/2026,Stark Industries,NYC,Widget Lite,6,$89.99,$539.94,Shipped
100046,18/04/2026,Globex Incorporated,East,Widget Pro,29,"$1,234.50","$35,800.50",shipped
100047,19/04/2026,Stark Industries,West,Gizmo Mini,22,$45.00,$990.00,Pending
100048,2026-04-20,Wayne Enterprises,East,Gizmo Mini,24,$45.00,"$1,080.00",Pending
100049,2026-04-21,Wayne Enterprises,West,Gizmo Mini,14,$45.00,$630.00,shipped
100050,Apr 22 2026,Stark Industries,West,Widget Lite,8,$89.99,$719.92,SHIPPED
100051,23/04/2026,Massive Dynamic,West,Gadget X,27,"$2,150.00","$58,050.00",shipped
100052,2026-04-24,Vehement Capital,west,Gizmo Mini,5,$45.00,$225.00,Pending
100053,Apr 25 2026,Globex Incorporated,nyc,Widget Lite,28,$89.99,"$2,519.72",shipped
100054,26/04/2026,Wayne Enterprises,nyc,Gadget X,19,"$2,150.00","$40,850.00",Pending
100055,2026-04-27,Stark Industries,west,Widget Lite,24,$89.99,"$2,159.76",Pending
100056,2026-04-28,Massive Dynamic,West,Gadget X,18,"$2,150.00","$38,700.00",Shipped
100057,2026-03-01,Wayne Enterprises,n-y-c,Widget Pro,16,"$1,234.50","$19,752.00",Pending
100058,2026-03-02,Massive Dynamic,west,Gadget X,17,"$2,150.00","$36,550.00",pending
100059,2026-03-03,Acme Corp,NYC,Widget Lite,30,$89.99,"$2,699.70",SHIPPED
100060,2026-03-04,Umbrella Ltd,East,Gadget X,13,"$2,150.00","$27,950.00",Pending
100061,Mar 5 2026,Acme Corp,East,Widget Pro,13,"$1,234.50","$16,048.50",pending
100062,2026-03-06,Vehement Capital,West,Gizmo Mini,23,$45.00,"$1,035.00",Shipped
100063,2026-03-07,Hooli,West,Widget Lite,2,$89.99,$179.98,shipped
100064,2026-03-08,Soylent Co,New York,Widget Pro,13,"$1,234.50","$16,048.50",pending
100065,2026-03-09,Globex Incorporated,nyc,Gadget X,3,"$2,150.00","$6,450.00",SHIPPED
100066,2026-03-10,Vehement Capital,West,Widget Pro,11,"$1,234.50","$13,579.50",Pending
100067,13/03/2026,Umbrella Ltd,west,Widget Lite,8,$89.99,$719.92,Pending
100068,2026-03-12,Vehement Capital,nyc,Widget Lite,24,$89.99,"$2,159.76",SHIPPED
100069,2026-03-13,Massive Dynamic,NYC,Widget Lite,22,$89.99,"$1,979.78",Shipped
100070,2026-03-14,Wayne Enterprises,west,Gadget X,12,"$2,150.00","$25,800.00",shipped
100071,Mar 15 2026,Acme Corp,East,Gadget X,11,"$2,150.00","$23,650.00",SHIPPED
100072,2026-03-16,Soylent Co,East,Gizmo Mini,2,$45.00,$90.00,SHIPPED
100073,2026-03-17,Massive Dynamic,East,Gadget X,17,"$2,150.00","$36,550.00",Shipped
100074,2026-03-18,Acme Corp,New York,Gadget X,5,"$2,150.00","$10,750.00",pending
100075,2026-03-19,Vehement Capital,West,Widget Pro,26,"$1,234.50","$32,097.00",pending
100076,2026-03-20,Soylent Co,East,Gizmo Mini,27,$45.00,"$1,215.00",Shipped
100077,2026-03-21,Globex Incorporated,East,Gadget X,25,"$2,150.00","$53,750.00",shipped
100078,2026-03-22,Soylent Co,New York,Widget Lite,18,$89.99,"$1,619.82",shipped
100079,2026-03-23,Acme Corp,East,Gizmo Mini,20,$45.00,$900.00,shipped
100080,2026-03-24,Initech,West,Widget Lite,22,$89.99,"$1,979.78",pending
100081,Mar 25 2026,Hooli,New York,Widget Lite,7,$89.99,$629.93,pending
100082,Mar 26 2026,Initech,West,Widget Lite,23,$89.99,"$2,069.77",pending
100083,Mar 27 2026,Stark Industries,nyc,Gizmo Mini,25,$45.00,"$1,125.00",SHIPPED
100084,2026-03-28,Umbrella Ltd,West,Gizmo Mini,23,$45.00,"$1,035.00",pending
100085,2026-04-01,Umbrella Ltd,East,Widget Lite,21,$89.99,"$1,889.79",pending
100086,13/04/2026,Globex Incorporated,nyc,Widget Pro,23,"$1,234.50","$28,393.50",Shipped
100087,13/04/2026,Hooli,nyc,Widget Pro,20,"$1,234.50","$24,690.00",shipped
100088,2026-04-04,Acme Corp,East,Gizmo Mini,9,$45.00,$405.00,shipped
100089,Apr 5 2026,Hooli,East,Widget Pro,22,"$1,234.50","$27,159.00",shipped
100090,13/04/2026,Soylent Co,nyc,Gadget X,28,"$2,150.00","$60,200.00",Pending
100091,2026-04-07,Stark Industries,nyc,Gizmo Mini,21,$45.00,$945.00,Pending
100092,13/04/2026,Hooli,East,Widget Lite,25,$89.99,"$2,249.75",pending
100093,Apr 9 2026,Wayne Enterprises,West,Widget Pro,19,"$1,234.50","$23,455.50",Shipped
100094,2026-04-10,Umbrella Ltd,West,Widget Pro,20,"$1,234.50","$24,690.00",shipped
100095,2026-04-11,Globex Incorporated,East,Gizmo Mini,17,$45.00,$765.00,Pending
100096,2026-04-12,Soylent Co,West,Gadget X,1,"$2,150.00","$2,150.00",Pending
100097,2026-04-13,Acme Corp,New York,Widget Lite,13,$89.99,"$1,369.87",Shipped
100098,2026-04-14,Soylent Co,East,Widget Lite,28,$89.99,"$2,519.72",SHIPPED
100099,2026-04-15,Initech,New York,Gadget X,12,"$2,150.00","$25,800.00",pending
100100,16/04/2026,Hooli,East,Widget Pro,11,"$1,234.50","$13,579.50",shipped
100101,2026-04-17,Umbrella Ltd,New York,Gadget X,3,"$2,150.00","$6,450.00",shipped
100102,2026-04-18,Massive Dynamic,East,Widget Pro,4,"$1,234.50","$5,138.00",Pending
100103,2026-04-19,Globex Incorporated,nyc,Widget Lite,12,$89.99,"$1,079.88",Pending
100104,2026-04-20,Umbrella Ltd,New York,Widget Lite,11,$89.99,$989.89,shipped
100105,2026-04-21,Globex Incorporated,west,Gizmo Mini,10,$45.00,$450.00,SHIPPED
100106,2026-04-22,Massive Dynamic,NYC,Widget Lite,8,$89.99,$719.92,shipped
100107,2026-04-23,Massive Dynamic,west,Widget Lite,27,$89.99,"$2,429.73",Pending
100108,2026-04-24,Acme Corp,East,Gizmo Mini,6,$45.00,$270.00,Shipped
100109,2026-04-25,Initech,West,Gizmo Mini,25,$45.00,"$1,125.00",pending
100110,2026-04-26,Stark Industries,west,Gizmo Mini,1,$45.00,$45.00,pending
100111,Apr 27 2026,Umbrella Ltd,East,Gadget X,15,"$2,150.00","$32,250.00",SHIPPED
100112,28/04/2026,Acme Corp,East,Gadget X,13,"$2,150.00","$27,950.00",Pending
100113,2026-03-01,Initech,West,Widget Pro,30,"$1,234.50","$37,035.00",Pending
100114,Mar 2 2026,Acme Corp,n-y-c,Gadget X,10,"$2,150.00","$21,500.00",pending
100115,2026-03-03,Globex Incorporated,nyc,Gadget X,26,"$2,150.00","$55,900.00",SHIPPED
100116,Mar 4 2026,Globex Incorporated,West,Gadget X,18,"$2,150.00","$38,700.00",Pending
100117,2026-03-05,Umbrella Ltd,East,Gizmo Mini,7,$45.00,$315.00,Pending
100118,2026-03-06,Vehement Capital,East,Gadget X,16,"$2,150.00","$34,400.00",shipped
100119,2026-03-07,Wayne Enterprises,west,Widget Pro,9,"$1,234.50","$11,110.50",Pending
100120,2026-03-08,Soylent Co,East,Gizmo Mini,12,$45.00,$540.00,SHIPPED
100121,2026-03-09,Hooli,East,Widget Pro,-21,"$1,234.50","-$25,924.50",cancelled
100122,2026-03-10,Stark Industries,NYC,Widget Lite,21,$89.99,"$1,889.79",Shipped
100123,2026-03-11,Soylent Co,West,Gadget X,11,"$2,150.00","$23,650.00",Pending
100124,2026-03-12,Hooli,New York,Gizmo Mini,20,$45.00,$900.00,shipped
100125,2026-03-13,Globex Incorporated,West,Gadget X,21,"$2,150.00","$45,150.00",shipped
100126,14/03/2026,Massive Dynamic,East,Widget Lite,19,$89.99,"$1,709.81",SHIPPED
100127,Mar 15 2026,Globex Incorporated,East,Widget Lite,18,$89.99,"$1,619.82",Shipped
100128,Mar 16 2026,Soylent Co,nyc,Widget Lite,4,$89.99,$359.96,pending
100129,2026-03-17,Soylent Co,NYC,Gadget X,19,"$2,150.00","$40,850.00",pending
100130,18/03/2026,Soylent Co,East,Widget Pro,6,"$1,234.50","$7,407.00",Pending
100131,2026-03-19,Umbrella Ltd,East,Widget Lite,7,$89.99,$629.93,Pending
100132,20/03/2026,Acme Corp,East,Gizmo Mini,20,$45.00,$900.00,shipped
100133,2026-03-21,Globex Incorporated,East,Widget Lite,6,$89.99,$539.94,shipped
100134,2026-03-22,Wayne Enterprises,NYC,Widget Lite,10,$89.99,$899.90,Shipped
100135,2026-03-23,Hooli,NYC,Gizmo Mini,27,$45.00,"$1,215.00",pending
100136,24/03/2026,Vehement Capital,West,Gadget X,16,"$2,150.00","$34,400.00",Shipped
100137,2026-03-25,Globex Incorporated,West,Gadget X,21,"$2,150.00","$45,150.00",shipped
100138,2026-03-26,Hooli,New York,Widget Lite,20,$89.99,"$1,799.80",Shipped
100139,2026-03-27,Stark Industries,nyc,Gizmo Mini,16,$45.00,$720.00,pending
100140,2026-03-28,Wayne Enterprises,East,Gizmo Mini,15,$45.00,$675.00,pending
100141,Apr 1 2026,Massive Dynamic,west,Gizmo Mini,18,$45.00,$810.00,pending
100142,13/04/2026,Acme Corp,East,Gizmo Mini,19,$45.00,$855.00,pending
100142,13/04/2026, Acme Corp ,EAST,Gizmo Mini,19,$45.00,$855.00,pending
100143,13/04/2026,Hooli,East,Gizmo Mini,7,$45.00,$315.00,Pending
100144,Apr 5 2026,Stark Industries,NYC,Widget Lite,15,$89.99,"$1,349.85",shipped
100145,13/04/2026,Vehement Capital,nyc,Widget Pro,15,"$1,234.50","$18,517.50",pending
100146,13/04/2026,Soylent Co,East,Gizmo Mini,21,$45.00,$945.00,Pending
100147,2026-04-08,Acme Corp,nyc,Widget Lite,1,$89.99,$89.99,pending
100148,2026-04-09,Stark Industries,West,Widget Pro,17,"$1,234.50","$20,986.50",Pending
100149,2026-04-10,Stark Industries,New York,Gadget X,10,"$2,150.00","$21,500.00",Pending
100150,Apr 11 2026,Stark Industries,East,Widget Pro,2,"$1,234.50","$2,469.00",Pending
100151,2026-04-12,Massive Dynamic,nyc,Gadget X,23,"$2,150.00","$49,450.00",Shipped
100152,13/04/2026,Acme Corp,NYC,Gizmo Mini,23,$45.00,"$1,035.00",pending
100153,2026-04-14,Hooli,West,Gizmo Mini,25,$45.00,"$1,125.00",SHIPPED
100154,2026-04-15,Soylent Co,NYC,Gadget X,20,"$2,150.00","$43,000.00",shipped
100155,2026-04-16,Stark Industries,nyc,Widget Lite,26,$89.99,"$2,339.74",shipped
100156,2026-04-17,Acme Corp,n-y-c,Gizmo Mini,1,$45.00,$45.00,Shipped
100157,2026-04-18,Soylent Co,East,Gadget X,22,"$2,150.00","$47,300.00",shipped
100158,19/04/2026,,nyc,Widget Pro,21,"$1,234.50","$25,924.50",Pending
100159,2026-04-20,Massive Dynamic,NYC,Gadget X,15,"$2,150.00","$32,250.00",Shipped
100160,2026-04-21,Acme Corp,West,Widget Lite,23,$89.99,"$2,069.77",Pending
100161,2026-04-22,Initech,West,Widget Pro,20,"$1,234.50","$24,690.00",Pending
100162,2026-04-23,Stark Industries,East,Gadget X,21,"$2,150.00","$45,150.00",Shipped
100163,Apr 24 2026,Massive Dynamic,East,Widget Lite,17,$89.99,"$1,529.83",shipped
100164,25/04/2026,Vehement Capital,East,Gadget X,23,"$2,150.00","$49,450.00",pending
100165,2026-04-26,Globex Incorporated,East,Gizmo Mini,20,$45.00,$900.00,SHIPPED
100166,2026-04-27,Globex Incorporated,n-y-c,Widget Lite,27,$89.99,"$2,429.73",pending
100167,28/04/2026,Soylent Co,NYC,Widget Lite,4,$89.99,$359.96,SHIPPED
100168,13/03/2026,Soylent Co,west,Widget Lite,8,$89.99,$719.92,pending
100169,2026-03-02,Stark Industries,West,Gadget X,5,"$2,150.00","$10,750.00",Shipped
100170,2026-03-03,Hooli,West,Gadget X,,"$2,150.00","$34,400.00",pending
100171,13/03/2026,Initech,NYC,Widget Lite,1,$89.99,$89.99,shipped
100172,13/03/2026,Acme Corp,west,Widget Lite,7,$89.99,$629.93,pending
100173,13/03/2026,Initech,New York,Gizmo Mini,11,$45.00,$495.00,pending
100174,2026-03-07,Wayne Enterprises,East,Gizmo Mini,20,$45.00,$900.00,Shipped
100175,13/03/2026,Wayne Enterprises,East,Widget Lite,23,$89.99,"$2,069.77",pending
100176,2026-03-09,Globex Incorporated,West,Gizmo Mini,23,$45.00,"$1,035.00",shipped
100177,2026-03-10,Acme Corp,West,Gadget X,14,"$2,150.00","$30,100.00",Pending
100178,2026-03-11,Soylent Co,East,Gadget X,12,"$2,150.00","$25,800.00",shipped
100179,13/03/2026,Stark Industries,west,Gizmo Mini,26,$45.00,"$1,170.00",pending
100180,Mar 13 2026,Acme Corp,west,Gadget X,3,"$2,150.00","$6,450.00",SHIPPED
100181,2026-03-14,Acme Corp,New York,Gadget X,4,"$2,150.00","$8,600.00",SHIPPED
100182,2026-03-15,Massive Dynamic,New York,Gadget X,12,"$2,150.00","$25,800.00",SHIPPED
100183,2026-03-16,Hooli,East,Widget Lite,21,$89.99,"$1,889.79",shipped
100184,17/03/2026,Stark Industries,West,Widget Lite,16,$89.99,"$1,439.84",Pending
100185,18/03/2026,Massive Dynamic,East,Widget Pro,14,"$1,234.50","$17,283.00",Pending
100185,18/03/2026,Massive Dynamic,East,Widget Pro,14,"$1,234.50","$17,283.00",Pending
100186,20/03/2026,Wayne Enterprises,n-y-c,Widget Pro,5,"$1,234.50","$6,172.50",SHIPPED
100187,Mar 21 2026,Soylent Co,East,Gadget X,13,"$2,150.00","$27,950.00",shipped
100188,2026-03-22,Umbrella Ltd,NYC,Widget Pro,14,"$1,234.50","$17,283.00",shipped
100189,2026-03-23,Globex Incorporated,East,Gadget X,17,"$2,150.00","$36,550.00",shipped
100190,2026-03-24,Vehement Capital,East,Widget Lite,15,$89.99,"$1,349.85",Pending
100191,2026-03-25,Globex Incorporated,East,Gadget X,26,"$2,150.00","$55,900.00",Shipped
100192,2026-03-26,Soylent Co,NYC,Widget Lite,2,$89.99,$179.98,shipped
100193,27/03/2026,Soylent Co,West,Gadget X,24,"$2,150.00","$51,600.00",SHIPPED
100194,2026-03-28,Acme Corp,west,Gizmo Mini,20,$45.00,$900.00,Shipped
100195,2026-04-01,Soylent Co,East,Gizmo Mini,19,$45.00,$855.00,shipped
100196,2026-04-02,Massive Dynamic,West,Gizmo Mini,10,$45.00,$450.00,Shipped
100197,2026-04-03,Hooli,East,Widget Pro,18,"$1,234.50","$22,221.00",Pending
100198,2026-04-04,Soylent Co,nyc,Gizmo Mini,23,$45.00,"$1,035.00",Pending
100199,13/04/2026,Umbrella Ltd,East,Widget Lite,25,$89.99,"$2,249.75",pending
100200,2026-04-06,Acme Corp,East,Gadget X,20,"$2,150.00","$43,000.00",shipped
100201,13/04/2026,Vehement Capital,East,Gizmo Mini,2,$45.00,$90.00,Pending
100202,2026-04-08,Massive Dynamic,NYC,Gadget X,19,"$2,150.00","$40,850.00",shipped
100203,2026-04-09,Acme Corp,West,Widget Pro,26,"$1,234.50","$32,097.00",SHIPPED
100204,2026-04-10,Stark Industries,west,Gadget X,8,"$2,150.00","$17,200.00",pending
100205,13/04/2026,Massive Dynamic,West,Gizmo Mini,26,$45.00,"$1,170.00",SHIPPED
100206,13/04/2026,Massive Dynamic,NYC,Widget Lite,2,$89.99,$179.98,Pending
100207,13/04/2026,Soylent Co,n-y-c,Gizmo Mini,22,$45.00,$990.00,pending
100208,2026-04-14,Acme Corp,west,Gadget X,29,"$2,150.00","$62,350.00",Shipped
100209,2026-04-15,Umbrella Ltd,East,Gizmo Mini,27,$45.00,"$1,215.00",Pending
100210,Apr 16 2026,Massive Dynamic,West,Widget Lite,22,$89.99,"$1,979.78",Pending
100211,2026-04-17,Umbrella Ltd,West,Gadget X,16,"$2,150.00","$34,400.00",pending
100212,18/04/2026,Initech,west,Widget Lite,12,$89.99,"$1,079.88",Shipped
100213,Apr 19 2026,Wayne Enterprises,west,Widget Pro,18,"$1,234.50","$22,221.00",pending
100214,2026-04-20,Massive Dynamic,West,Gadget X,12,"$2,150.00","$25,800.00",pending
100215,2026-04-21,Umbrella Ltd,East,Gizmo Mini,17,$45.00,$765.00,Pending
100216,2026-04-22,Soylent Co,west,Gadget X,6,"$2,150.00","$12,900.00",Shipped
100217,2026-04-23,Globex Incorporated,East,Widget Pro,22,"$1,234.50","$27,159.00",shipped
100218,24/04/2026,Vehement Capital,n-y-c,Widget Lite,4,$89.99,$359.96,Pending
100219,2026-04-25,Soylent Co,New York,Gizmo Mini,12,$45.00,$540.00,Shipped
100220,Apr 26 2026,Wayne Enterprises,East,Widget Lite,30,$89.99,"$2,699.70",SHIPPED
100221,2026-04-27,Globex Incorporated,West,Widget Pro,15,"$1,234.50","$18,517.50",Shipped
100222,Apr 28 2026,Globex Incorporated,n-y-c,Widget Lite,24,$89.99,"$2,159.76",pending
100223,2026-03-01,Wayne Enterprises,West,Gadget X,24,"$2,150.00","$51,600.00",shipped
100224,2026-03-02,Initech,West,Gizmo Mini,21,$45.00,$945.00,pending
100225,2026-03-03,Stark Industries,nyc,Widget Lite,8,$89.99,$719.92,pending
100226,Mar 4 2026,Massive Dynamic,n-y-c,Widget Lite,27,$89.99,"$2,429.73",shipped
100227,2026-03-05,Stark Industries,nyc,Widget Pro,10,"$1,234.50","$12,345.00",SHIPPED
100228,2026-03-06,Massive Dynamic,nyc,Widget Pro,22,"$1,234.50","$27,159.00",Pending
100229,13/03/2026,Wayne Enterprises,NYC,Widget Pro,4,"$1,234.50","$4,938.00",Shipped
100230,Mar 8 2026,Soylent Co,West,Gadget X,20,"$2,150.00","$43,000.00",Pending
100231,2026-03-09,Soylent Co,west,Gizmo Mini,11,$45.00,$495.00,SHIPPED
100232,2026-03-10,Soylent Co,East,Widget Lite,11,$89.99,$989.89,shipped
100233,2026-03-11,Soylent Co,nyc,Gizmo Mini,5,$45.00,$225.00,Shipped
100234,Mar 12 2026,Initech,West,Gadget X,19,"$2,150.00","$40,850.00",shipped
100235,2026-03-13,Soylent Co,East,Widget Pro,6,"$1,234.50","$7,407.00",Pending
100236,2026-03-14,Wayne Enterprises,West,Widget Lite,1,$89.99,$89.99,Pending
100237,2026-03-15,Acme Corp,nyc,Gizmo Mini,29,$45.00,"$1,305.00",pending
100238,2026-03-16,Massive Dynamic,West,Widget Lite,25,$89.99,"$2,249.75",shipped
100239,2026-03-17,Hooli,nyc,Gadget X,25,"$2,150.00","$53,750.00",Pending
100240,2026-03-18,Stark Industries,New York,Widget Lite,4,$89.99,$359.96,pending
100241,2026-03-19,Vehement Capital,West,Widget Lite,27,$89.99,"$2,429.73",Pending
100242,Mar 20 2026,Soylent Co,East,Widget Pro,5,"$1,234.50","$6,172.50",pending
100243,Mar 21 2026,Wayne Enterprises,East,Widget Pro,28,"$1,234.50","$34,566.00",pending
100244,2026-03-22,Massive Dynamic,East,Widget Lite,17,$89.99,"$1,529.83",shipped
100245,2026-03-23,Umbrella Ltd,West,Widget Lite,15,$89.99,"$1,349.85",SHIPPED
100246,Mar 24 2026,Globex Incorporated,East,Widget Lite,6,$89.99,$539.94,pending
100247,2026-03-25,,East,Gizmo Mini,26,$45.00,"$1,170.00",pending
100248,26/03/2026,Hooli,East,Widget Pro,7,"$1,234.50","$8,641.50",shipped
100249,2026-03-27,Soylent Co,East,Gadget X,23,"$2,150.00","$49,450.00",pending
100250,2026-03-28,Wayne Enterprises,East,Gizmo Mini,4,$45.00,$180.00,pending
100251,2026-04-01,Umbrella Ltd,nyc,Gadget X,14,"$2,150.00","$30,100.00",SHIPPED
100252,2026-04-02,Globex Incorporated,New York,Widget Lite,19,$89.99,"$1,709.81",shipped
100253,2026-04-03,Soylent Co,n-y-c,Gadget X,5,"$2,150.00","$10,750.00",Shipped
100254,2026-04-04,Acme Corp,nyc,Widget Pro,19,"$1,234.50","$23,455.50",SHIPPED
100255,Apr 5 2026,Massive Dynamic,East,Widget Pro,27,"$1,234.50","$33,331.50",SHIPPED
100256,2026-04-06,Globex Incorporated,NYC,Gizmo Mini,4,$45.00,$180.00,pending
100257,2026-04-07,Massive Dynamic,n-y-c,Widget Pro,9,"$1,234.50","$11,110.50",SHIPPED
100258,2026-04-08,Globex Incorporated,nyc,Widget Pro,4,"$1,234.50","$4,938.00",Pending
100259,13/04/2026,Initech,East,Widget Lite,4,$89.99,$359.96,Pending
100260,2026-04-10,Soylent Co,n-y-c,Widget Lite,24,$89.99,"$2,159.76",Shipped
100261,13/04/2026,Stark Industries,west,Gizmo Mini,16,$45.00,$720.00,Pending
100262,2026-04-12,Vehement Capital,East,Widget Pro,11,"$1,234.50","$13,579.50",pending
100263,2026-04-13,Hooli,NYC,Widget Pro,30,"$1,234.50","$37,035.00",shipped
100264,Apr 14 2026,Massive Dynamic,n-y-c,Gadget X,1,"$2,150.00","$2,150.00",Shipped
100265,2026-04-15,Hooli,New York,Gadget X,2,"$2,150.00","$4,300.00",SHIPPED
100266,2026-04-16,Wayne Enterprises,NYC,Widget Lite,26,$89.99,"$2,339.74",pending
100267,2026-04-17,Wayne Enterprises,n-y-c,Widget Lite,27,$89.99,"$2,429.73",SHIPPED
100268,2026-04-18,Massive Dynamic,nyc,Gadget X,4,"$2,150.00","$8,600.00",pending
100269,19/04/2026,Vehement Capital,west,Widget Pro,19,"$1,234.50","$23,455.50",pending
100270,20/04/2026,Wayne Enterprises,west,Widget Pro,26,"$1,234.50","$32,097.00",SHIPPED
100271,21/04/2026,Initech,East,Gizmo Mini,20,$45.00,$900.00,shipped
100272,22/04/2026,Acme Corp,New York,Gadget X,12,"$2,150.00","$25,800.00",pending
100273,2026-04-23,Massive Dynamic,East,Widget Pro,26,"$1,234.50","$32,097.00",shipped
100274,24/04/2026,Vehement Capital,West,Widget Pro,14,"$1,234.50","$17,283.00",shipped
100275,2026-04-25,Initech,East,Gadget X,30,"$2,150.00","$64,500.00",pending
100276,26/04/2026,Soylent Co,East,Widget Lite,2,$89.99,$179.98,Pending
100277,Apr 27 2026,Hooli,East,Gadget X,26,"$2,150.00","$55,900.00",Pending
100278,2026-04-28,Vehement Capital,New York,Widget Lite,21,$89.99,"$1,889.79",pending
100279,2026-03-01,Stark Industries,New York,Gizmo Mini,23,$45.00,"$1,035.00",Shipped
100280,2026-03-02,Soylent Co,west,Gadget X,27,"$2,150.00","$58,050.00",SHIPPED
100281,2026-03-03,Wayne Enterprises,New York,Gadget X,30,"$2,150.00","$64,500.00",pending
100282,13/03/2026,Stark Industries,n-y-c,Gadget X,9,"$2,150.00","$19,350.00",shipped
100283,2026-03-05,Vehement Capital,West,Widget Pro,12,"$1,234.50","$14,814.00",Pending
100284,13/03/2026,Massive Dynamic,West,Widget Pro,23,"$1,234.50","$28,393.50",pending
100285,13/03/2026,Massive Dynamic,East,Gadget X,10,"$2,150.00","$21,500.00",shipped
100286,Mar 8 2026,Stark Industries,East,Gizmo Mini,1,$45.00,$45.00,Pending
100287,13/03/2026,Globex Incorporated,nyc,Widget Lite,1,$89.99,$89.99,Pending
100288,13/03/2026,Massive Dynamic,west,Widget Pro,28,"$1,234.50","$34,566.00",Pending
100289,2026-03-11,Initech,East,Gadget X,16,"$2,150.00","$34,400.00",SHIPPED
100290,2026-03-12,Stark Industries,East,Gadget X,21,"$2,150.00","$45,150.00",shipped
100291,2026-03-13,Globex Incorporated,East,Gizmo Mini,21,$45.00,$945.00,pending
100292,2026-03-14,Hooli,West,Widget Pro,30,"$1,234.50","$37,035.00",Shipped
100293,2026-03-15,Massive Dynamic,n-y-c,Widget Lite,10,$89.99,$899.90,Shipped
100294,16/03/2026,Stark Industries,West,Gadget X,21,"$2,150.00","$45,150.00",shipped
100295,Mar 17 2026,Stark Industries,West,Gadget X,8,"$2,150.00","$17,200.00",Shipped
100296,2026-03-18,Wayne Enterprises,west,Gadget X,17,"$2,150.00","$36,550.00",SHIPPED
100297,2026-03-19,Wayne Enterprises,East,Gizmo Mini,2,$45.00,$90.00,shipped
100298,Mar 20 2026,Massive Dynamic,NYC,Gadget X,25,"$2,150.00","$53,750.00",SHIPPED
100299,2026-03-21,Wayne Enterprises,East,Gizmo Mini,1,$45.00,$45.00,pending
100300,2026-03-22,Soylent Co,East,Widget Lite,17,$89.99,"$1,529.83",pending
100301,2026-03-23,Globex Incorporated,East,Widget Pro,27,"$1,234.50","$33,331.50",Shipped
100302,24/03/2026,Stark Industries,East,Gadget X,18,"$2,150.00","$38,700.00",shipped
100303,2026-03-25,Wayne Enterprises,west,Widget Pro,5,"$1,234.50","$6,172.50",Shipped
100304,2026-03-26,Wayne Enterprises,west,Widget Lite,11,$89.99,$989.89,Shipped
100305,2026-03-27,Hooli,East,Widget Lite,20,$89.99,"$1,799.80",shipped
100306,2026-03-28,Stark Industries,New York,Widget Pro,9,"$1,234.50","$11,110.50",Pending
100307,2026-04-01,Umbrella Ltd,nyc,Widget Pro,7,"$1,234.50","$8,641.50",Shipped
100308,2026-04-02,Umbrella Ltd,East,Widget Pro,14,"$1,234.50","$17,283.00",shipped
100309,2026-04-03,Initech,New York,Gadget X,23,"$2,150.00","$49,450.00",Shipped
100310,13/04/2026,Globex Incorporated,West,Gizmo Mini,4,$45.00,$180.00,pending
100311,13/04/2026,Massive Dynamic,East,Gadget X,2,"$2,150.00","$4,300.00",shipped
100312,2026-04-06,Umbrella Ltd,west,Widget Lite,10,$89.99,$899.90,shipped
100313,Apr 7 2026,Wayne Enterprises,west,Gizmo Mini,16,$45.00,$720.00,Shipped
100314,Apr 8 2026,Umbrella Ltd,n-y-c,Gadget X,22,"$2,150.00","$47,300.00",Shipped
100315,2026-04-09,Massive Dynamic,East,Gadget X,29,"$2,150.00","$62,350.00",shipped
100316,2026-04-10,Acme Corp,East,Gadget X,4,"$2,150.00","$8,600.00",Shipped
100317,2026-04-11,Umbrella Ltd,west,Widget Pro,23,"$1,234.50","$28,393.50",shipped
100318,13/04/2026,Massive Dynamic,East,Gadget X,3,"$2,150.00","$6,450.00",shipped
100319,2026-04-13,Initech,East,Gadget X,21,"$2,150.00","$45,150.00",Pending
100320,2026-04-14,Wayne Enterprises,West,Gadget X,19,"$2,150.00","$40,850.00",Pending
100321,2026-04-15,Vehement Capital,East,Gizmo Mini,13,$45.00,$585.00,pending
100322,Apr 16 2026,Wayne Enterprises,West,Widget Pro,17,"$1,234.50","$20,986.50",SHIPPED
100323,2026-04-17,Vehement Capital,west,Gizmo Mini,7,$45.00,$315.00,Pending
100324,2026-04-18,Umbrella Ltd,West,Widget Lite,19,$89.99,"$1,709.81",Pending
100325,2026-04-19,Acme Corp,NYC,Gizmo Mini,9,$45.00,$405.00,Pending
100326,2026-04-20,Massive Dynamic,West,Widget Pro,19,"$1,234.50","$23,455.50",pending
100327,2026-04-21,Wayne Enterprises,nyc,Gadget X,14,"$2,150.00","$30,100.00",SHIPPED
100328,22/04/2026,Hooli,West,Gadget X,21,"$2,150.00","$45,150.00",pending
100329,2026-04-23,Acme Corp,nyc,Gizmo Mini,5,$45.00,$225.00,pending
100330,2026-04-24,Massive Dynamic,NYC,Widget Pro,17,"$1,234.50","$20,986.50",shipped
100331,Apr 25 2026,Acme Corp,west,Widget Lite,26,$89.99,"$2,339.74",Pending
100332,2026-04-26,Initech,west,Widget Pro,22,"$1,234.50","$27,159.00",Pending
100333,2026-04-27,Hooli,East,Widget Pro,23,"$1,234.50","$28,393.50",Pending
100334,Apr 28 2026,Umbrella Ltd,East,Widget Pro,12,"$1,234.50","$14,814.00",Pending
100335,2026-03-01,Acme Corp,East,Gadget X,1,"$2,150.00","$2,150.00",SHIPPED
100336,2026-03-02,Massive Dynamic,NYC,Widget Lite,16,$89.99,"$1,439.84",SHIPPED
100337,2026-03-03,Acme Corp,west,Gadget X,18,"$2,150.00","$38,700.00",shipped
100338,2026-03-04,Vehement Capital,West,Gizmo Mini,18,$45.00,$810.00,Pending
100339,2026-03-05,Globex Incorporated,nyc,Gizmo Mini,2,$45.00,$90.00,pending
100340,2026-03-06,Acme Corp,East,Gadget X,11,"$2,150.00","$23,650.00",SHIPPED
100341,2026-03-07,Massive Dynamic,West,Gizmo Mini,29,$45.00,"$1,305.00",pending
100342,2026-03-08,Wayne Enterprises,nyc,Widget Lite,21,$89.99,"$1,889.79",Shipped
100343,13/03/2026,Hooli,West,Gizmo Mini,25,$45.00,"$1,125.00",Pending
100344,13/03/2026,Wayne Enterprises,East,Widget Pro,12,"$1,234.50","$14,814.00",Shipped
100345,2026-03-11,Acme Corp,n-y-c,Widget Lite,27,$89.99,"$2,429.73",pending
100346,13/03/2026,Stark Industries,East,Gadget X,28,"$2,150.00","$60,200.00",pending
100347,2026-03-13,Initech,East,Gadget X,14,"$2,150.00","$30,100.00",shipped
100348,2026-03-14,Hooli,n-y-c,Gadget X,13,"$2,150.00","$27,950.00",SHIPPED
100349,2026-03-15,Hooli,East,Gizmo Mini,5,$45.00,$225.00,Pending
100350,2026-03-16,Acme Corp,west,Widget Pro,2,"$1,234.50","$2,469.00",pending
100351,2026-03-17,Stark Industries,West,Gadget X,2,"$2,150.00","$4,300.00",Shipped
100352,2026-03-18,Acme Corp,West,Widget Pro,11,"$1,234.50","$13,579.50",pending
100353,2026-03-19,Globex Incorporated,East,Gadget X,25,"$2,150.00","$53,750.00",SHIPPED
100354,2026-03-20,Hooli,NYC,Gadget X,14,"$2,150.00","$30,100.00",Pending
100355,2026-03-21,Acme Corp,East,Gadget X,29,"$2,150.00","$62,350.00",Shipped
100356,2026-03-22,Globex Incorporated,West,Gadget X,1,"$2,150.00","$2,150.00",shipped
100357,2026-03-23,Globex Incorporated,East,Gizmo Mini,19,$45.00,$855.00,SHIPPED
100358,2026-03-24,Globex Incorporated,nyc,Gizmo Mini,13,$45.00,$585.00,Pending
100359,25/03/2026,Wayne Enterprises,East,Gadget X,6,"$2,150.00","$12,900.00",Pending
100360,2026-03-26,Massive Dynamic,East,Widget Pro,25,"$1,234.50","$30,862.50",pending
100361,Mar 27 2026,Acme Corp,New York,Widget Lite,1,$89.99,$89.99,Pending
100362,Mar 28 2026,Massive Dynamic,New York,Gizmo Mini,5,$45.00,$225.00,Pending
100363,2026-04-01,Umbrella Ltd,East,Gadget X,24,"$2,150.00","$51,600.00",pending
100364,2026-04-02,Acme Corp,East,Gizmo Mini,15,$45.00,$675.00,Shipped
100365,2026-04-03,Initech,West,Widget Lite,25,$89.99,"$2,249.75",SHIPPED
100366,2026-04-04,Acme Corp,west,Gadget X,13,"$2,150.00","$27,950.00",shipped
100367,Apr 5 2026,Globex Incorporated,East,Gizmo Mini,1,$45.00,$45.00,Shipped
100368,2026-04-06,Globex Incorporated,West,Gizmo Mini,13,$45.00,$585.00,SHIPPED
100369,2026-04-07,Soylent Co,n-y-c,Gizmo Mini,19,$45.00,$855.00,SHIPPED
100370,13/04/2026,Umbrella Ltd,East,Gizmo Mini,10,$45.00,$450.00,pending
100371,2026-04-09,Massive Dynamic,East,Gizmo Mini,29,$45.00,"$1,305.00",shipped
100371,2026-04-09,Massive Dynamic,East,Gizmo Mini,29,$45.00,"$1,305.00",shipped
100372,2026-04-11,Globex Incorporated,East,Gadget X,2,"$2,150.00","$4,300.00",shipped
100373,2026-04-12,Vehement Capital,n-y-c,Gadget X,6,"$2,150.00","$12,900.00",shipped
100374,2026-04-13,Hooli,New York,Gizmo Mini,12,$45.00,$540.00,SHIPPED
100375,2026-04-14,Initech,New York,Gizmo Mini,4,$45.00,$180.00,SHIPPED
100376,2026-04-15,Vehement Capital,East,Widget Pro,18,"$1,234.50","$22,221.00",Shipped
100377,16/04/2026,Wayne Enterprises,n-y-c,Widget Lite,10,$89.99,$899.90,pending
100378,Apr 17 2026,Stark Industries,NYC,Gizmo Mini,25,$45.00,"$1,125.00",Pending
100379,2026-04-18,Acme Corp,East,Widget Pro,11,"$1,234.50","$13,579.50",Shipped
100380,19/04/2026,Vehement Capital,East,Widget Lite,11,$89.99,$989.89,Shipped
100381,2026-04-20,Umbrella Ltd,West,Gizmo Mini,22,45.00 USD,$990.00,pending
100382,2026-04-21,Globex Incorporated,west,Gizmo Mini,4,$45.00,$180.00,pending
100383,2026-04-22,Wayne Enterprises,New York,Widget Pro,18,"$1,234.50","$22,221.00",pending
100384,Apr 23 2026,Stark Industries,west,Gadget X,5,"$2,150.00","$10,750.00",Shipped
100385,2026-04-24,Massive Dynamic,East,Gadget X,7,"$2,150.00","$15,050.00",pending
100386,2026-04-25,Stark Industries,west,Gizmo Mini,19,$45.00,$855.00,shipped
100387,2026-04-26,Initech,west,Gadget X,27,"$2,150.00","$58,050.00",Pending
100388,27/04/2026,Soylent Co,West,Gadget X,3,"$2,150.00","$6,450.00",shipped
100389,2026-04-28,Globex Incorporated,West,Gizmo Mini,24,$45.00,"$1,080.00",shipped
100390,2026-03-01,Umbrella Ltd,n-y-c,Gadget X,16,"$2,150.00","$34,400.00",pending
100391,2026-03-02,Wayne Enterprises,nyc,Widget Lite,17,$89.99,"$1,529.83",shipped
100392,2026-03-03,Stark Industries,West,Gadget X,5,"$2,150.00","$10,750.00",shipped
100393,Mar 4 2026,Umbrella Ltd,west,Widget Pro,29,"$1,234.50","$35,800.50",pending
100394,2026-03-05,Massive Dynamic,n-y-c,Gizmo Mini,11,$45.00,$495.00,pending
100395,2026-03-06,Soylent Co,East,Widget Lite,12,$89.99,"$1,079.88",pending
100396,2026-03-07,Soylent Co,East,Widget Lite,24,$89.99,"$2,159.76",SHIPPED
100397,Mar 8 2026,Massive Dynamic,East,Widget Pro,14,"$1,234.50","$17,283.00",pending
100398,2026-03-09,Stark Industries,nyc,Widget Lite,13,$89.99,"$1,169.87",Shipped
100399,2026-03-10,Umbrella Ltd,New York,Widget Pro,17,"$1,234.50","$20,986.50",Shipped
100400,2026-03-11,Hooli,East,Widget Pro,7,"$1,234.50","$8,641.50",shipped
100401,2026-03-12,Hooli,nyc,Widget Pro,5,"$1,234.50","$6,172.50",shipped
100402,Mar 13 2026,Hooli,East,Gizmo Mini,7,$45.00,$315.00,SHIPPED
100403,2026-03-14,Umbrella Ltd,n-y-c,Widget Pro,21,"$1,234.50","$25,924.50",shipped
100403,2026-03-14,Umbrella Ltd,n-y-c,Widget Pro,21,"$1,234.50","$25,924.50",shipped
100404,16/03/2026,Acme Corp,West,Gadget X,15,"$2,150.00","$32,250.00",Pending
100405,Mar 17 2026,Wayne Enterprises,New York,Gizmo Mini,29,$45.00,"$1,305.00",Pending
100406,18/03/2026,Globex Incorporated,New York,Widget Lite,17,$89.99,"$1,529.83",Pending
100407,2026-03-19,Initech,nyc,Widget Pro,6,"$1,234.50","$7,407.00",shipped
100408,2026-03-20,Umbrella Ltd,NYC,Gizmo Mini,1,$45.00,$45.00,shipped
100409,2026-03-21,Umbrella Ltd,West,Gizmo Mini,14,$45.00,$630.00,shipped
100410,2026-03-22,Soylent Co,West,Gadget X,17,"$2,150.00","$36,550.00",Shipped
100411,23/03/2026,Vehement Capital,East,Widget Lite,30,$89.99,"$2,699.70",Pending
100412,2026-03-24,Initech,East,Widget Lite,19,$89.99,"$1,709.81",SHIPPED
100413,2026-03-25,Umbrella Ltd,East,Widget Pro,6,"$1,234.50","$7,407.00",Pending
100414,26/03/2026,Massive Dynamic,West,Gizmo Mini,8,$45.00,$360.00,shipped
100415,2026-03-27,Vehement Capital,East,Widget Pro,7,"$1,234.50","$8,641.50",Shipped
100416,2026-03-28,Wayne Enterprises,nyc,Gizmo Mini,9,$45.00,$405.00,pending
100417,2026-04-01,Wayne Enterprises,West,Gizmo Mini,5,$45.00,$225.00,pending
100418,2026-04-02,Stark Industries,NYC,Widget Pro,5,"$1,234.50","$6,172.50",pending
100419,2026-04-03,Soylent Co,East,Widget Lite,21,$89.99,"$1,889.79",Shipped
100420,2026-04-04,Initech,west,Widget Lite,29,$89.99,"$2,609.71",SHIPPED
100421,13/04/2026,Umbrella Ltd,NYC,Widget Pro,6,"$1,234.50","$7,407.00",shipped
100422,13/04/2026,Globex Incorporated,west,Gizmo Mini,9,$45.00,$405.00,Pending
100423,2026-04-07,Vehement Capital,East,Widget Pro,3,"$1,234.50","$3,703.50",Pending
100424,2026-04-08,Globex Incorporated,East,Gadget X,18,"$2,150.00","$38,700.00",Shipped
100425,Apr 9 2026,Umbrella Ltd,west,Widget Pro,25,"$1,234.50","$30,862.50",SHIPPED
100426,2026-04-10,Umbrella Ltd,West,Gadget X,27,"$2,150.00","$58,050.00",Pending
100427,Apr 11 2026,Hooli,West,Widget Lite,16,$89.99,"$1,439.84",Shipped
100428,Apr 12 2026,Initech,East,Gadget X,21,"$2,150.00","$45,150.00",Shipped
100429,2026-04-13,Vehement Capital,west,Gadget X,8,"$2,150.00","$17,200.00",pending
100430,2026-04-14,Hooli,NYC,Gadget X,3,"$2,150.00","$6,450.00",Pending
100430,2026-04-14,Hooli,NYC,Gadget X,3,"$2,150.00","$6,450.00",Pending
100431,2026-04-16,Globex Incorporated,west,Gizmo Mini,10,$45.00,$450.00,pending
100432,2026-04-17,Umbrella Ltd,n-y-c,Gadget X,20,"$2,150.00","$43,000.00",shipped
100433,2026-04-18,Umbrella Ltd,East,Widget Pro,12,"$1,234.50","$14,814.00",pending
100434,2026-04-19,Globex Incorporated,nyc,Gadget X,24,"$2,150.00","$51,600.00",SHIPPED
100435,2026-04-20,Soylent Co,East,Widget Pro,15,"$1,234.50","$18,517.50",pending
100436,2026-04-21,Umbrella Ltd,East,Widget Pro,22,"$1,234.50","$27,159.00",pending
100437,2026-04-22,Soylent Co,East,Widget Pro,8,"$1,234.50","$9,876.00",Shipped
100438,2026-04-23,Hooli,nyc,Widget Pro,4,"$1,234.50","$4,938.00",SHIPPED
100439,2026-04-24,Acme Corp,East,Gizmo Mini,21,$45.00,$945.00,Pending
100440,25/04/2026,Hooli,west,Gizmo Mini,28,$45.00,"$1,260.00",SHIPPED
100441,2026-04-26,Umbrella Ltd,West,Widget Lite,6,$89.99,$539.94,Shipped
100442,2026-04-27,Massive Dynamic,East,Gadget X,28,"$2,150.00","$60,200.00",pending
100443,2026-04-28,Vehement Capital,East,Gadget X,21,"$2,150.00","$45,150.00",pending
100444,2026-03-01,Umbrella Ltd,East,Widget Lite,30,$89.99,"$2,699.70",SHIPPED
100445,2026-03-02,Wayne Enterprises,East,Widget Lite,6,$89.99,$539.94,Pending
100446,2026-03-03,Soylent Co,East,Gizmo Mini,21,$45.00,$945.00,SHIPPED
100447,Mar 4 2026,Umbrella Ltd,NYC,Widget Lite,3,$89.99,$269.97,shipped
100448,2026-03-05,Globex Incorporated,East,Widget Lite,24,$89.99,"$2,159.76",Pending
100449,13/03/2026,Umbrella Ltd,East,Widget Pro,8,"$1,234.50","$9,876.00",Pending
100450,13/03/2026,Umbrella Ltd,East,Gadget X,1,"$2,150.00","$2,150.00",pending
100451,Mar 8 2026,Globex Incorporated,n-y-c,Gadget X,17,"$2,150.00","$36,550.00",Shipped
100452,13/03/2026,Globex Incorporated,West,Gizmo Mini,29,$45.00,"$1,305.00",shipped
100453,13/03/2026,Vehement Capital,NYC,Widget Lite,25,$89.99,"$2,249.75",shipped
100454,13/03/2026,Globex Incorporated,East,Widget Lite,3,$89.99,$269.97,SHIPPED
100455,13/03/2026,,East,Gadget X,26,"$2,150.00","$55,900.00",shipped
100456,2026-03-13,Soylent Co,West,Widget Lite,3,$89.99,$269.97,Shipped
100457,2026-03-14,Vehement Capital,East,Widget Lite,20,$89.99,"$1,799.80",Shipped
100458,Mar 15 2026,Initech,West,Widget Pro,11,"$1,234.50","$13,579.50",Pending
100459,2026-03-16,Hooli,n-y-c,Widget Pro,27,"$1,234.50","$33,331.50",pending
100460,17/03/2026,Stark Industries,West,Gadget X,14,"$2,150.00","$30,100.00",Pending
100461,2026-03-18,Soylent Co,New York,Widget Lite,22,$89.99,"$1,979.78",SHIPPED
100462,19/03/2026,Soylent Co,West,Widget Pro,27,"$1,234.50","$33,331.50",pending
100463,2026-03-20,Acme Corp,West,Widget Lite,18,$89.99,"$1,619.82",pending
100464,2026-03-21,Stark Industries,n-y-c,Gizmo Mini,15,$45.00,$675.00,Pending
100465,2026-03-22,Massive Dynamic,west,Gizmo Mini,16,$45.00,$720.00,Pending
100466,2026-03-23,Umbrella Ltd,n-y-c,Gadget X,25,"$2,150.00","$53,750.00",SHIPPED
100467,2026-03-24,Umbrella Ltd,west,Widget Pro,3,"$1,234.50","$3,703.50",SHIPPED
100468,2026-03-25,Globex Incorporated,west,Gadget X,10,"$2,150.00","$21,500.00",Pending
100469,2026-03-26,Wayne Enterprises,west,Gadget X,26,"$2,150.00","$55,900.00",Shipped
100470,2026-03-27,Umbrella Ltd,East,Widget Lite,27,$89.99,"$2,429.73",SHIPPED
100471,28/03/2026,Initech,East,Widget Lite,27,$89.99,"$2,429.73",pending
100472,2026-04-01,Soylent Co,East,Widget Pro,9,"$1,234.50","$11,110.50",pending
100473,2026-04-02,Vehement Capital,nyc,Widget Pro,27,"$1,234.50","$33,331.50",shipped
100474,2026-04-03,Globex Incorporated,New York,Gadget X,13,"$2,150.00","$27,950.00",Shipped
100475,2026-04-04,Wayne Enterprises,East,Gizmo Mini,10,$45.00,$450.00,shipped
100476,13/04/2026,Vehement Capital,West,Gadget X,21,"$2,150.00","$45,150.00",SHIPPED
100477,13/04/2026,Initech,East,Widget Pro,13,"$1,234.50","$16,048.50",pending
100478,2026-04-07,Globex Incorporated,West,Widget Lite,13,$89.99,"$1,169.87",SHIPPED
100479,2026-04-08,Hooli,East,Gadget X,26,"$2,150.00","$55,900.00",pending
100480,2026-04-09,Hooli,New York,Widget Lite,28,$89.99,"$2,519.72",Pending
100481,2026-04-10,Initech,East,Gizmo Mini,2,$45.00,$90.00,pending
100482,2026-04-11,Wayne Enterprises,west,Gizmo Mini,2,$45.00,$90.00,Shipped
100483,2026-04-12,Wayne Enterprises,West,Widget Lite,10,$89.99,$899.90,pending
100484,2026-04-13,Acme Corp,west,Gizmo Mini,9,$45.00,$405.00,Pending
100485,2026-04-14,Acme Corp,East,Widget Lite,8,$89.99,$719.92,Shipped
100486,2026-04-15,Hooli,East,Gadget X,,"$2,150.00","$36,550.00",Shipped
100487,2026-04-16,Initech,East,Gadget X,20,"$2,150.00","$43,000.00",Pending
100488,17/04/2026,Initech,n-y-c,Gadget X,20,"$2,150.00","$43,000.00",Shipped
100489,2026-04-18,Hooli,n-y-c,Widget Pro,7,"$1,234.50","$8,641.50",pending
100490,Apr 19 2026,Vehement Capital,NYC,Gizmo Mini,7,$45.00,$315.00,Pending
100491,2026-04-20,Umbrella Ltd,west,Widget Pro,,"$1,234.50","$19,752.00",Shipped
100492,2026-04-21,Acme Corp,East,Gizmo Mini,14,$45.00,$630.00,Pending
100493,22/04/2026,Massive Dynamic,East,Widget Lite,12,$89.99,"$1,079.88",pending
100494,2026-04-23,Soylent Co,East,Gadget X,25,"$2,150.00","$53,750.00",shipped
100495,24/04/2026,Soylent Co,East,Widget Pro,23,"$1,234.50","$28,393.50",pending
100496,2026-04-25,Massive Dynamic,East,Gadget X,23,"$2,150.00","$49,450.00",Shipped
100497,Apr 26 2026,Soylent Co,n-y-c,Widget Lite,14,$89.99,"$1,259.86",SHIPPED
100498,27/04/2026,Wayne Enterprises,East,Gadget X,27,"$2,150.00","$58,050.00",pending
100499,2026-04-28,Acme Corp,nyc,Gadget X,10,"$2,150.00","$21,500.00",pending
100500,2026-03-01,Initech,n-y-c,Gadget X,11,"$2,150.00","$23,650.00",SHIPPED
100501,2026-03-02,Stark Industries,west,Gizmo Mini,2,$45.00,$90.00,shipped
100502,2026-03-03,Stark Industries,East,Gizmo Mini,25,$45.00,"$1,125.00",Pending
100503,Mar 4 2026,Stark Industries,New York,Widget Lite,23,$89.99,"$2,069.77",Shipped
100504,2026-03-05,Stark Industries,west,Gadget X,21,"$2,150.00","$45,150.00",Shipped
100505,Mar 6 2026,Acme Corp,west,Widget Lite,12,$89.99,"$1,079.88",pending
100506,Mar 7 2026,Massive Dynamic,n-y-c,Gadget X,17,"$2,150.00","$36,550.00",SHIPPED
100507,2026-03-08,Acme Corp,NYC,Gadget X,14,"$2,150.00","$30,530.00",SHIPPED
100508,13/03/2026,Vehement Capital,East,Gizmo Mini,6,$45.00,$270.00,Pending
100509,2026-03-10,Umbrella Ltd,NYC,Gizmo Mini,4,$45.00,$180.00,pending
100510,2026-03-11,Vehement Capital,West,Gadget X,21,"$2,150.00","$45,150.00",pending
100511,13/03/2026,Initech,New York,Gadget X,28,"$2,150.00","$60,200.00",pending
100512,2026-03-13,Massive Dynamic,East,Gizmo Mini,1,$45.00,$45.00,SHIPPED
100513,14/03/2026,Vehement Capital,East,Widget Lite,4,$89.99,$359.96,shipped
100514,2026-03-15,Stark Industries,West,Widget Lite,,,,shipped
100515,16/03/2026,Massive Dynamic,west,Widget Pro,30,"$1,234.50","$37,035.00",SHIPPED
100516,17/03/2026,Massive Dynamic,East,Gadget X,20,"$2,150.00","$43,000.00",pending
100517,2026-03-18,Umbrella Ltd,West,Widget Pro,1,"$1,234.50","$1,234.50",pending
100518,2026-03-19,Massive Dynamic,west,Widget Pro,22,"$1,234.50","$27,159.00",SHIPPED
100519,2026-03-20,Umbrella Ltd,West,Gadget X,2,"$2,150.00","$4,300.00",Pending
100520,21/03/2026,Initech,West,Gizmo Mini,28,$45.00,"$1,260.00",Shipped
100521,2026-03-22,Umbrella Ltd,East,Gadget X,,,,pending
100522,2026-03-23,Vehement Capital,west,Widget Pro,18,"$1,234.50","$22,221.00",Shipped
100523,2026-03-24,Vehement Capital,East,Widget Pro,21,"$1,234.50","$25,924.50",Shipped
100524,2026-03-25,Vehement Capital,West,Gadget X,23,"$2,150.00","$49,450.00",pending
100525,Mar 26 2026,Massive Dynamic,East,Widget Pro,17,"$1,234.50","$20,986.50",Shipped
100526,27/03/2026,Soylent Co,nyc,Gizmo Mini,23,$45.00,"$1,035.00",pending
100527,28/03/2026,Vehement Capital,nyc,Widget Lite,14,$89.99,"$1,259.86",shipped
100528,13/04/2026,Acme Corp,East,Gadget X,10,"$2,150.00","$21,500.00",pending
100529,2026-04-02,Hooli,West,Widget Pro,1,"$1,234.50","$1,234.50",Shipped
100530,2026-04-03,Soylent Co,East,Widget Lite,24,$89.99,"$2,159.76",Shipped
100531,2026-04-04,Wayne Enterprises,West,Widget Pro,9,"$1,234.50","$11,110.50",pending
100532,13/04/2026,Soylent Co,New York,Widget Pro,12,"$1,234.50","$14,814.00",pending
100533,13/04/2026,Initech,West,Gadget X,21,"$2,150.00","$45,150.00",Pending
100534,2026-04-07,Globex Incorporated,West,Widget Lite,29,$89.99,"$2,609.71",Pending
100535,13/04/2026,Hooli,west,Gizmo Mini,29,$45.00,"$1,305.00",Shipped
100536,2026-04-09,Vehement Capital,East,Gizmo Mini,29,$45.00,"$1,305.00",Pending
100537,2026-04-10,Umbrella Ltd,East,Gadget X,7,"$2,150.00","$15,050.00",Pending
100538,2026-04-11,Umbrella Ltd,west,Gadget X,27,"$2,150.00","$58,050.00",pending
100539,13/04/2026,Globex Incorporated,west,Widget Lite,13,$89.99,"$1,169.87",pending
100540,2026-04-13,Acme Corp,west,Widget Lite,12,$89.99,"$1,079.88",pending
100541,14/04/2026,Soylent Co,NYC,Widget Pro,26,"$1,234.50","$32,097.00",Pending
100542,15/04/2026,Umbrella Ltd,West,Widget Lite,2,$89.99,$179.98,Pending
100543,16/04/2026,Hooli,East,Gizmo Mini,14,$45.00,$630.00,Pending
100544,17/04/2026,Stark Industries,n-y-c,Widget Pro,8,"$1,234.50","$9,876.00",SHIPPED
100545,2026-04-18,Vehement Capital,west,Widget Lite,11,$89.99,$989.89,Shipped
100546,2026-04-19,Massive Dynamic,west,Gadget X,19,"$2,150.00","$40,850.00",pending
100547,Apr 20 2026,Globex Incorporated,n-y-c,Widget Pro,26,"$1,234.50","$32,097.00",shipped
100548,2026-04-21,Stark Industries,west,Widget Lite,20,$89.99,"$1,799.80",Shipped
100549,2026-04-22,Stark Industries,East,Gadget X,9,"$2,150.00","$19,350.00",SHIPPED
100550,2026-04-23,Globex Incorporated,East,Gizmo Mini,23,$45.00,"$1,035.00",Shipped
100551,2026-04-24,Massive Dynamic,west,Gadget X,28,"$2,150.00","$60,200.00",Pending
100552,2026-04-25,Hooli,NYC,Gadget X,19,"$2,150.00","$40,850.00",pending
100553,Apr 26 2026,Umbrella Ltd,west,Gizmo Mini,27,$45.00,"$1,215.00",shipped
100554,Apr 27 2026,Initech,West,Widget Pro,29,"$1,234.50","$35,800.50",Shipped
100555,2026-04-28,Stark Industries,n-y-c,Widget Lite,27,$89.99,"$2,429.73",SHIPPED
100556,2026-03-01,Hooli,East,Gadget X,2,"$2,150.00","$4,300.00",SHIPPED
100557,2026-03-02,Globex Incorporated,n-y-c,Gadget X,12,"$2,150.00","$25,800.00",Shipped
100558,2026-03-03,Stark Industries,west,Gizmo Mini,3,$45.00,$135.00,SHIPPED
100559,2026-03-04,Hooli,West,Widget Lite,14,$89.99,"$1,259.86",pending
100560,13/03/2026,Stark Industries,East,Widget Pro,20,"$1,234.50","$24,690.00",SHIPPED
100561,13/03/2026,Massive Dynamic,west,Widget Lite,2,$89.99,$179.98,SHIPPED
100562,2026-03-07,Hooli,West,Gizmo Mini,12,$45.00,$540.00,pending
100563,2026-03-08,Acme Corp,nyc,Widget Lite,26,$89.99,"$2,339.74",Pending
100564,Mar 9 2026,Soylent Co,West,Widget Lite,1,$89.99,$89.99,pending
100565,2026-03-10,Hooli,East,Gizmo Mini,27,$45.00,"$1,215.00",Pending
100566,13/03/2026,Massive Dynamic,East,Widget Lite,25,$89.99,"$2,249.75",shipped
100567,2026-03-12,Massive Dynamic,West,Gizmo Mini,29,$45.00,"$1,305.00",pending
100568,2026-03-13,Stark Industries,west,Widget Lite,29,$89.99,"$2,609.71",SHIPPED
100569,2026-03-14,Stark Industries,East,Gadget X,10,"$2,150.00","$21,500.00",Shipped
100570,2026-03-15,Wayne Enterprises,West,Widget Lite,29,$89.99,"$2,609.71",Pending
100571,16/03/2026,Umbrella Ltd,west,Gadget X,3,"$2,150.00","$6,450.00",Pending
100572,2026-03-17,Stark Industries,New York,Widget Pro,16,"$1,234.50","$19,752.00",pending
100573,2026-03-18,Stark Industries,East,Gadget X,16,"$2,150.00","$34,400.00",shipped
100574,Mar 19 2026,Hooli,west,Widget Lite,30,$89.99,"$2,699.70",shipped
100575,20/03/2026,Hooli,East,Widget Lite,1,$89.99,$89.99,Shipped
100576,2026-03-21,Acme Corp,East,Widget Lite,22,$89.99,"$1,979.78",Shipped
100577,2026-03-22,Globex Incorporated,New York,Widget Pro,16,"$1,234.50","$19,752.00",SHIPPED
100578,2026-03-23,Initech,west,Widget Pro,24,"$1,234.50","$29,628.00",Shipped
100579,24/03/2026,Massive Dynamic,West,Gadget X,28,"$2,150.00","$60,200.00",pending
100580,25/03/2026,Massive Dynamic,west,Widget Pro,22,"$1,234.50","$27,159.00",SHIPPED
100581,2026-03-26,Massive Dynamic,East,Gadget X,5,"$2,150.00","$10,750.00",pending
100582,2026-03-27,Umbrella Ltd,NYC,Gadget X,25,"$2,150.00","$53,750.00",Shipped
100583,2026-03-28,Hooli,nyc,Widget Lite,1,$89.99,$89.99,pending
100584,2026-04-01,Stark Industries,West,Widget Pro,13,"$1,234.50","$16,048.50",SHIPPED
100585,Apr 2 2026,Initech,west,Widget Pro,26,"$1,234.50","$32,097.00",shipped
100586,2026-04-03,Globex Incorporated,West,Widget Lite,7,$89.99,$629.93,Shipped
100587,2026-04-04,Massive Dynamic,n-y-c,Widget Lite,5,$89.99,$449.95,shipped
100588,2026-04-05,Soylent Co,West,Widget Pro,27,"$1,234.50","$33,331.50",Pending
100589,2026-04-06,Soylent Co,NYC,Widget Lite,7,$89.99,$629.93,shipped
100590,13/04/2026,Hooli,New York,Widget Pro,1,"$1,234.50","$1,234.50",shipped
100591,2026-04-08,Stark Industries,west,Gizmo Mini,26,$45.00,"$1,170.00",Shipped
100592,2026-04-09,Massive Dynamic,New York,Gadget X,20,"$2,150.00","$43,000.00",Shipped
100593,13/04/2026,Massive Dynamic,West,Gadget X,25,"$2,150.00","$53,750.00",Pending
100594,2026-04-11,Hooli,East,Widget Lite,18,$89.99,"$1,619.82",Pending
100595,2026-04-12,Massive Dynamic,west,Widget Lite,14,$89.99,"$1,259.86",pending
100596,2026-04-13,Wayne Enterprises,nyc,Widget Pro,9,"$1,234.50","$11,110.50",shipped
100597,2026-04-14,Stark Industries,East,Gizmo Mini,1,$45.00,$45.00,Pending
100598,2026-04-15,Stark Industries,NYC,Widget Pro,7,"$1,234.50","$8,641.50",pending
100599,2026-04-16,Acme Corp,west,Widget Pro,13,"$1,234.50","$16,048.50",pending
100600,2026-04-17,Initech,East,Gizmo Mini,15,45.00 USD,$675.00,Shipped
100601,2026-04-18,Hooli,West,Gadget X,7,"$2,150.00","$15,050.00",Pending
100602,Apr 19 2026,Umbrella Ltd,west,Gizmo Mini,14,$45.00,$630.00,Shipped
100603,2026-04-20,Umbrella Ltd,west,Gizmo Mini,18,$45.00,$810.00,pending
100604,21/04/2026,Stark Industries,west,Gadget X,23,"$2,150.00","$49,450.00",pending
100605,2026-04-22,Massive Dynamic,East,Gizmo Mini,17,$45.00,$765.00,SHIPPED
100606,2026-04-23,Umbrella Ltd,West,Widget Pro,29,"$1,234.50","$35,800.50",Pending
100607,2026-04-24,Initech,west,Widget Pro,17,"$1,234.50","$20,986.50",Pending
100608,Apr 25 2026,Massive Dynamic,nyc,Widget Pro,28,"$1,234.50","$34,566.00",shipped
100609,Apr 26 2026,Stark Industries,nyc,Gadget X,1,"$2,150.00","$2,150.00",pending
100610,27/04/2026,Umbrella Ltd,East,Gizmo Mini,29,$45.00,"$1,305.00",Pending
100611,2026-04-28,Wayne Enterprises,n-y-c,Widget Lite,7,$89.99,$629.93,pending
100612,Mar 1 2026,Acme Corp,west,Widget Pro,4,"$1,234.50","$4,938.00",shipped
100613,13/03/2026,Soylent Co,West,Widget Lite,19,$89.99,"$1,709.81",pending
100614,Mar 3 2026,Stark Industries,East,Widget Lite,26,$89.99,"$2,339.74",shipped
100615,2026-03-04,Initech,west,Gizmo Mini,22,$45.00,$990.00,SHIPPED
100616,13/03/2026,Umbrella Ltd,west,Widget Lite,5,$89.99,$449.95,Pending
100617,2026-03-06,Soylent Co,West,Gizmo Mini,8,$45.00,$360.00,shipped
100618,13/03/2026,Soylent Co,East,Widget Lite,10,$89.99,$899.90,pending
100619,13/03/2026,Massive Dynamic,West,Widget Pro,8,"$1,234.50","$9,876.00",Shipped
100620,2026-03-09,Globex Incorporated,n-y-c,Gadget X,26,"$2,150.00","$55,900.00",pending
100621,2026-03-10,Wayne Enterprises,East,Gadget X,18,"$2,150.00","$38,700.00",shipped
100622,2026-03-11,Stark Industries,west,Widget Pro,21,"$1,234.50","$25,924.50",Shipped
100623,13/03/2026,Wayne Enterprises,NYC,Widget Lite,22,$89.99,"$1,979.78",Shipped
100624,2026-03-13,Hooli,East,Widget Lite,15,$89.99,"$1,349.85",SHIPPED
100625,2026-03-14,Soylent Co,East,Widget Pro,26,"$1,234.50","$32,097.00",Pending
100626,2026-03-15,Acme Corp,nyc,Widget Pro,1,"$1,234.50","$1,234.50",Shipped
100627,2026-03-16,Wayne Enterprises,East,Widget Pro,22,"$1,234.50","$27,159.00",pending
100628,17/03/2026,Acme Corp,west,Widget Lite,13,$89.99,"$1,169.87",SHIPPED
100629,Mar 18 2026,Initech,West,Gizmo Mini,,,,pending
100630,2026-03-19,Vehement Capital,West,Widget Lite,18,$89.99,"$1,619.82",pending
100631,20/03/2026,Initech,west,Gadget X,7,"$2,150.00","$15,050.00",Pending
100632,2026-03-21,Massive Dynamic,NYC,Gadget X,25,"$2,150.00","$53,750.00",SHIPPED
100633,2026-03-22,Globex Incorporated,East,Widget Pro,6,"$1,234.50","$7,407.00",shipped
100634,23/03/2026,Wayne Enterprises,East,Widget Pro,24,"$1,234.50","$29,628.00",SHIPPED
100635,2026-03-24,Initech,East,Widget Pro,12,"$1,234.50","$14,814.00",pending
100636,25/03/2026,Soylent Co,East,Gizmo Mini,5,$45.00,$225.00,Shipped
100637,2026-03-26,Soylent Co,west,Gizmo Mini,14,$45.00,$630.00,pending
100638,27/03/2026,Globex Incorporated,West,Gizmo Mini,12,$45.00,$540.00,pending
100639,2026-03-28,Vehement Capital,East,Gizmo Mini,1,$45.00,$45.00,Shipped
100640,13/04/2026,Umbrella Ltd,East,Widget Lite,10,$89.99,$899.90,SHIPPED
100641,Apr 2 2026,Wayne Enterprises,West,Gizmo Mini,1,$45.00,$45.00,Pending
100642,Apr 3 2026,Vehement Capital,n-y-c,Widget Lite,26,$89.99,"$2,339.74",Pending
100643,2026-04-04,Soylent Co,nyc,Widget Pro,8,"$1,234.50","$9,876.00",shipped
100644,Apr 5 2026,Massive Dynamic,East,Widget Pro,1,"$1,234.50","$1,234.50",shipped
100645,Apr 6 2026,Vehement Capital,West,Gizmo Mini,17,$45.00,$765.00,Shipped
100646,2026-04-07,Vehement Capital,East,Widget Pro,30,"$1,234.50","$37,035.00",Pending
100647,2026-04-08,Globex Incorporated,West,Gadget X,12,"$2,150.00","$25,800.00",SHIPPED
100648,2026-04-09,Stark Industries,nyc,Widget Pro,16,"$1,234.50","$19,752.00",shipped
100649,2026-04-10,Stark Industries,East,Gizmo Mini,8,$45.00,$360.00,Shipped
100650,2026-04-11,Soylent Co,East,Widget Lite,17,$89.99,"$1,529.83",SHIPPED
100651,2026-04-12,Umbrella Ltd,East,Widget Lite,23,$89.99,"$2,069.77",shipped
100652,2026-04-13,Acme Corp,west,Widget Pro,20,"$1,234.50","$24,690.00",shipped
100653,2026-04-14,Vehement Capital,East,Gizmo Mini,19,$45.00,$855.00,shipped
100654,Apr 15 2026,Wayne Enterprises,New York,Gizmo Mini,13,$45.00,$585.00,pending
100655,2026-04-16,Stark Industries,East,Widget Lite,28,$89.99,"$2,519.72",Shipped
100656,2026-04-17,Massive Dynamic,West,Gizmo Mini,29,$45.00,"$1,305.00",SHIPPED
100657,2026-04-18,Vehement Capital,East,Gadget X,20,"$2,150.00","$43,000.00",SHIPPED
100658,2026-04-19,Hooli,West,Gizmo Mini,8,$45.00,$360.00,SHIPPED
100659,20/04/2026,Vehement Capital,n-y-c,Widget Pro,16,"$1,234.50","$19,752.00",Shipped
100660,2026-04-21,Acme Corp,West,Widget Pro,24,"$1,234.50","$29,628.00",SHIPPED
100661,22/04/2026,Initech,West,Gizmo Mini,14,$45.00,$630.00,Pending
100662,2026-04-23,Wayne Enterprises,west,Widget Lite,29,$89.99,"$2,609.71",Shipped
100663,24/04/2026,Soylent Co,East,Widget Pro,2,"$1,234.50","$2,469.00",Pending
100664,25/04/2026,Soylent Co,west,Widget Lite,8,$89.99,$719.92,shipped
100665,26/04/2026,Soylent Co,East,Widget Pro,21,"$1,234.50","$25,924.50",pending
100666,2026-04-27,Vehement Capital,East,Widget Pro,26,"$1,234.50","$32,097.00",pending
100667,28/04/2026,Massive Dynamic,NYC,Gadget X,29,"$2,150.00","$62,350.00",SHIPPED
100668,2026-03-01,Stark Industries,NYC,Widget Lite,8,$89.99,$719.92,Pending
100669,2026-03-02,Initech,East,Widget Lite,7,$89.99,$629.93,Pending
100670,2026-03-03,Umbrella Ltd,East,Gadget X,21,"$2,150.00","$45,150.00",shipped
100671,2026-03-04,Vehement Capital,East,Gizmo Mini,20,$45.00,$900.00,shipped
100672,2026-03-05,Umbrella Ltd,West,Gadget X,29,"$2,150.00","$62,350.00",SHIPPED
100673,2026-03-06,Hooli,west,Gadget X,26,"$2,150.00","$55,900.00",SHIPPED
100674,2026-03-07,Umbrella Ltd,East,Widget Lite,27,$89.99,"$2,429.73",Pending
100675,2026-03-08,Globex Incorporated,New York,Widget Lite,16,$89.99,"$1,439.84",Pending
100676,2026-03-09,Hooli,East,Gizmo Mini,8,$45.00,$360.00,Shipped
100677,2026-03-10,Globex Incorporated,West,Widget Pro,10,"$1,234.50","$12,345.00",pending
100678,2026-03-11,Globex Incorporated,west,Gizmo Mini,12,$45.00,$540.00,SHIPPED
100679,2026-03-12,Massive Dynamic,East,Gadget X,28,"$2,150.00","$60,200.00",SHIPPED
100680,2026-03-13,Massive Dynamic,East,Gadget X,3,"$2,150.00","$6,450.00",Shipped
100681,14/03/2026,Initech,New York,Gadget X,11,"$2,150.00","$23,650.00",pending
100682,2026-03-15,Massive Dynamic,west,Gadget X,25,"$2,150.00","$53,750.00",Pending
100683,2026-03-16,Stark Industries,East,Gadget X,25,"$2,150.00","$53,750.00",pending
100684,2026-03-17,Soylent Co,west,Gadget X,13,"$2,150.00","$27,950.00",SHIPPED
100685,2026-03-18,Massive Dynamic,West,Gizmo Mini,23,$45.00,"$1,035.00",shipped
100686,19/03/2026,Wayne Enterprises,East,Gadget X,20,"$2,150.00","$43,000.00",shipped
100687,2026-03-20,Hooli,west,Gizmo Mini,2,$45.00,$90.00,SHIPPED
100688,2026-03-21,Soylent Co,west,Gizmo Mini,,$45.00,$450.00,Shipped
100689,22/03/2026,Massive Dynamic,west,Gizmo Mini,7,$45.00,$315.00,shipped
100690,2026-03-23,Acme Corp,East,Widget Lite,4,$89.99,$359.96,pending
100691,24/03/2026,Acme Corp,nyc,Widget Pro,16,"$1,234.50","$19,752.00",shipped
100692,25/03/2026,Stark Industries,west,Widget Lite,11,$89.99,$989.89,Pending
100693,2026-03-26,Soylent Co,West,Gizmo Mini,4,$45.00,$180.00,pending
100694,2026-03-27,Initech,West,Gizmo Mini,24,$45.00,"$1,080.00",SHIPPED
100695,2026-03-28,Massive Dynamic,west,Widget Lite,27,$89.99,"$2,429.73",Pending
100696,2026-04-01,Soylent Co,west,Widget Lite,4,$89.99,$359.96,Shipped
100697,13/04/2026,Umbrella Ltd,n-y-c,Widget Lite,7,$89.99,$629.93,Pending
100698,2026-04-03,Umbrella Ltd,NYC,Widget Lite,25,$89.99,"$2,249.75",shipped
100699,2026-04-04,Globex Incorporated,nyc,Widget Pro,6,"$1,234.50","$7,407.00",SHIPPED
100700,2026-04-05,Vehement Capital,nyc,Gizmo Mini,2,$45.00,$90.00,Shipped
100701,2026-04-06,Initech,NYC,Gizmo Mini,10,$45.00,$450.00,pending
100702,2026-04-07,Acme Corp,nyc,Widget Lite,14,$89.99,"$1,259.86",Shipped
100703,2026-04-08,Vehement Capital,West,Gizmo Mini,15,$45.00,$675.00,SHIPPED
100704,2026-04-09,Vehement Capital,East,Widget Lite,23,$89.99,"$2,069.77",shipped
100705,13/04/2026,Globex Incorporated,East,Widget Pro,23,"$1,234.50","$28,393.50",Shipped
100706,2026-04-11,Vehement Capital,West,Gadget X,20,"$2,150.00","$43,000.00",SHIPPED
100707,2026-04-12,Wayne Enterprises,west,Gadget X,24,"$2,150.00","$51,600.00",pending
100708,2026-04-13,Massive Dynamic,East,Widget Lite,16,$89.99,"$1,439.84",pending
100709,2026-04-14,Acme Corp,n-y-c,Gizmo Mini,27,$45.00,"$1,215.00",Shipped
100710,2026-04-15,Vehement Capital,New York,Gizmo Mini,3,$45.00,$135.00,Shipped
100711,2026-04-16,Wayne Enterprises,New York,Gadget X,24,"$2,150.00","$51,600.00",SHIPPED
100712,17/04/2026,Initech,west,Widget Lite,2,$89.99,$179.98,shipped
100713,2026-04-18,Umbrella Ltd,n-y-c,Gizmo Mini,8,$45.00,$360.00,Shipped
100714,2026-04-19,Stark Industries,New York,Widget Lite,5,$89.99,$449.95,Shipped
100715,2026-04-20,Vehement Capital,East,Widget Lite,10,$89.99,$899.90,Pending
100716,2026-04-21,Acme Corp,East,Widget Lite,12,$89.99,"$1,079.88",pending
100717,2026-04-22,Umbrella Ltd,West,Gizmo Mini,23,$45.00,"$1,035.00",Pending
100718,23/04/2026,Wayne Enterprises,East,Gizmo Mini,4,$45.00,$180.00,SHIPPED
100719,2026-04-24,Stark Industries,nyc,Widget Lite,14,$89.99,"$1,259.86",SHIPPED
100720,25/04/2026,Umbrella Ltd,East,Gizmo Mini,9,$45.00,$405.00,Pending
100721,26/04/2026,Vehement Capital,New York,Gizmo Mini,11,$45.00,$495.00,SHIPPED
100722,2026-04-27,Massive Dynamic,West,Gadget X,21,"$2,150.00","$45,150.00",Pending
100723,2026-04-28,Massive Dynamic,New York,Widget Lite,5,$89.99,$449.95,pending
100724,2026-03-01,Soylent Co,NYC,Gadget X,13,"$2,150.00","$27,950.00",pending
100725,2026-03-02,Stark Industries,East,Gadget X,8,"$2,150.00","$17,400.00",Shipped
100726,Mar 3 2026,Umbrella Ltd,West,Gadget X,9,"$2,150.00","$19,350.00",shipped
100727,2026-03-04,Vehement Capital,NYC,Widget Pro,11,"$1,234.50","$13,579.50",pending
100728,2026-03-05,Massive Dynamic,nyc,Gizmo Mini,13,$45.00,$585.00,pending
100729,2026-03-06,Stark Industries,East,Gizmo Mini,26,$45.00,"$1,170.00",pending
100730,2026-03-07,Umbrella Ltd,East,Gizmo Mini,14,$45.00,$630.00,Pending
100731,2026-03-08,Acme Corp,East,Widget Lite,9,$89.99,$809.91,Shipped
100732,13/03/2026,Massive Dynamic,West,Widget Pro,6,"$1,234.50","$7,407.00",Pending
100733,2026-03-10,Acme Corp,East,Widget Pro,11,"$1,234.50","$13,579.50",SHIPPED
100734,2026-03-11,Wayne Enterprises,East,Widget Lite,26,$89.99,"$2,339.74",shipped
100735,2026-03-12,Soylent Co,East,Widget Pro,17,"$1,234.50","$20,986.50",shipped
100736,2026-03-13,Massive Dynamic,West,Gadget X,25,"$2,150.00","$53,750.00",shipped
100737,Mar 14 2026,Massive Dynamic,East,Gadget X,19,"$2,150.00","$40,850.00",SHIPPED
100738,Mar 15 2026,Wayne Enterprises,NYC,Gadget X,23,"$2,150.00","$49,450.00",pending
100739,Mar 16 2026,Acme Corp,West,Widget Lite,5,$89.99,$449.95,Pending
100740,2026-03-17,Initech,East,Gadget X,19,"2,150.00 USD","$40,850.00",pending
100741,2026-03-18,Acme Corp,west,Gadget X,16,"$2,150.00","$34,400.00",Pending
100742,2026-03-19,Massive Dynamic,West,Gizmo Mini,15,$45.00,$675.00,shipped
100743,2026-03-20,Umbrella Ltd,East,Gizmo Mini,8,$45.00,$360.00,Pending
100743,2026-03-20,Umbrella Ltd,East,Gizmo Mini,8,$45.00,$360.00,Pending
100744,22/03/2026,Vehement Capital,East,Widget Pro,26,"$1,234.50","$32,097.00",pending
100745,2026-03-23,Umbrella Ltd,NYC,Gizmo Mini,14,$45.00,$630.00,shipped
100746,2026-03-24,Umbrella Ltd,East,Widget Lite,23,$89.99,"$2,069.77",shipped
100747,Mar 25 2026,Massive Dynamic,NYC,Gadget X,23,"$2,150.00","$49,450.00",Pending
100748,2026-03-26,Massive Dynamic,East,Widget Lite,11,$89.99,$989.89,shipped
100749,2026-03-27,Acme Corp,west,Widget Lite,22,89.99 USD,"$1,979.78",SHIPPED
100750,Mar 28 2026,Soylent Co,West,Gadget X,18,"$2,150.00","$38,700.00",SHIPPED
100751,2026-04-01,Soylent Co,East,Widget Lite,13,$89.99,"$1,169.87",Pending
100752,2026-04-02,Hooli,nyc,Widget Pro,27,"$1,234.50","$33,331.50",Shipped
100753,13/04/2026,Initech,nyc,Widget Pro,19,"$1,234.50","$23,455.50",Pending
100754,2026-04-04,Initech,East,Gadget X,8,"$2,150.00","$17,200.00",Pending
100755,13/04/2026,Acme Corp,East,Widget Pro,23,"$1,234.50","$28,393.50",pending
100756,Apr 6 2026,Initech,west,Widget Pro,15,"$1,234.50","$18,517.50",Pending
100756,Apr 6 2026,Initech,west,Widget Pro,15,"$1,234.50","$18,517.50",Pending
100757,13/04/2026,Hooli,New York,Gadget X,7,"$2,150.00","$15,050.00",SHIPPED
100758,2026-04-09,Wayne Enterprises,NYC,Gizmo Mini,22,$45.00,$990.00,pending
100759,13/04/2026,Initech,West,Widget Pro,20,"$1,234.50","$24,690.00",pending
100760,2026-04-11,Wayne Enterprises,East,Widget Lite,30,$89.99,"$2,699.70",pending
100761,2026-04-12,Globex Incorporated,west,Gizmo Mini,9,$45.00,$405.00,SHIPPED
100762,13/04/2026,Massive Dynamic,East,Widget Lite,17,$89.99,"$1,529.83",Shipped
100763,14/04/2026,Initech,East,Widget Lite,25,$89.99,"$2,249.75",Pending
100764,2026-04-15,Acme Corp,west,Gizmo Mini,27,$45.00,"$1,215.00",Pending
100765,2026-04-16,Globex Incorporated,NYC,Widget Lite,11,$89.99,$989.89,shipped
100766,2026-04-17,Hooli,East,Gadget X,11,"$2,150.00","$23,650.00",shipped
100767,2026-04-18,Globex Incorporated,East,Widget Lite,19,$89.99,"$1,709.81",Pending
100768,2026-04-19,Initech,West,Gizmo Mini,7,$45.00,$315.00,shipped
100769,2026-04-20,Massive Dynamic,n-y-c,Gadget X,3,"$2,150.00","$6,450.00",pending
100770,2026-04-21,Massive Dynamic,East,Widget Lite,22,$89.99,"$1,979.78",shipped
100771,2026-04-22,Massive Dynamic,west,Gizmo Mini,15,$45.00,$675.00,Shipped
100772,2026-04-23,Wayne Enterprises,East,Gizmo Mini,30,$45.00,"$1,350.00",Shipped
100773,24/04/2026,Globex Incorporated,west,Widget Lite,7,$89.99,$629.93,pending
100774,2026-04-25,Acme Corp,East,Gizmo Mini,8,$45.00,$360.00,SHIPPED
100775,2026-04-26,Vehement Capital,west,Gadget X,16,"$2,150.00","$34,400.00",Pending
100776,2026-04-27,Initech,West,Widget Lite,28,$89.99,"$2,519.72",pending
100777,2026-04-28,Initech,n-y-c,Widget Lite,4,$89.99,$359.96,pending
100778,2026-03-01,Vehement Capital,East,Gizmo Mini,28,$45.00,"$1,260.00",pending
100779,2026-03-02,Initech,west,Widget Lite,29,$89.99,"$2,609.71",Pending
100780,2026-03-03,Vehement Capital,East,Gizmo Mini,1,$45.00,$45.00,shipped
100781,2026-03-04,Acme Corp,nyc,Widget Lite,18,$89.99,"$1,619.82",pending
100782,2026-03-05,Vehement Capital,East,Widget Lite,1,$89.99,$89.99,Pending
100783,2026-03-06,Stark Industries,West,Gizmo Mini,7,$45.00,$165.00,SHIPPED
100784,2026-03-07,Umbrella Ltd,nyc,Widget Pro,6,"$1,234.50","$7,407.00",pending
100785,2026-03-08,Initech,New York,Gizmo Mini,11,$45.00,$495.00,Shipped
100786,2026-03-09,Stark Industries,East,Gizmo Mini,19,$45.00,$855.00,Pending
100787,13/03/2026,Stark Industries,west,Widget Pro,13,"$1,234.50","$16,048.50",shipped
100788,2026-03-11,Globex Incorporated,west,Gizmo Mini,29,$45.00,"$1,305.00",Shipped
100789,2026-03-12,Initech,East,Gizmo Mini,19,$45.00,$855.00,Shipped
100790,2026-03-13,Vehement Capital,East,Widget Pro,10,"1,234.50 USD","$12,345.00",shipped
100791,Mar 14 2026,Wayne Enterprises,New York,Widget Pro,20,"$1,234.50","$24,690.00",Pending
100792,2026-03-15,Acme Corp,West,Widget Lite,16,$89.99,"$1,439.84",shipped
100793,2026-03-16,Initech,West,Gizmo Mini,28,$45.00,"$1,260.00",Shipped
100794,17/03/2026,Massive Dynamic,East,Gadget X,29,"$2,150.00","$62,350.00",SHIPPED
100795,2026-03-18,Globex Incorporated,West,Widget Lite,6,$89.99,$539.94,SHIPPED
100796,2026-03-19,Soylent Co,nyc,Widget Lite,8,$89.99,$719.92,pending
100797,2026-03-20,Initech,nyc,Widget Pro,5,"$1,234.50","$6,172.50",shipped
100798,2026-03-21,Massive Dynamic,East,Widget Pro,28,"$1,234.50","$34,566.00",Pending
100799,2026-03-22,Massive Dynamic,nyc,Gadget X,15,"$2,150.00","$32,250.00",pending
100800,2026-03-23,Stark Industries,nyc,Widget Pro,8,"$1,234.50","$9,876.00",Pending
100801,2026-03-24,Acme Corp,west,Widget Lite,23,$89.99,"$2,069.77",Shipped
100802,2026-03-25,Initech,West,Gadget X,5,"$2,150.00","$10,750.00",SHIPPED
100803,2026-03-26,Wayne Enterprises,nyc,Gadget X,5,"$2,150.00","$10,750.00",shipped
100804,Mar 27 2026,Soylent Co,New York,Widget Lite,9,$89.99,$809.91,pending
100805,2026-03-28,Globex Incorporated,west,Gizmo Mini,6,$45.00,$270.00,SHIPPED
100806,2026-04-01,Umbrella Ltd,East,Gadget X,8,"$2,150.00","$17,200.00",SHIPPED
100807,2026-04-02,Acme Corp,East,Widget Lite,25,$89.99,"$2,249.75",pending
100808,2026-04-03,Globex Incorporated,West,Gadget X,21,"$2,150.00","$45,150.00",SHIPPED
100809,2026-04-04,Hooli,East,Gadget X,24,"$2,150.00","$51,600.00",Pending
100810,13/04/2026,Umbrella Ltd,East,Gadget X,7,"$2,150.00","$15,050.00",pending
100811,2026-04-06,Globex Incorporated,west,Gadget X,4,"$2,150.00","$8,600.00",Pending
100812,2026-04-07,Globex Incorporated,East,Gadget X,15,"$2,150.00","$32,250.00",SHIPPED
100813,2026-04-08,Soylent Co,west,Widget Lite,21,$89.99,"$1,889.79",Pending
100814,2026-04-09,Initech,west,Widget Pro,6,"$1,234.50","$7,407.00",shipped
100815,2026-04-10,Massive Dynamic,East,Widget Lite,22,$89.99,"$1,979.78",pending
100816,13/04/2026,Globex Incorporated,n-y-c,Widget Pro,11,"$1,234.50","$13,579.50",pending
100817,2026-04-12,Massive Dynamic,New York,Gizmo Mini,5,$45.00,$225.00,Pending
100818,2026-04-13,Stark Industries,East,Widget Pro,26,"$1,234.50","$32,097.00",SHIPPED
100819,14/04/2026,Wayne Enterprises,East,Gadget X,2,"$2,150.00","$4,300.00",SHIPPED
100820,2026-04-15,Acme Corp,nyc,Widget Lite,17,$89.99,"$1,529.83",pending
100821,2026-04-16,Acme Corp,n-y-c,Widget Pro,13,"$1,234.50","$16,048.50",SHIPPED
100822,2026-04-17,Hooli,East,Widget Pro,14,"$1,234.50","$17,283.00",Pending
100823,2026-04-18,Acme Corp,West,Widget Lite,9,$89.99,$809.91,SHIPPED
100824,19/04/2026,Umbrella Ltd,East,Gizmo Mini,27,$45.00,"$1,215.00",SHIPPED
100825,2026-04-20,Wayne Enterprises,nyc,Gizmo Mini,20,$45.00,$900.00,Shipped
100826,2026-04-21,Umbrella Ltd,n-y-c,Widget Lite,21,$89.99,"$1,889.79",Pending
100827,22/04/2026,Globex Incorporated,East,Widget Pro,13,"$1,234.50","$16,048.50",SHIPPED
100828,2026-04-23,Hooli,nyc,Gadget X,3,"$2,150.00","$6,450.00",SHIPPED
100829,Apr 24 2026,Vehement Capital,East,Widget Lite,9,$89.99,$809.91,Pending
100830,2026-04-25,Initech,East,Widget Pro,18,"$1,234.50","$22,221.00",pending
100831,Apr 26 2026,Globex Incorporated,West,Widget Lite,19,$89.99,"$1,709.81",SHIPPED
100832,Apr 27 2026,Hooli,West,Gadget X,4,"$2,150.00","$8,600.00",Pending
100833,2026-04-28,Vehement Capital,west,Widget Pro,17,"$1,234.50","$20,986.50",Pending
100834,2026-03-01,Umbrella Ltd,NYC,Widget Lite,20,$89.99,"$1,799.80",Shipped
100835,2026-03-02,Stark Industries,East,Gizmo Mini,13,$45.00,$585.00,pending
100836,Mar 3 2026,Umbrella Ltd,East,Widget Pro,29,"$1,234.50","$35,800.50",pending
100837,2026-03-04,Umbrella Ltd,New York,Gadget X,27,"$2,150.00","$58,050.00",Pending
100838,2026-03-05,Globex Incorporated,East,Widget Lite,8,$89.99,$719.92,pending
100839,2026-03-06,Umbrella Ltd,n-y-c,Widget Lite,29,$89.99,"$2,609.71",Pending
100840,Mar 7 2026,Globex Incorporated,West,Widget Lite,27,$89.99,"$2,429.73",pending
100841,Mar 8 2026,Wayne Enterprises,nyc,Widget Pro,12,"$1,234.50","$14,814.00",Pending
100842,2026-03-09,Massive Dynamic,west,Gadget X,27,"$2,150.00","$58,050.00",shipped
100843,13/03/2026,Stark Industries,n-y-c,Widget Pro,7,"$1,234.50","$8,641.50",SHIPPED
100844,2026-03-11,Globex Incorporated,East,Widget Lite,27,$89.99,"$2,429.73",Pending
100845,Mar 12 2026,Hooli,NYC,Gadget X,8,"$2,150.00","$17,200.00",pending
100846,2026-03-13,Massive Dynamic,East,Gadget X,27,"$2,150.00","$58,050.00",shipped
100847,2026-03-14,Wayne Enterprises,East,Widget Pro,6,"$1,234.50","$7,407.00",SHIPPED
100848,2026-03-15,Hooli,West,Widget Pro,2,"$1,234.50","$2,469.00",Pending
100849,2026-03-16,Umbrella Ltd,West,Gadget X,26,"$2,150.00","$55,900.00",Pending
100850,2026-03-17,Globex Incorporated,New York,Gadget X,9,"$2,150.00","$19,350.00",Pending
100851,2026-03-18,Massive Dynamic,New York,Gizmo Mini,7,$45.00,$315.00,Shipped
100852,2026-03-19,Initech,West,Widget Pro,25,"$1,234.50","$30,862.50",SHIPPED
100853,2026-03-20,Soylent Co,East,Gadget X,3,"$2,150.00","$6,450.00",shipped
100854,2026-03-21,Globex Incorporated,East,Widget Pro,15,"$1,234.50","$18,517.50",Shipped
100855,2026-03-22,Acme Corp,n-y-c,Gizmo Mini,12,$45.00,$540.00,Pending
100856,2026-03-23,Massive Dynamic,NYC,Widget Lite,7,$89.99,$629.93,pending
100857,2026-03-24,Globex Incorporated,West,Gizmo Mini,25,$45.00,"$1,125.00",SHIPPED
100858,2026-03-25,Vehement Capital,East,Widget Lite,1,$89.99,$89.99,pending
100859,2026-03-26,Globex Incorporated,west,Widget Pro,26,"$1,234.50","$32,097.00",SHIPPED
100860,2026-03-27,Wayne Enterprises,East,Gadget X,3,"$2,150.00","$6,450.00",Shipped
100861,Mar 28 2026,Acme Corp,East,Gizmo Mini,14,$45.00,$630.00,pending
100862,2026-04-01,Globex Incorporated,West,Gadget X,19,"$2,150.00","$40,850.00",Pending
100863,2026-04-02,Wayne Enterprises,West,Widget Lite,29,$89.99,"$2,609.71",Pending
100864,2026-04-03,Vehement Capital,East,Gadget X,3,"$2,150.00","$6,450.00",shipped
100865,2026-04-04,Hooli,west,Widget Pro,2,"$1,234.50","$2,469.00",SHIPPED
100866,13/04/2026,Massive Dynamic,NYC,Gizmo Mini,25,$45.00,"$1,125.00",shipped
100867,13/04/2026,Wayne Enterprises,west,Widget Pro,20,"$1,234.50","$24,690.00",pending
100868,Apr 7 2026,Hooli,New York,Widget Lite,30,$89.99,"$2,699.70",Pending
100869,13/04/2026,Initech,NYC,Widget Pro,28,"$1,234.50","$34,566.00",shipped
100870,2026-04-09,Wayne Enterprises,East,Widget Lite,9,$89.99,$809.91,Pending
100871,2026-04-10,Globex Incorporated,NYC,Gadget X,30,"$2,150.00","$64,500.00",pending
100872,Apr 11 2026,Vehement Capital,East,Widget Pro,25,"$1,234.50","$30,862.50",pending
100873,2026-04-12,Acme Corp,West,Widget Lite,6,$89.99,$539.94,Shipped
100874,2026-04-13,Umbrella Ltd,west,Widget Pro,2,"$1,234.50","$2,469.00",Pending
100875,2026-04-14,Hooli,East,Widget Pro,1,"$1,234.50","$1,234.50",Shipped
100876,2026-04-15,Wayne Enterprises,East,Gizmo Mini,1,$45.00,$45.00,SHIPPED
100877,2026-04-16,Wayne Enterprises,west,Gizmo Mini,1,$45.00,$45.00,Shipped
100878,Apr 17 2026,Massive Dynamic,West,Widget Lite,30,$89.99,"$2,699.70",Pending
100879,2026-04-18,Globex Incorporated,East,Gadget X,11,"$2,150.00","$23,650.00",Pending
100880,2026-04-19,Hooli,n-y-c,Gadget X,15,"$2,150.00","$32,250.00",pending
100881,2026-04-20,Massive Dynamic,nyc,Gadget X,16,"$2,150.00","$34,400.00",Pending
100882,21/04/2026,Hooli,New York,Gadget X,20,"$2,150.00","$43,000.00",Pending
100883,2026-04-22,Initech,New York,Gadget X,19,"$2,150.00","$40,850.00",SHIPPED
100884,2026-04-23,Umbrella Ltd,West,Widget Lite,23,$89.99,"$2,069.77",SHIPPED
100885,2026-04-24,Massive Dynamic,nyc,Gadget X,21,"$2,150.00","$45,150.00",pending
100886,2026-04-25,Hooli,East,Gizmo Mini,11,$45.00,$495.00,pending
100887,2026-04-26,Wayne Enterprises,nyc,Widget Lite,26,$89.99,"$2,339.74",SHIPPED
100888,2026-04-27,Umbrella Ltd,n-y-c,Widget Pro,10,"$1,234.50","$12,345.00",shipped
100889,28/04/2026,Globex Incorporated,West,Gizmo Mini,3,$45.00,$135.00,Shipped
100890,Mar 1 2026,Wayne Enterprises,East,Gadget X,19,"$2,150.00","$40,850.00",pending
100891,2026-03-02,Stark Industries,west,Widget Pro,3,"$1,234.50","$3,703.50",SHIPPED
100892,2026-03-03,Initech,East,Widget Pro,1,"$1,234.50","$1,234.50",SHIPPED
100893,2026-03-04,Hooli,NYC,Widget Lite,18,$89.99,"$1,619.82",Pending
100894,13/03/2026,Wayne Enterprises,West,Gadget X,24,"$2,150.00","$51,600.00",Pending
100895,2026-03-06,Stark Industries,East,Widget Pro,21,"$1,234.50","$25,924.50",Pending
100896,2026-03-07,Globex Incorporated,East,Gizmo Mini,12,$45.00,$540.00,Pending
100897,2026-03-08,Umbrella Ltd,East,Gadget X,30,"$2,150.00","$64,500.00",shipped
100898,13/03/2026,Acme Corp,East,Gadget X,24,"$2,150.00","$51,600.00",Pending
100899,2026-03-10,Wayne Enterprises,West,Widget Pro,12,"$1,234.50","$14,814.00",Pending
100900,13/03/2026,Hooli,New York,Gadget X,16,"$2,150.00","$34,400.00",shipped
100901,Mar 12 2026,Massive Dynamic,East,Gadget X,8,"$2,150.00","$17,200.00",pending
100902,2026-03-13,Massive Dynamic,East,Gizmo Mini,24,$45.00,"$1,080.00",Pending
100903,2026-03-14,Vehement Capital,West,Gadget X,21,"$2,150.00","$45,150.00",shipped
100904,15/03/2026,Acme Corp,East,Widget Lite,25,$89.99,"$2,249.75",SHIPPED
100905,2026-03-16,Initech,west,Widget Pro,30,"$1,234.50","$37,035.00",pending
100906,2026-03-17,Umbrella Ltd,west,Gizmo Mini,22,$45.00,$990.00,Pending
100907,2026-03-18,Wayne Enterprises,West,Gadget X,26,"$2,150.00","$55,900.00",pending
100908,2026-03-19,Globex Incorporated,west,Gadget X,23,"$2,150.00","$49,450.00",Shipped
100909,2026-03-20,Vehement Capital,west,Widget Lite,2,$89.99,$179.98,SHIPPED
100910,2026-03-21,Umbrella Ltd,nyc,Gizmo Mini,10,$45.00,$450.00,shipped
100911,2026-03-22,Hooli,west,Gizmo Mini,3,$45.00,$135.00,Shipped
100912,2026-03-23,Globex Incorporated,nyc,Gadget X,18,"$2,150.00","$38,700.00",shipped
100913,Mar 24 2026,Hooli,nyc,Widget Pro,1,"$1,234.50","$1,234.50",pending
100914,2026-03-25,Umbrella Ltd,New York,Widget Pro,27,"$1,234.50","$33,331.50",shipped
100915,2026-03-26,Globex Incorporated,East,Widget Lite,13,$89.99,"$1,169.87",Pending
100916,2026-03-27,Hooli,East,Gadget X,17,"$2,150.00","$36,550.00",pending
100917,2026-03-28,Stark Industries,n-y-c,Widget Pro,1,"$1,234.50","$1,234.50",pending
100918,13/04/2026,Globex Incorporated,west,Widget Pro,24,"$1,234.50","$29,628.00",Pending
100919,13/04/2026,Wayne Enterprises,west,Widget Lite,14,$89.99,"$1,259.86",Shipped
100920,2026-04-03,Massive Dynamic,East,Widget Pro,21,"$1,234.50","$25,924.50",shipped
100921,2026-04-04,Globex Incorporated,East,Widget Pro,10,"$1,234.50","$12,345.00",pending
100922,13/04/2026,Soylent Co,west,Widget Lite,11,$89.99,$989.89,SHIPPED
100923,2026-04-06,Stark Industries,East,Gizmo Mini,7,$45.00,$315.00,Pending
100924,2026-04-07,Vehement Capital,west,Widget Pro,20,"$1,234.50","$24,690.00",pending
100925,2026-04-08,Initech,West,Widget Lite,25,$89.99,"$2,249.75",pending
100926,2026-04-09,Massive Dynamic,nyc,Gadget X,8,"$2,150.00","$17,200.00",SHIPPED
100927,13/04/2026,Massive Dynamic,n-y-c,Gizmo Mini,9,$45.00,$405.00,SHIPPED
100928,2026-04-11,Acme Corp,west,Widget Pro,18,"$1,234.50","$22,221.00",shipped
100929,Apr 12 2026,Stark Industries,West,Widget Pro,25,"$1,234.50","$30,862.50",Shipped
100930,Apr 13 2026,Soylent Co,west,Gadget X,6,"$2,150.00","$12,900.00",shipped
100931,2026-04-14,Acme Corp,NYC,Widget Lite,28,$89.99,"$2,519.72",pending
100932,15/04/2026,Acme Corp,west,Gizmo Mini,12,$45.00,$540.00,pending
100933,2026-04-16,Massive Dynamic,n-y-c,Gadget X,2,"$2,150.00","$4,300.00",pending
100934,2026-04-17,Vehement Capital,NYC,Widget Pro,24,"$1,234.50","$29,628.00",Shipped
100935,Apr 18 2026,Initech,East,Widget Lite,14,$89.99,"$1,259.86",SHIPPED
100936,19/04/2026,Wayne Enterprises,west,Gadget X,11,"$2,150.00","$23,650.00",Shipped
100937,2026-04-20,Soylent Co,East,Widget Lite,28,$89.99,"$2,519.72",Pending
100938,2026-04-21,Globex Incorporated,East,Widget Lite,6,$89.99,$539.94,pending
100939,22/04/2026,Initech,East,Widget Pro,7,"$1,234.50","$8,641.50",Pending
100940,2026-04-23,Massive Dynamic,n-y-c,Widget Lite,14,$89.99,"$1,259.86",Pending
100941,2026-04-24,Vehement Capital,n-y-c,Gizmo Mini,3,$45.00,$135.00,Pending
100942,2026-04-25,Wayne Enterprises,west,Gadget X,,"$2,150.00","$6,450.00",SHIPPED
100943,2026-04-26,Soylent Co,New York,Gizmo Mini,11,$45.00,$495.00,Pending
100944,2026-04-27,Initech,New York,Gadget X,29,"$2,150.00","$62,350.00",shipped
100945,2026-04-28,Initech,west,Widget Lite,3,$89.99,$269.97,pending
100946,2026-03-01,Acme Corp,New York,Widget Pro,5,"$1,234.50","$6,172.50",Pending
100947,13/03/2026,Hooli,East,Gadget X,5,"$2,150.00","$10,750.00",shipped
100948,13/03/2026,Globex Incorporated,nyc,Widget Pro,27,"$1,234.50","$33,331.50",Shipped
100949,Mar 4 2026,Stark Industries,NYC,Gadget X,5,"$2,150.00","$10,750.00",Pending
100950,2026-03-05,Initech,East,Widget Pro,15,"$1,234.50","$18,517.50",pending
100951,2026-03-06,Initech,West,Gizmo Mini,28,$45.00,"$1,260.00",pending
100952,13/03/2026,Soylent Co,West,Gizmo Mini,24,$45.00,"$1,080.00",shipped
100953,2026-03-08,Globex Incorporated,n-y-c,Widget Lite,10,$89.99,$899.90,SHIPPED
100954,2026-03-09,Acme Corp,West,Widget Pro,7,"$1,234.50","$8,641.50",pending
100955,2026-03-10,Umbrella Ltd,East,Widget Lite,29,$89.99,"$2,609.71",Pending
100956,13/03/2026,Stark Industries,New York,Gizmo Mini,9,$45.00,$405.00,shipped
100957,Mar 12 2026,Wayne Enterprises,East,Gizmo Mini,11,$45.00,$495.00,shipped
100958,2026-03-13,Soylent Co,East,Widget Lite,3,$89.99,$269.97,SHIPPED
100959,2026-03-14,Initech,New York,Widget Pro,24,"$1,234.50","$29,628.00",Pending
100960,2026-03-15,Soylent Co,New York,Widget Pro,7,"$1,234.50","$8,641.50",shipped
100961,2026-03-16,Massive Dynamic,New York,Gadget X,26,"$2,150.00","$55,900.00",Pending
100962,2026-03-17,Hooli,East,Gadget X,25,"$2,150.00","$53,750.00",Pending
100963,2026-03-18,Stark Industries,East,Gadget X,18,"$2,150.00","$38,700.00",Pending
100964,19/03/2026,Globex Incorporated,west,Widget Pro,20,"$1,234.50","$24,690.00",Shipped
100965,20/03/2026,Wayne Enterprises,n-y-c,Gizmo Mini,24,$45.00,"$1,080.00",pending
100966,2026-03-21,Vehement Capital,New York,Widget Pro,18,"$1,234.50","$22,221.00",shipped
100967,2026-03-22,Hooli,West,Gadget X,16,"$2,150.00","$34,400.00",pending
100968,23/03/2026,Umbrella Ltd,West,Gizmo Mini,24,$45.00,"$1,080.00",Pending
100968,23/03/2026,Umbrella Ltd,West,Gizmo Mini,24,$45.00,"$1,080.00",Pending
100969,2026-03-25,Soylent Co,West,Widget Pro,20,"$1,234.50","$24,690.00",SHIPPED
100970,2026-03-26,Hooli,East,Widget Lite,25,$89.99,"$2,249.75",shipped
100971,2026-03-27,Acme Corp,New York,Gadget X,9,"$2,150.00","$19,350.00",Pending
100972,2026-03-28,Vehement Capital,nyc,Gizmo Mini,8,$45.00,$360.00,SHIPPED
100973,2026-04-01,Globex Incorporated,East,Widget Lite,6,$89.99,$539.94,Shipped
100974,2026-04-02,Wayne Enterprises,West,Gadget X,18,"$2,150.00","$38,700.00",shipped
100975,2026-04-03,Globex Incorporated,East,Gadget X,12,"$2,150.00","$25,800.00",shipped
100976,2026-04-04,Umbrella Ltd,NYC,Widget Pro,18,"$1,234.50","$22,221.00",SHIPPED
100977,2026-04-05,Globex Incorporated,west,Widget Lite,25,$89.99,"$2,249.75",SHIPPED
100978,2026-04-06,Umbrella Ltd,New York,Gizmo Mini,20,$45.00,$900.00,Shipped
100979,2026-04-07,Massive Dynamic,New York,Gizmo Mini,30,$45.00,"$1,350.00",Pending
100980,2026-04-08,Globex Incorporated,west,Widget Lite,27,$89.99,"$2,429.73",Pending
100981,2026-04-09,Massive Dynamic,East,Widget Lite,22,$89.99,"$1,979.78",Pending
100982,13/04/2026,Massive Dynamic,West,Widget Pro,18,"$1,234.50","$22,221.00",Pending
100983,2026-04-11,Hooli,west,Widget Pro,18,"$1,234.50","$22,221.00",pending
100984,2026-04-12,Massive Dynamic,west,Widget Lite,1,$89.99,$89.99,Shipped
100985,2026-04-13,Stark Industries,West,Widget Lite,23,$89.99,"$2,069.77",SHIPPED
100986,Apr 14 2026,Umbrella Ltd,East,Widget Lite,7,$89.99,$629.93,Shipped
100987,2026-04-15,Massive Dynamic,New York,Gadget X,7,"$2,150.00","$15,050.00",Shipped
100988,2026-04-16,Stark Industries,West,Widget Pro,14,"$1,234.50","$17,133.00",pending
100989,2026-04-17,Massive Dynamic,West,Gizmo Mini,24,$45.00,"$1,080.00",pending
100990,2026-04-18,Soylent Co,New York,Widget Pro,2,"$1,234.50","$2,469.00",pending
100991,2026-04-19,Umbrella Ltd,East,Gadget X,9,"$2,150.00","$19,350.00",pending
100992,2026-04-20,Umbrella Ltd,west,Gadget X,14,"$2,150.00","$30,100.00",pending
100993,2026-04-21,Vehement Capital,n-y-c,Gizmo Mini,6,$45.00,$270.00,Pending
100994,2026-04-22,Acme Corp,West,Widget Pro,7,"$1,234.50","$8,641.50",pending
100995,2026-04-23,Umbrella Ltd,East,Gizmo Mini,5,$45.00,$225.00,Pending
100996,2026-04-24,Wayne Enterprises,West,Gizmo Mini,23,$45.00,"$1,035.00",pending
100997,2026-04-25,Stark Industries,East,Widget Lite,24,$89.99,"$2,159.76",Pending
100998,26/04/2026,Wayne Enterprises,West,Gadget X,27,"$2,150.00","$58,050.00",Shipped
100999,2026-04-27,Soylent Co,West,Widget Pro,10,"$1,234.50","$12,345.00",SHIPPED
101000,28/04/2026,Vehement Capital,East,Widget Lite,17,$89.99,"$1,529.83",Shipped
101001,2026-03-01,Soylent Co,nyc,Gizmo Mini,13,$45.00,$585.00,pending
101002,13/03/2026,Umbrella Ltd,East,Widget Lite,13,$89.99,"$1,169.87",shipped
101003,2026-03-03,Acme Corp,NYC,Gizmo Mini,21,$45.00,$945.00,pending
101004,Mar 4 2026,Wayne Enterprises,East,Gizmo Mini,21,$45.00,$945.00,shipped
101005,Mar 5 2026,Massive Dynamic,New York,Widget Pro,1,"$1,234.50","$1,234.50",SHIPPED
101006,2026-03-06,Umbrella Ltd,west,Widget Lite,14,$89.99,"$1,259.86",SHIPPED
101007,2026-03-07,Initech,East,Gizmo Mini,22,$45.00,$990.00,Pending
101008,2026-03-08,Soylent Co,West,Widget Lite,1,$89.99,$89.99,SHIPPED
101009,2026-03-09,Stark Industries,West,Gadget X,15,"$2,150.00","$32,250.00",pending
101010,2026-03-10,Vehement Capital,East,Gadget X,23,"$2,150.00","$49,450.00",Pending
101011,Mar 11 2026,Soylent Co,NYC,Widget Pro,30,"$1,234.50","$37,035.00",SHIPPED
101012,Mar 12 2026,Soylent Co,west,Widget Pro,8,"$1,234.50","$9,876.00",SHIPPED
101013,2026-03-13,Acme Corp,west,Gizmo Mini,1,$45.00,$45.00,pending
101014,2026-03-14,Massive Dynamic,NYC,Widget Lite,26,$89.99,"$2,339.74",Shipped
101015,2026-03-15,Umbrella Ltd,west,Widget Lite,30,$89.99,"$2,699.70",pending
101016,2026-03-16,Hooli,West,Gizmo Mini,18,$45.00,$810.00,SHIPPED
101017,17/03/2026,Vehement Capital,East,Widget Pro,29,"$1,234.50","$35,800.50",pending
101018,Mar 18 2026,Massive Dynamic,East,Widget Lite,6,$89.99,$539.94,pending
101019,2026-03-19,Stark Industries,n-y-c,Widget Lite,17,$89.99,"$1,529.83",pending
101020,20/03/2026,,n-y-c,Gadget X,27,"$2,150.00","$58,050.00",Pending
101021,2026-03-21,Acme Corp,New York,Gizmo Mini,22,$45.00,$990.00,Shipped
101022,22/03/2026,Wayne Enterprises,East,Gizmo Mini,4,$45.00,$180.00,shipped
101023,2026-03-23,Hooli,East,Gizmo Mini,6,$45.00,$270.00,Pending
101024,24/03/2026,Massive Dynamic,West,Gizmo Mini,24,$45.00,"$1,080.00",pending
101025,2026-03-25,Hooli,nyc,Widget Lite,8,$89.99,$719.92,Pending
101026,2026-03-26,Wayne Enterprises,East,Widget Pro,10,"$1,234.50","$12,345.00",SHIPPED
101027,2026-03-27,Hooli,n-y-c,Widget Lite,30,$89.99,"$2,699.70",Pending
101028,2026-03-28,Acme Corp,East,Widget Lite,1,$89.99,$89.99,shipped
101029,2026-04-01,Wayne Enterprises,NYC,Widget Lite,3,$89.99,$269.97,Pending
101030,2026-04-02,Massive Dynamic,West,Widget Pro,15,"$1,234.50","$18,517.50",pending
101031,2026-04-03,Umbrella Ltd,East,Gizmo Mini,2,$45.00,$90.00,shipped
101032,2026-04-04,Soylent Co,East,Widget Pro,19,"$1,234.50","$23,455.50",Pending
101033,13/04/2026,Stark Industries,East,Gizmo Mini,25,$45.00,"$1,125.00",Pending
101034,13/04/2026,Umbrella Ltd,nyc,Gizmo Mini,7,$45.00,$315.00,Pending
101035,2026-04-07,Wayne Enterprises,East,Gadget X,8,"$2,150.00","$17,200.00",pending
101036,2026-04-08,Soylent Co,East,Gadget X,16,"$2,150.00","$34,400.00",Pending
101037,2026-04-09,Vehement Capital,East,Widget Lite,29,$89.99,"$2,609.71",Shipped
101038,2026-04-10,Massive Dynamic,East,Gizmo Mini,18,$45.00,$810.00,Pending
101039,2026-04-11,Vehement Capital,East,Gizmo Mini,22,$45.00,$990.00,Pending
101040,2026-04-12,Soylent Co,West,Gadget X,26,"$2,150.00","$55,900.00",pending
101041,13/04/2026,Soylent Co,New York,Gizmo Mini,14,$45.00,$630.00,pending
101042,14/04/2026,Globex Incorporated,n-y-c,Gadget X,5,"$2,150.00","$10,750.00",pending
101043,2026-04-15,Globex Incorporated,East,Gadget X,1,"$2,150.00","$2,150.00",Pending
101044,2026-04-16,Soylent Co,West,Gadget X,27,"$2,150.00","$58,050.00",Shipped
101045,17/04/2026,Wayne Enterprises,East,Gizmo Mini,17,$45.00,$765.00,pending
101046,18/04/2026,Umbrella Ltd,NYC,Widget Lite,5,$89.99,$449.95,pending
101047,2026-04-19,Initech,n-y-c,Widget Lite,25,$89.99,"$2,249.75",shipped
101048,2026-04-20,Acme Corp,East,Widget Pro,12,"$1,234.50","$14,814.00",Pending
101049,Apr 21 2026,Umbrella Ltd,East,Gadget X,15,"$2,150.00","$32,250.00",shipped
101050,22/04/2026,Globex Incorporated,n-y-c,Gizmo Mini,20,$45.00,$900.00,Shipped
101051,2026-04-23,Vehement Capital,East,Widget Pro,19,"$1,234.50","$23,455.50",pending
101052,24/04/2026,Umbrella Ltd,East,Widget Pro,28,"$1,234.50","$34,566.00",Pending
101053,25/04/2026,Vehement Capital,New York,Gizmo Mini,6,$45.00,$270.00,Pending
101054,2026-04-26,Vehement Capital,nyc,Widget Pro,2,"$1,234.50","$2,469.00",pending
101055,2026-04-27,Acme Corp,West,Gadget X,1,"$2,150.00","$2,150.00",Pending
101056,2026-04-28,Hooli,west,Widget Pro,3,"$1,234.50","$3,703.50",SHIPPED
101057,2026-03-01,Wayne Enterprises,West,Widget Lite,23,$89.99,"$2,069.77",Pending
101058,2026-03-02,Soylent Co,East,Widget Lite,18,$89.99,"$1,619.82",Shipped
101059,2026-03-03,Soylent Co,n-y-c,Widget Pro,21,"$1,234.50","$25,924.50",shipped
101060,Mar 4 2026,Soylent Co,East,Gizmo Mini,9,$45.00,$405.00,pending
101061,13/03/2026,Wayne Enterprises,nyc,Widget Pro,4,"$1,234.50","$4,938.00",Pending
101062,2026-03-06,Soylent Co,West,Gizmo Mini,11,$45.00,$495.00,Pending
101063,13/03/2026,Umbrella Ltd,west,Gadget X,24,"$2,150.00","$51,600.00",Pending
101064,2026-03-08,Umbrella Ltd,West,Gizmo Mini,2,$45.00,$90.00,shipped
101065,2026-03-09,Massive Dynamic,East,Gadget X,3,"$2,150.00","$6,450.00",pending
101066,2026-03-10,Stark Industries,west,Gadget X,10,"$2,150.00","$21,500.00",pending
101067,2026-03-11,Globex Incorporated,NYC,Widget Pro,2,"$1,234.50","$2,469.00",shipped
101068,13/03/2026,Hooli,East,Widget Pro,25,"$1,234.50","$30,862.50",shipped
101069,2026-03-13,,nyc,Widget Lite,24,$89.99,"$2,159.76",pending
101070,14/03/2026,Wayne Enterprises,West,Gizmo Mini,4,$45.00,$180.00,Shipped
101071,2026-03-15,Hooli,New York,Widget Pro,10,"$1,234.50","$12,345.00",Pending
101072,2026-03-16,Hooli,East,Widget Pro,18,"$1,234.50","$22,221.00",Shipped
101073,2026-03-17,Soylent Co,East,Widget Lite,20,$89.99,"$1,799.80",SHIPPED
101074,Mar 18 2026,Acme Corp,East,Widget Pro,13,"$1,234.50","$16,048.50",Shipped
101075,2026-03-19,Massive Dynamic,west,Widget Pro,20,"$1,234.50","$24,690.00",Pending
101076,20/03/2026,Acme Corp,west,Gizmo Mini,3,$45.00,$135.00,Pending
101077,2026-03-21,Initech,East,Widget Pro,7,"$1,234.50","$8,641.50",Shipped
101078,22/03/2026,Wayne Enterprises,West,Widget Pro,3,"$1,234.50","$3,703.50",Pending
101079,2026-03-23,Wayne Enterprises,nyc,Gadget X,2,"$2,150.00","$4,300.00",pending
101080,2026-03-24,Hooli,NYC,Gadget X,4,"$2,150.00","$8,600.00",pending
101081,2026-03-25,Initech,nyc,Widget Pro,1,"$1,234.50","$1,234.50",shipped
101082,2026-03-26,Hooli,west,Widget Lite,11,$89.99,$989.89,SHIPPED
101083,2026-03-27,Globex Incorporated,East,Gadget X,18,"$2,150.00","$38,700.00",SHIPPED
101084,2026-03-28,Globex Incorporated,west,Gadget X,4,"$2,150.00","$8,600.00",pending
101085,13/04/2026,Initech,East,Widget Lite,9,$89.99,$809.91,shipped
101086,2026-04-02,Soylent Co,west,Gizmo Mini,1,$45.00,$45.00,shipped
101087,2026-04-03,Hooli,West,Widget Lite,5,$89.99,$449.95,Pending
101088,13/04/2026,Vehement Capital,East,Widget Lite,28,$89.99,"$2,519.72",shipped
101089,13/04/2026,Umbrella Ltd,West,Widget Pro,18,"$1,234.50","$22,221.00",Pending
101090,2026-04-06,Hooli,East,Gizmo Mini,-19,$45.00,-$855.00,cancelled
101091,2026-04-07,Stark Industries,East,Widget Pro,1,"$1,234.50","$1,234.50",SHIPPED
101092,2026-04-08,Massive Dynamic,west,Widget Lite,7,$89.99,$629.93,SHIPPED
101093,2026-04-09,Vehement Capital,New York,Gadget X,2,"$2,150.00","$4,300.00",pending
101094,2026-04-10,Globex Incorporated,East,Widget Pro,17,"$1,234.50","$20,986.50",Pending
101095,2026-04-11,Soylent Co,NYC,Gadget X,20,"$2,150.00","$43,000.00",Pending
101096,2026-04-12,Vehement Capital,west,Gizmo Mini,10,$45.00,$450.00,pending
101097,13/04/2026,Initech,East,Widget Pro,24,"$1,234.50","$29,628.00",Pending
101098,14/04/2026,Acme Corp,west,Gizmo Mini,13,$45.00,$585.00,SHIPPED
101098,14/04/2026, Acme Corp ,WEST,Gizmo Mini,13,$45.00,$585.00,SHIPPED
101099,2026-04-16,Stark Industries,New York,Widget Lite,29,$89.99,"$2,609.71",SHIPPED
101100,2026-04-17,Soylent Co,NYC,Widget Lite,24,$89.99,"$2,159.76",SHIPPED
101101,2026-04-18,Globex Incorporated,East,Gadget X,23,"$2,150.00","$49,450.00",SHIPPED
101102,2026-04-19,Hooli,n-y-c,Widget Lite,24,$89.99,"$2,159.76",pending
101103,2026-04-20,Stark Industries,East,Widget Pro,27,"$1,234.50","$33,331.50",Pending
101104,2026-04-21,Globex Incorporated,west,Gizmo Mini,22,$45.00,$990.00,SHIPPED
101105,2026-04-22,Massive Dynamic,n-y-c,Gizmo Mini,14,$45.00,$630.00,Pending
101106,2026-04-23,Stark Industries,East,Gadget X,18,"$2,150.00","$38,700.00",Pending
101107,2026-04-24,Acme Corp,East,Gadget X,20,"$2,150.00","$43,000.00",pending
101108,2026-04-25,Initech,n-y-c,Gadget X,25,"$2,150.00","$53,750.00",pending
101109,26/04/2026,Hooli,East,Gizmo Mini,22,$45.00,$990.00,Pending
101110,2026-04-27,Wayne Enterprises,New York,Widget Lite,7,$89.99,$629.93,shipped
101111,28/04/2026,Hooli,NYC,Widget Lite,18,$89.99,"$1,619.82",Pending
101112,2026-03-01,Umbrella Ltd,East,Widget Lite,8,$89.99,$719.92,pending
101113,13/03/2026,Massive Dynamic,NYC,Gadget X,9,"$2,150.00","$19,350.00",SHIPPED
101114,2026-03-03,Globex Incorporated,West,Widget Pro,16,"$1,234.50","$19,752.00",Shipped
101115,Mar 4 2026,Initech,n-y-c,Gadget X,22,"$2,150.00","$47,300.00",pending
101116,2026-03-05,Vehement Capital,East,Gizmo Mini,21,$45.00,$945.00,pending
101117,13/03/2026,Soylent Co,west,Widget Pro,5,"$1,234.50","$6,172.50",Pending
101118,13/03/2026,Wayne Enterprises,East,Widget Lite,30,$89.99,"$2,699.70",Pending
101119,2026-03-08,Soylent Co,nyc,Gadget X,25,"$2,150.00","$53,750.00",SHIPPED
101120,2026-03-09,Vehement Capital,East,Gizmo Mini,8,$45.00,$360.00,pending
101121,13/03/2026,Globex Incorporated,nyc,Gizmo Mini,7,$45.00,$315.00,shipped
101122,13/03/2026,Soylent Co,West,Widget Lite,6,$89.99,$539.94,shipped
101123,2026-03-12,Globex Incorporated,West,Gadget X,11,"$2,150.00","$23,650.00",SHIPPED
101124,2026-03-13,Vehement Capital,West,Gizmo Mini,22,$45.00,$990.00,pending
101125,2026-03-14,Umbrella Ltd,West,Widget Pro,3,"$1,234.50","$3,703.50",Shipped
101126,2026-03-15,Soylent Co,West,Widget Pro,28,"$1,234.50","$34,566.00",Shipped
101127,2026-03-16,Soylent Co,East,Widget Lite,6,$89.99,$539.94,SHIPPED
101128,2026-03-17,Globex Incorporated,NYC,Gadget X,27,"$2,150.00","$58,050.00",Shipped
101129,18/03/2026,Vehement Capital,West,Gadget X,21,"$2,150.00","$45,150.00",Pending
101130,2026-03-19,,NYC,Widget Lite,27,$89.99,"$2,429.73",SHIPPED
101131,2026-03-20,Acme Corp,New York,Gadget X,2,"$2,150.00","$4,300.00",pending
101132,Mar 21 2026,Soylent Co,NYC,Widget Pro,11,"$1,234.50","$13,579.50",Pending
101133,22/03/2026,Massive Dynamic,West,Gadget X,18,"$2,150.00","$38,700.00",shipped
101134,23/03/2026,Hooli,West,Gizmo Mini,3,$45.00,$135.00,Shipped
101135,2026-03-24,Globex Incorporated,East,Widget Pro,1,"$1,234.50","$1,234.50",pending
101136,2026-03-25,Vehement Capital,n-y-c,Widget Pro,11,"$1,234.50","$13,579.50",Shipped
101137,Mar 26 2026,Stark Industries,East,Gadget X,29,"$2,150.00","$62,350.00",Pending
101138,2026-03-27,Vehement Capital,West,Widget Lite,5,$89.99,$449.95,Shipped
101139,2026-03-28,Massive Dynamic,n-y-c,Widget Lite,14,$89.99,"$1,259.86",Pending
101140,2026-04-01,Vehement Capital,west,Gizmo Mini,8,$45.00,$360.00,shipped
101141,2026-04-02,Vehement Capital,East,Widget Lite,26,$89.99,"$2,339.74",Pending
101142,2026-04-03,Globex Incorporated,East,Gizmo Mini,21,$45.00,$945.00,SHIPPED
101143,Apr 4 2026,Globex Incorporated,West,Widget Lite,1,$89.99,$89.99,pending
101144,13/04/2026,Umbrella Ltd,East,Gizmo Mini,18,$45.00,$810.00,SHIPPED
101145,2026-04-06,Umbrella Ltd,East,Widget Pro,9,"$1,234.50","$11,110.50",pending
101146,13/04/2026,Umbrella Ltd,west,Widget Lite,2,$89.99,$179.98,pending
101147,2026-04-08,Globex Incorporated,West,Widget Pro,28,"$1,234.50","$34,566.00",Pending
101148,2026-04-09,Wayne Enterprises,East,Widget Lite,9,$89.99,$809.91,pending
101149,2026-04-10,Soylent Co,West,Gizmo Mini,24,$45.00,"$1,080.00",Shipped
101150,2026-04-11,Hooli,NYC,Gadget X,20,"$2,150.00","$43,000.00",pending
101151,13/04/2026,Acme Corp,New York,Gadget X,6,"$2,150.00","$12,900.00",Pending
101152,2026-04-13,Vehement Capital,NYC,Widget Lite,12,$89.99,"$1,079.88",pending
101153,2026-04-14,Globex Incorporated,West,Gizmo Mini,28,$45.00,"$1,260.00",pending
101154,2026-04-15,Globex Incorporated,n-y-c,Gizmo Mini,7,$45.00,$315.00,Shipped
101155,2026-04-16,Vehement Capital,n-y-c,Gadget X,29,"$2,150.00","$62,350.00",Shipped
101156,Apr 17 2026,Stark Industries,East,Gizmo Mini,13,$45.00,$585.00,shipped
101157,18/04/2026,Acme Corp,New York,Gadget X,16,"$2,150.00","$34,400.00",shipped
101158,2026-04-19,Acme Corp,West,Gadget X,15,"$2,150.00","$32,250.00",pending
101159,2026-04-20,Initech,NYC,Gadget X,18,"$2,150.00","$38,700.00",Shipped
101160,2026-04-21,Stark Industries,East,Gizmo Mini,18,$45.00,$810.00,pending
101161,2026-04-22,Vehement Capital,East,Widget Pro,15,"$1,234.50","$18,517.50",pending
101162,2026-04-23,Initech,west,Gizmo Mini,11,$45.00,$495.00,shipped
101163,24/04/2026,Initech,west,Widget Lite,8,$89.99,$719.92,Shipped
101164,2026-04-25,Hooli,East,Gizmo Mini,19,$45.00,$855.00,pending
101165,2026-04-26,Wayne Enterprises,west,Widget Pro,3,"$1,234.50","$3,703.50",shipped
101166,2026-04-27,Umbrella Ltd,East,Widget Lite,22,$89.99,"$1,979.78",pending
101167,2026-04-28,Globex Incorporated,nyc,Gizmo Mini,25,$45.00,"$1,125.00",shipped
101168,2026-03-01,Soylent Co,n-y-c,Widget Pro,16,"$1,234.50","$19,752.00",Shipped
101169,13/03/2026,Umbrella Ltd,East,Widget Pro,18,"$1,234.50","$22,221.00",Shipped
101170,2026-03-03,Vehement Capital,nyc,Widget Lite,30,$89.99,"$2,699.70",pending
101171,2026-03-04,Massive Dynamic,West,Widget Lite,18,$89.99,"$1,619.82",Pending
101172,13/03/2026,Massive Dynamic,East,Gizmo Mini,21,$45.00,$945.00,pending
101173,2026-03-06,Globex Incorporated,West,Widget Lite,4,$89.99,$359.96,shipped
101174,2026-03-07,Vehement Capital,East,Widget Lite,14,$89.99,"$1,259.86",Shipped
101175,2026-03-08,Massive Dynamic,NYC,Widget Lite,1,$89.99,$89.99,pending
101176,2026-03-09,Acme Corp,nyc,Gadget X,21,"$2,150.00","$45,000.00",Pending
101177,2026-03-10,Massive Dynamic,west,Gizmo Mini,20,$45.00,$900.00,SHIPPED
101178,2026-03-11,Globex Incorporated,New York,Gadget X,7,"$2,150.00","$15,050.00",pending
101179,2026-03-12,Soylent Co,n-y-c,Gizmo Mini,18,$45.00,$810.00,Shipped
101180,Mar 13 2026,Initech,n-y-c,Widget Lite,28,$89.99,"$2,519.72",SHIPPED
101181,14/03/2026,Acme Corp,West,Widget Lite,3,$89.99,$269.97,pending
101182,Mar 15 2026,Globex Incorporated,East,Widget Pro,28,"$1,234.50","$34,566.00",pending
101183,2026-03-16,Soylent Co,West,Widget Pro,11,"$1,234.50","$13,579.50",pending
101184,Mar 17 2026,Vehement Capital,East,Gizmo Mini,-26,$45.00,"-$1,170.00",cancelled
101185,2026-03-18,Globex Incorporated,west,Widget Pro,29,"$1,234.50","$35,800.50",SHIPPED
101186,2026-03-19,Hooli,West,Gizmo Mini,13,$45.00,$585.00,Shipped
101187,2026-03-20,Initech,East,Gizmo Mini,23,$45.00,"$1,035.00",pending
101188,2026-03-21,Massive Dynamic,New York,Widget Pro,12,"$1,234.50","$14,814.00",Pending
101189,2026-03-22,Initech,East,Widget Lite,19,$89.99,"$1,709.81",SHIPPED
101190,23/03/2026,Vehement Capital,West,Widget Lite,6,$89.99,$539.94,Shipped
101191,24/03/2026,Soylent Co,East,Widget Pro,22,"$1,234.50","$27,159.00",Pending
101192,Mar 25 2026,Wayne Enterprises,n-y-c,Widget Lite,15,$89.99,"$1,349.85",Pending
101193,26/03/2026,Vehement Capital,west,Gadget X,30,"$2,150.00","$64,500.00",pending
101194,2026-03-27,Acme Corp,East,Gadget X,14,"$2,150.00","$30,100.00",pending
101195,2026-03-28,Globex Incorporated,West,Widget Lite,3,$89.99,$269.97,Shipped
101196,2026-04-01,Stark Industries,West,Gizmo Mini,11,$45.00,$495.00,SHIPPED
101197,Apr 2 2026,Initech,NYC,Gizmo Mini,11,$45.00,$495.00,pending
101198,2026-04-03,Massive Dynamic,New York,Gizmo Mini,15,$45.00,$675.00,pending
101199,2026-04-04,Massive Dynamic,west,Widget Pro,27,"$1,234.50","$33,331.50",pending
101200,2026-04-05,Hooli,New York,Gadget X,25,"$2,150.00","$53,750.00",shipped
101201,13/04/2026,Soylent Co,West,Gizmo Mini,12,$45.00,$540.00,Pending
101202,13/04/2026,Globex Incorporated,East,Gizmo Mini,18,$45.00,$810.00,SHIPPED
101203,2026-04-08,Vehement Capital,NYC,Gadget X,2,"$2,150.00","$4,300.00",pending
101204,2026-04-09,Wayne Enterprises,New York,Widget Pro,14,"$1,234.50","$17,283.00",pending
101205,13/04/2026,,west,Gizmo Mini,4,$45.00,$180.00,Shipped
101206,13/04/2026,Vehement Capital,East,Gizmo Mini,10,$45.00,$450.00,SHIPPED
101207,Apr 12 2026,Soylent Co,East,Gadget X,18,"$2,150.00","$38,700.00",Pending
101208,Apr 13 2026,Vehement Capital,nyc,Gadget X,5,"$2,150.00","$10,750.00",Pending
101209,2026-04-14,Soylent Co,East,Widget Lite,15,$89.99,"$1,349.85",Shipped
101210,2026-04-15,Initech,East,Gadget X,6,"$2,150.00","$12,900.00",Pending
101211,Apr 16 2026,Massive Dynamic,East,Widget Pro,7,"$1,234.50","$8,641.50",shipped
101212,17/04/2026,Globex Incorporated,East,Gadget X,2,"$2,150.00","$4,300.00",SHIPPED
101213,Apr 18 2026,Umbrella Ltd,n-y-c,Gizmo Mini,18,$45.00,$810.00,pending
101214,2026-04-19,Initech,East,Gizmo Mini,29,$45.00,"$1,305.00",pending
101215,2026-04-20,Vehement Capital,East,Widget Pro,25,"$1,234.50","$30,862.50",shipped
101216,2026-04-21,Hooli,New York,Widget Pro,23,"$1,234.50","$28,393.50",SHIPPED
101217,2026-04-22,Stark Industries,West,Gadget X,7,"$2,150.00","$15,050.00",Pending
101218,2026-04-23,Soylent Co,west,Widget Pro,12,"$1,234.50","$14,814.00",shipped
101219,2026-04-24,Initech,n-y-c,Gadget X,15,"$2,150.00","$32,250.00",Pending
101220,2026-04-25,Umbrella Ltd,west,Gizmo Mini,10,$45.00,$450.00,Pending
101221,2026-04-26,Hooli,west,Gizmo Mini,13,$45.00,$585.00,pending
101222,2026-04-27,Hooli,East,Gadget X,27,"$2,150.00","$58,050.00",shipped
101223,2026-04-28,Massive Dynamic,New York,Gizmo Mini,12,$45.00,$540.00,pending
101224,13/03/2026,Stark Industries,East,Gadget X,22,"$2,150.00","$47,300.00",shipped
101225,13/03/2026,Globex Incorporated,west,Gadget X,13,"$2,150.00","$27,950.00",pending
101226,Mar 3 2026,Globex Incorporated,East,Gizmo Mini,1,$45.00,$45.00,shipped
101227,Mar 4 2026,Hooli,west,Widget Lite,1,$89.99,$89.99,SHIPPED
101228,13/03/2026,Globex Incorporated,n-y-c,Gadget X,4,"$2,150.00","$8,600.00",SHIPPED
101229,13/03/2026,Acme Corp,west,Gizmo Mini,20,$45.00,$900.00,pending
101230,2026-03-07,Stark Industries,nyc,Gadget X,18,"$2,150.00","$38,700.00",pending
101231,2026-03-08,Stark Industries,west,Gadget X,8,"$2,150.00","$17,200.00",Shipped
101232,2026-03-09,Vehement Capital,West,Gadget X,25,"$2,150.00","$53,750.00",Shipped
101233,13/03/2026,Vehement Capital,East,Widget Pro,10,"$1,234.50","$12,345.00",Shipped
101234,2026-03-11,Massive Dynamic,west,Gadget X,26,"$2,150.00","$55,900.00",shipped
101235,2026-03-12,Hooli,East,Widget Pro,11,"$1,234.50","$13,579.50",Pending
101236,2026-03-13,Umbrella Ltd,nyc,Gadget X,28,"$2,150.00","$60,200.00",Pending
101237,2026-03-14,Soylent Co,West,Gizmo Mini,2,$45.00,$90.00,Pending
101238,15/03/2026,Soylent Co,East,Widget Lite,17,$89.99,"$1,529.83",Pending
101239,2026-03-16,Initech,west,Gadget X,15,"$2,150.00","$32,250.00",Shipped
101240,2026-03-17,Massive Dynamic,NYC,Widget Lite,27,$89.99,"$2,429.73",Pending
101241,2026-03-18,Massive Dynamic,nyc,Widget Lite,18,$89.99,"$1,619.82",Shipped
101242,19/03/2026,Stark Industries,East,Widget Lite,24,$89.99,"$2,159.76",Pending
101243,2026-03-20,Vehement Capital,East,Gizmo Mini,9,$45.00,$405.00,Pending
101243,2026-03-20,Vehement Capital,East,Gizmo Mini,9,$45.00,$405.00,Pending
101244,22/03/2026,Initech,n-y-c,Widget Pro,26,"$1,234.50","$32,097.00",Pending
101245,2026-03-23,Soylent Co,East,Widget Pro,4,"$1,234.50","$4,938.00",SHIPPED
101246,Mar 24 2026,Umbrella Ltd,East,Widget Lite,28,$89.99,"$2,519.72",SHIPPED
101247,25/03/2026,Stark Industries,NYC,Widget Pro,24,"$1,234.50","$29,628.00",shipped
101248,2026-03-26,Umbrella Ltd,East,Widget Pro,21,"$1,234.50","$25,924.50",Shipped
101249,2026-03-27,Stark Industries,west,Widget Lite,29,$89.99,"$2,609.71",pending
101250,2026-03-28,Initech,west,Widget Pro,19,"$1,234.50","$23,455.50",shipped
101251,13/04/2026,Hooli,East,Gizmo Mini,23,$45.00,"$1,035.00",Shipped
101252,2026-04-02,Initech,west,Widget Lite,12,$89.99,"$1,079.88",Pending
101253,2026-04-03,Soylent Co,West,Gizmo Mini,2,$45.00,$90.00,shipped
101254,13/04/2026,Hooli,n-y-c,Gizmo Mini,28,$45.00,"$1,260.00",Pending
101255,2026-04-05,Umbrella Ltd,East,Widget Pro,20,"$1,234.50","$24,690.00",pending
101256,2026-04-06,Wayne Enterprises,n-y-c,Gizmo Mini,13,$45.00,$585.00,shipped
101257,2026-04-07,Acme Corp,East,Gadget X,16,"$2,150.00","$34,400.00",pending
101258,2026-04-08,Soylent Co,New York,Widget Lite,11,$89.99,$989.89,pending
101259,2026-04-09,Soylent Co,New York,Widget Lite,2,$89.99,$179.98,Shipped
101260,Apr 10 2026,Soylent Co,East,Gadget X,26,"$2,150.00","$55,900.00",pending
101261,2026-04-11,Massive Dynamic,East,Widget Pro,28,"1,234.50 USD","$34,566.00",pending
101262,13/04/2026,Hooli,East,Widget Pro,18,"$1,234.50","$22,221.00",Pending
101263,Apr 13 2026,Wayne Enterprises,East,Widget Pro,3,"$1,234.50","$3,703.50",Pending
101264,2026-04-14,Soylent Co,west,Widget Lite,30,$89.99,"$2,699.70",Pending
101265,2026-04-15,Vehement Capital,west,Widget Pro,17,"$1,234.50","$20,986.50",pending
101266,2026-04-16,Acme Corp,East,Widget Pro,14,"$1,234.50","$17,283.00",Shipped
101267,2026-04-17,Initech,NYC,Widget Lite,8,$89.99,$719.92,pending
101268,2026-04-18,Acme Corp,NYC,Widget Pro,16,"$1,234.50","$19,752.00",shipped
101269,2026-04-19,Acme Corp,East,Widget Lite,19,$89.99,"$1,709.81",shipped
101270,2026-04-20,Stark Industries,East,Widget Lite,11,$89.99,$989.89,Shipped
101271,21/04/2026,Vehement Capital,West,Gizmo Mini,25,$45.00,"$1,125.00",pending
101272,Apr 22 2026,Vehement Capital,East,Widget Lite,19,$89.99,"$1,709.81",Shipped
101273,Apr 23 2026,Umbrella Ltd,west,Gizmo Mini,24,$45.00,"$1,080.00",Pending
101274,2026-04-24,Acme Corp,East,Widget Lite,6,$89.99,$539.94,Shipped
101275,2026-04-25,Soylent Co,NYC,Widget Lite,12,$89.99,"$1,079.88",pending
101276,2026-04-26,Acme Corp,n-y-c,Gadget X,11,"$2,150.00","$23,650.00",shipped
101277,2026-04-27,Initech,NYC,Widget Lite,2,$89.99,$179.98,pending
101278,Apr 28 2026,Soylent Co,East,Gadget X,10,"$2,150.00","$21,500.00",pending
101279,13/03/2026,Vehement Capital,n-y-c,Widget Pro,6,"$1,234.50","$7,407.00",shipped
101280,2026-03-02,Umbrella Ltd,west,Gizmo Mini,9,$45.00,$405.00,pending
101281,2026-03-03,Soylent Co,East,Widget Pro,25,"$1,234.50","$30,862.50",SHIPPED
101282,2026-03-04,Globex Incorporated,West,Gizmo Mini,16,$45.00,$720.00,Pending
101283,2026-03-05,Vehement Capital,East,Widget Lite,27,$89.99,"$2,429.73",Shipped
101284,13/03/2026,Acme Corp,East,Widget Pro,10,"$1,234.50","$12,345.00",Pending
101285,2026-03-07,Wayne Enterprises,New York,Widget Lite,28,$89.99,"$2,519.72",pending
101286,Mar 8 2026,Massive Dynamic,West,Widget Pro,7,"$1,234.50","$8,641.50",Pending
101287,2026-03-09,Globex Incorporated,New York,Gizmo Mini,1,$45.00,$45.00,Pending
101288,Mar 10 2026,Vehement Capital,West,Gizmo Mini,29,$45.00,"$1,305.00",pending
101289,13/03/2026,Umbrella Ltd,NYC,Gadget X,25,"$2,150.00","$53,750.00",pending
101290,2026-03-12,Soylent Co,West,Widget Pro,23,"$1,234.50","$28,393.50",Shipped
101291,2026-03-13,Massive Dynamic,west,Widget Lite,12,$89.99,"$1,079.88",Pending
101292,Mar 14 2026,Stark Industries,New York,Widget Lite,17,$89.99,"$1,529.83",shipped
101293,2026-03-15,Globex Incorporated,nyc,Widget Lite,24,$89.99,"$2,159.76",Pending
101294,Mar 16 2026,Umbrella Ltd,East,Widget Pro,16,"$1,234.50","$19,752.00",Pending
101295,2026-03-17,Soylent Co,West,Gadget X,2,"$2,150.00","$4,300.00",pending
101296,2026-03-18,Initech,East,Gadget X,4,"$2,150.00","$8,600.00",SHIPPED
101297,2026-03-19,Umbrella Ltd,East,Gadget X,1,"$2,150.00","$2,150.00",Shipped
101298,2026-03-20,Globex Incorporated,nyc,Gadget X,26,"$2,150.00","$55,900.00",Pending
101299,2026-03-21,Acme Corp,NYC,Widget Pro,3,"$1,234.50","$3,703.50",SHIPPED
101300,2026-03-22,Umbrella Ltd,West,Widget Lite,17,$89.99,"$1,529.83",Shipped
101301,2026-03-23,Soylent Co,East,Gizmo Mini,5,$45.00,$225.00,SHIPPED
101302,2026-03-24,Massive Dynamic,East,Widget Pro,10,"$1,234.50","$12,345.00",SHIPPED
101303,2026-03-25,Umbrella Ltd,New York,Gizmo Mini,18,$45.00,$810.00,Pending
101304,2026-03-26,Globex Incorporated,West,Gadget X,27,"$2,150.00","$58,050.00",Shipped
101305,2026-03-27,Globex Incorporated,New York,Gadget X,5,"$2,150.00","$10,750.00",pending
101306,2026-03-28,Hooli,East,Gadget X,12,"$2,150.00","$25,800.00",Pending
101307,2026-04-01,Hooli,west,Widget Pro,29,"$1,234.50","$35,800.50",Shipped
101308,Apr 2 2026,Wayne Enterprises,West,Widget Pro,16,"$1,234.50","$19,752.00",SHIPPED
101309,2026-04-03,Stark Industries,West,Widget Pro,20,"$1,234.50","$24,690.00",shipped
101310,2026-04-04,Wayne Enterprises,East,Gizmo Mini,29,$45.00,"$1,305.00",pending
101310,2026-04-04, Wayne Enterprises ,EAST,Gizmo Mini,29,$45.00,"$1,305.00",pending
101311,2026-04-06,Globex Incorporated,n-y-c,Widget Lite,9,$89.99,$809.91,shipped
101312,2026-04-07,Umbrella Ltd,East,Widget Lite,25,$89.99,"$2,249.75",Pending
101313,2026-04-08,Hooli,west,Widget Pro,16,"$1,234.50","$19,752.00",Pending
101314,13/04/2026,Globex Incorporated,nyc,Gizmo Mini,6,$45.00,$270.00,Pending
101315,13/04/2026,Acme Corp,n-y-c,Gizmo Mini,12,$45.00,$540.00,Pending
101316,2026-04-11,Vehement Capital,west,Gadget X,30,"$2,150.00","$64,500.00",pending
101317,2026-04-12,Umbrella Ltd,nyc,Widget Pro,24,"$1,234.50","$29,628.00",pending
101318,Apr 13 2026,Vehement Capital,East,Gadget X,19,"$2,150.00","$40,850.00",Pending
101319,Apr 14 2026,Hooli,East,Gadget X,25,"$2,150.00","$53,750.00",shipped
101320,2026-04-15,Vehement Capital,East,Gizmo Mini,27,$45.00,"$1,215.00",Pending
101321,2026-04-16,Umbrella Ltd,nyc,Widget Pro,6,"$1,234.50","$7,407.00",pending
101322,17/04/2026,Globex Incorporated,NYC,Widget Pro,24,"$1,234.50","$29,628.00",pending
101323,2026-04-18,Acme Corp,East,Widget Pro,12,"$1,234.50","$14,814.00",Shipped
101324,Apr 19 2026,Umbrella Ltd,west,Gizmo Mini,6,$45.00,$270.00,Shipped
101325,2026-04-20,Vehement Capital,East,Gadget X,27,"$2,150.00","$58,050.00",shipped
101326,21/04/2026,Wayne Enterprises,n-y-c,Gadget X,27,"$2,150.00","$58,050.00",Shipped
101327,2026-04-22,Acme Corp,East,Gadget X,11,"$2,150.00","$23,650.00",Shipped
101328,23/04/2026,Wayne Enterprises,East,Widget Lite,15,$89.99,"$1,349.85",shipped
101329,2026-04-24,Hooli,n-y-c,Gadget X,28,"$2,150.00","$60,200.00",SHIPPED
101330,2026-04-25,Soylent Co,East,Gizmo Mini,22,$45.00,$990.00,Shipped
101331,2026-04-26,Wayne Enterprises,East,Gizmo Mini,24,$45.00,"$1,080.00",SHIPPED
101332,2026-04-27,Globex Incorporated,East,Gizmo Mini,21,$45.00,$945.00,Pending
101333,2026-04-28,Initech,nyc,Gizmo Mini,9,$45.00,$405.00,Pending
101334,2026-03-01,Umbrella Ltd,NYC,Widget Pro,24,"$1,234.50","$29,628.00",SHIPPED
101335,2026-03-02,Soylent Co,East,Widget Lite,7,$89.99,$629.93,pending
101336,2026-03-03,Umbrella Ltd,East,Widget Lite,26,$89.99,"$2,339.74",Pending
101337,13/03/2026,Massive Dynamic,n-y-c,Gadget X,24,"$2,150.00","$51,600.00",shipped
101338,13/03/2026,Hooli,East,Widget Pro,18,"$1,234.50","$22,221.00",pending
101339,2026-03-06,Initech,n-y-c,Gadget X,14,"$2,150.00","$30,100.00",pending
101340,2026-03-07,Globex Incorporated,West,Gizmo Mini,9,$45.00,$405.00,Shipped
101341,2026-03-08,Vehement Capital,East,Gadget X,6,"$2,150.00","$12,900.00",SHIPPED
101342,2026-03-09,Massive Dynamic,New York,Gadget X,29,"$2,150.00","$62,350.00",Pending
101343,2026-03-10,Vehement Capital,West,Widget Pro,2,"$1,234.50","$2,469.00",pending
101344,2026-03-11,Acme Corp,East,Gadget X,17,"$2,150.00","$36,550.00",pending
101345,2026-03-12,Massive Dynamic,West,Gadget X,16,"$2,150.00","$34,400.00",Pending
101346,2026-03-13,Vehement Capital,west,Widget Lite,4,$89.99,$359.96,pending
101347,2026-03-14,Massive Dynamic,New York,Widget Lite,18,$89.99,"$1,619.82",Pending
101348,Mar 15 2026,Soylent Co,West,Gadget X,30,"$2,150.00","$64,500.00",shipped
101349,2026-03-16,Massive Dynamic,west,Gizmo Mini,1,$45.00,$45.00,shipped
101350,2026-03-17,Wayne Enterprises,NYC,Widget Pro,8,"$1,234.50","$9,876.00",Pending
101351,2026-03-18,Acme Corp,NYC,Gizmo Mini,9,$45.00,$405.00,Shipped
101352,2026-03-19,Umbrella Ltd,West,Widget Lite,1,$89.99,$89.99,Pending
101353,2026-03-20,Wayne Enterprises,East,Widget Pro,30,"$1,234.50","$37,035.00",shipped
101354,2026-03-21,Acme Corp,East,Widget Lite,11,$89.99,$989.89,Pending
101355,2026-03-22,Soylent Co,West,Gadget X,27,"$2,150.00","$58,050.00",Pending
101356,23/03/2026,Wayne Enterprises,East,Widget Pro,14,"$1,234.50","$17,283.00",Shipped
101357,Mar 24 2026,Massive Dynamic,East,Gadget X,21,"$2,150.00","$45,150.00",pending
101358,2026-03-25,Wayne Enterprises,west,Widget Pro,16,"$1,234.50","$19,752.00",Shipped
101359,2026-03-26,Umbrella Ltd,west,Gizmo Mini,24,$45.00,"$1,080.00",Shipped
101360,2026-03-27,Massive Dynamic,nyc,Widget Lite,21,$89.99,"$1,889.79",SHIPPED
101361,2026-03-28,Massive Dynamic,NYC,Gadget X,2,"$2,150.00","$4,300.00",pending
101362,2026-04-01,Hooli,n-y-c,Gadget X,26,"$2,150.00","$55,900.00",Shipped
101363,2026-04-02,Vehement Capital,west,Widget Pro,2,"$1,234.50","$2,469.00",Shipped
101364,2026-04-03,Soylent Co,East,Gadget X,5,"$2,150.00","$10,750.00",Shipped
101365,2026-04-04,Massive Dynamic,West,Widget Pro,13,"$1,234.50","$16,048.50",Shipped
101366,2026-04-05,Soylent Co,nyc,Widget Pro,26,"$1,234.50","$32,097.00",Shipped
101367,2026-04-06,Globex Incorporated,East,Gadget X,5,"$2,150.00","$10,750.00",Pending
101368,2026-04-07,Initech,New York,Widget Lite,15,$89.99,"$1,349.85",pending
101369,2026-04-08,Globex Incorporated,west,Gizmo Mini,12,$45.00,$540.00,Shipped
101370,2026-04-09,Acme Corp,East,Widget Pro,15,"$1,234.50","$18,517.50",SHIPPED
101371,2026-04-10,Umbrella Ltd,West,Gizmo Mini,27,$45.00,"$1,215.00",pending
101372,13/04/2026,Initech,West,Widget Pro,23,"$1,234.50","$28,393.50",pending
101373,13/04/2026,Umbrella Ltd,West,Widget Pro,8,"$1,234.50","$9,876.00",Pending
101374,2026-04-13,Massive Dynamic,west,Widget Lite,15,$89.99,"$1,349.85",pending
101375,2026-04-14,,New York,Gadget X,15,"$2,150.00","$32,250.00",shipped
101376,2026-04-15,Globex Incorporated,West,Gadget X,25,"$2,150.00","$53,750.00",shipped
101377,2026-04-16,Umbrella Ltd,East,Widget Lite,2,$89.99,$179.98,Pending
101378,2026-04-17,Initech,NYC,Gizmo Mini,15,$45.00,$675.00,SHIPPED
101379,2026-04-18,Initech,West,Widget Pro,10,"$1,234.50","$12,345.00",shipped
101380,2026-04-19,Massive Dynamic,East,Widget Pro,20,"$1,234.50","$24,690.00",pending
101381,2026-04-20,Acme Corp,New York,Gadget X,6,"$2,150.00","$12,900.00",pending
101382,2026-04-21,Vehement Capital,East,Widget Pro,21,"$1,234.50","$25,924.50",SHIPPED
101383,2026-04-22,Initech,New York,Widget Lite,19,$89.99,"$1,709.81",pending
101384,2026-04-23,Initech,East,Widget Lite,5,$89.99,$449.95,SHIPPED
101385,2026-04-24,Stark Industries,New York,Widget Lite,28,$89.99,"$2,369.72",shipped
101386,2026-04-25,Stark Industries,East,Widget Lite,20,$89.99,"$1,799.80",Pending
101387,2026-04-26,Globex Incorporated,West,Gizmo Mini,11,$45.00,$495.00,SHIPPED
101388,2026-04-27,Stark Industries,NYC,Gadget X,10,"$2,150.00","$21,500.00",Shipped
101389,2026-04-28,Globex Incorporated,East,Widget Lite,14,$89.99,"$1,259.86",SHIPPED
101390,2026-03-01,Umbrella Ltd,n-y-c,Widget Lite,10,$89.99,$899.90,shipped
101391,13/03/2026,Acme Corp,East,Widget Pro,3,"$1,234.50","$3,703.50",pending
101392,13/03/2026,Umbrella Ltd,west,Widget Pro,10,"$1,234.50","$12,345.00",Pending
101393,2026-03-04,Stark Industries,East,Widget Pro,1,"$1,234.50","$1,234.50",SHIPPED
101394,2026-03-05,Globex Incorporated,East,Widget Pro,2,"$1,234.50","$2,469.00",pending
101395,2026-03-06,Umbrella Ltd,East,Gizmo Mini,23,$45.00,"$1,035.00",Pending
101396,Mar 7 2026,Acme Corp,NYC,Gizmo Mini,4,$45.00,$180.00,Shipped
101397,13/03/2026,Soylent Co,East,Widget Pro,19,"$1,234.50","$23,455.50",Shipped
101398,13/03/2026,Wayne Enterprises,NYC,Widget Lite,9,$89.99,$809.91,Pending
101399,2026-03-10,Soylent Co,NYC,Widget Lite,19,$89.99,"$1,709.81",Shipped
101400,13/03/2026,Globex Incorporated,West,Gadget X,4,"$2,150.00","$8,600.00",SHIPPED
101401,2026-03-12,Umbrella Ltd,nyc,Widget Pro,1,"$1,234.50","$1,234.50",Shipped
101402,2026-03-13,Acme Corp,East,Gadget X,3,"$2,150.00","$6,450.00",Shipped
101403,2026-03-14,Hooli,New York,Gadget X,4,"$2,150.00","$8,600.00",pending
101404,Mar 15 2026,Wayne Enterprises,East,Gadget X,29,"$2,150.00","$62,350.00",Shipped
101405,Mar 16 2026,Globex Incorporated,West,Widget Pro,27,"$1,234.50","$33,331.50",SHIPPED
101406,17/03/2026,Umbrella Ltd,West,Widget Lite,7,$89.99,$629.93,pending
101407,18/03/2026,Soylent Co,n-y-c,Gizmo Mini,1,$45.00,$45.00,Pending
101408,19/03/2026,Vehement Capital,East,Gadget X,23,"$2,150.00","$49,450.00",Shipped
101409,2026-03-20,Umbrella Ltd,west,Widget Lite,28,$89.99,"$2,519.72",shipped
101410,2026-03-21,Massive Dynamic,East,Gizmo Mini,18,$45.00,$810.00,shipped
101411,2026-03-22,Globex Incorporated,n-y-c,Gizmo Mini,19,$45.00,$855.00,SHIPPED
101412,2026-03-23,Wayne Enterprises,nyc,Widget Lite,9,$89.99,$809.91,SHIPPED
101413,2026-03-24,Acme Corp,East,Gizmo Mini,8,$45.00,$360.00,Shipped
101414,2026-03-25,Initech,NYC,Gadget X,4,"$2,150.00","$8,600.00",SHIPPED
101415,2026-03-26,Globex Incorporated,East,Gizmo Mini,27,$45.00,"$1,215.00",SHIPPED
101416,2026-03-27,Acme Corp,New York,Gadget X,20,"$2,150.00","$43,000.00",Pending
101417,2026-03-28,Soylent Co,n-y-c,Widget Pro,2,"$1,234.50","$2,469.00",Pending
101418,2026-04-01,Vehement Capital,West,Widget Pro,22,"$1,234.50","$27,159.00",Pending
101419,13/04/2026,Soylent Co,NYC,Gizmo Mini,2,$45.00,$90.00,pending
101420,2026-04-03,Globex Incorporated,West,Widget Lite,26,$89.99,"$2,339.74",pending
101421,2026-04-04,Wayne Enterprises,East,Widget Pro,22,"$1,234.50","$27,159.00",pending
101422,2026-04-05,Massive Dynamic,West,Gadget X,6,"$2,150.00","$12,900.00",Pending
101423,2026-04-06,Vehement Capital,East,Widget Lite,14,$89.99,"$1,259.86",Pending
101424,2026-04-07,Stark Industries,East,Gizmo Mini,16,$45.00,$720.00,pending
101425,Apr 8 2026,Initech,west,Gadget X,26,"$2,150.00","$55,900.00",shipped
101426,2026-04-09,Wayne Enterprises,East,Widget Lite,18,$89.99,"$1,619.82",Shipped
101427,Apr 10 2026,Soylent Co,East,Gadget X,27,"$2,150.00","$58,050.00",SHIPPED
101428,2026-04-11,Initech,n-y-c,Widget Lite,4,$89.99,$359.96,pending
101429,2026-04-12,Hooli,west,Gadget X,13,"$2,150.00","$27,950.00",Shipped
101430,13/04/2026,Vehement Capital,NYC,Gizmo Mini,13,$45.00,$585.00,Pending
101431,2026-04-14,Wayne Enterprises,East,Gizmo Mini,4,$45.00,$180.00,Shipped
101432,2026-04-15,Acme Corp,West,Widget Pro,22,"$1,234.50","$27,159.00",pending
101433,2026-04-16,Umbrella Ltd,West,Gizmo Mini,17,$45.00,$765.00,Shipped
101434,17/04/2026,Stark Industries,East,Widget Pro,3,"$1,234.50","$3,703.50",pending
101435,2026-04-18,Initech,New York,Gizmo Mini,18,$45.00,$810.00,pending
101436,2026-04-19,Initech,nyc,Gizmo Mini,18,$45.00,$810.00,Pending
101437,Apr 20 2026,Acme Corp,East,Gizmo Mini,17,$45.00,$765.00,Shipped
101438,2026-04-21,Stark Industries,East,Widget Pro,4,"$1,234.50","$4,938.00",pending
101439,Apr 22 2026,Acme Corp,West,Gadget X,16,"$2,150.00","$34,400.00",Shipped
101440,Apr 23 2026,Soylent Co,East,Gadget X,24,"$2,150.00","$51,600.00",SHIPPED
101441,2026-04-24,Massive Dynamic,West,Gadget X,1,"$2,150.00","$2,150.00",pending
101442,2026-04-25,Soylent Co,East,Gadget X,15,"$2,150.00","$32,250.00",SHIPPED
101443,26/04/2026,Massive Dynamic,West,Widget Lite,13,$89.99,"$1,169.87",Pending
101444,2026-04-27,Hooli,NYC,Gadget X,26,"$2,150.00","$55,900.00",pending
101445,Apr 28 2026,Globex Incorporated,New York,Widget Pro,5,"$1,234.50","$6,172.50",Shipped
101446,2026-03-01,Soylent Co,East,Widget Pro,2,"$1,234.50","$2,469.00",SHIPPED
101447,Mar 2 2026,Wayne Enterprises,West,Gizmo Mini,18,$45.00,$810.00,shipped
101448,2026-03-03,Umbrella Ltd,East,Widget Lite,27,$89.99,"$2,429.73",SHIPPED
101449,2026-03-04,Acme Corp,West,Widget Lite,23,$89.99,"$2,069.77",Shipped
101450,2026-03-05,Stark Industries,East,Widget Lite,18,$89.99,"$1,619.82",Pending
101451,13/03/2026,Wayne Enterprises,n-y-c,Gizmo Mini,15,$45.00,$675.00,Pending
101452,13/03/2026,Soylent Co,nyc,Gizmo Mini,13,$45.00,$585.00,pending
101453,2026-03-08,Soylent Co,East,Widget Lite,12,$89.99,"$1,079.88",pending
101454,2026-03-09,Soylent Co,New York,Widget Pro,13,"$1,234.50","$16,048.50",Pending
101455,2026-03-10,Acme Corp,East,Widget Pro,26,"$1,234.50","$32,097.00",Pending
101456,13/03/2026,Wayne Enterprises,East,Gadget X,4,"$2,150.00","$8,600.00",shipped
101457,2026-03-12,Stark Industries,west,Gadget X,10,"$2,150.00","$21,500.00",Pending
101458,Mar 13 2026,Wayne Enterprises,west,Widget Lite,26,$89.99,"$2,339.74",pending
101459,2026-03-14,Wayne Enterprises,nyc,Widget Lite,7,$89.99,$629.93,SHIPPED
101460,2026-03-15,Soylent Co,East,Widget Lite,12,$89.99,"$1,079.88",Shipped
101461,2026-03-16,Massive Dynamic,East,Widget Lite,29,$89.99,"$2,609.71",Shipped
101462,17/03/2026,Acme Corp,East,Widget Pro,30,"$1,234.50","$37,035.00",SHIPPED
101463,18/03/2026,Vehement Capital,NYC,Widget Pro,2,"$1,234.50","$2,469.00",Pending
101464,2026-03-19,Wayne Enterprises,west,Gadget X,12,"$2,150.00","$25,800.00",Pending
101465,2026-03-20,Hooli,West,Gizmo Mini,23,$45.00,"$1,035.00",Pending
101466,2026-03-21,Wayne Enterprises,West,Gizmo Mini,17,$45.00,$765.00,pending
101467,22/03/2026,Hooli,NYC,Widget Pro,22,"$1,234.50","$27,159.00",pending
101468,2026-03-23,Acme Corp,New York,Widget Lite,15,$89.99,"$1,349.85",shipped
101469,24/03/2026,Stark Industries,East,Gizmo Mini,27,$45.00,"$1,215.00",Shipped
101470,25/03/2026,Vehement Capital,nyc,Widget Pro,27,"$1,234.50","$33,331.50",Pending
101471,26/03/2026,Umbrella Ltd,n-y-c,Widget Lite,6,$89.99,$539.94,pending
101472,27/03/2026,Hooli,n-y-c,Gadget X,1,"$2,150.00","$2,150.00",Shipped
101473,2026-03-28,Hooli,New York,Widget Lite,27,$89.99,"$2,429.73",Pending
101474,2026-04-01,Acme Corp,East,Widget Pro,9,"$1,234.50","$11,110.50",Pending
101475,13/04/2026,Hooli,East,Gadget X,2,"$2,150.00","$4,300.00",shipped
101476,2026-04-03,Acme Corp,n-y-c,Widget Lite,4,$89.99,$359.96,shipped
101477,2026-04-04,Initech,East,Gizmo Mini,28,$45.00,"$1,260.00",SHIPPED
101478,2026-04-05,Hooli,New York,Gadget X,5,"$2,150.00","$10,750.00",SHIPPED
101479,2026-04-06,Wayne Enterprises,New York,Gadget X,11,"$2,150.00","$23,650.00",SHIPPED
101480,2026-04-07,Hooli,nyc,Gadget X,8,"$2,150.00","$17,200.00",Shipped
101481,2026-04-08,Massive Dynamic,West,Widget Lite,29,89.99 USD,"$2,609.71",shipped
101482,2026-04-09,Wayne Enterprises,East,Widget Lite,19,$89.99,"$1,709.81",Pending
101483,2026-04-10,Wayne Enterprises,n-y-c,Gadget X,23,"$2,150.00","$49,450.00",Shipped
101484,13/04/2026,Umbrella Ltd,New York,Gadget X,22,"$2,150.00","$47,300.00",SHIPPED
101485,2026-04-12,Initech,NYC,Widget Lite,,$89.99,"$1,349.85",shipped
101486,13/04/2026,Acme Corp,west,Gadget X,9,"$2,150.00","$19,350.00",pending
101487,2026-04-14,Stark Industries,East,Widget Pro,11,"$1,234.50","$13,579.50",Pending
101488,2026-04-15,Initech,East,Widget Lite,23,$89.99,"$2,069.77",Shipped
101489,16/04/2026,Hooli,East,Widget Pro,19,"$1,234.50","$23,455.50",shipped
101490,17/04/2026,Initech,n-y-c,Widget Pro,13,"$1,234.50","$16,048.50",Shipped
101491,2026-04-18,Globex Incorporated,East,Widget Lite,12,$89.99,"$1,079.88",pending
101492,2026-04-19,Vehement Capital,west,Gadget X,25,"$2,150.00","$53,750.00",Pending
101493,2026-04-20,Umbrella Ltd,n-y-c,Widget Lite,3,$89.99,$269.97,pending
101494,21/04/2026,Soylent Co,NYC,Widget Pro,3,"$1,234.50","$3,703.50",SHIPPED
101495,2026-04-22,Hooli,west,Gizmo Mini,2,$45.00,$90.00,SHIPPED
101496,23/04/2026,Massive Dynamic,west,Widget Lite,28,$89.99,"$2,519.72",SHIPPED
101497,2026-04-24,Initech,New York,Widget Lite,19,$89.99,"$1,709.81",shipped
101498,2026-04-25,Massive Dynamic,west,Widget Lite,23,$89.99,"$2,069.77",pending
101499,Apr 26 2026,Soylent Co,East,Gadget X,23,"$2,150.00","$49,450.00",pending
101500,2026-04-27,Initech,west,Gizmo Mini,13,$45.00,$785.00,Pending
101501,2026-04-28,Vehement Capital,New York,Widget Lite,24,$89.99,"$2,159.76",Shipped
101502,2026-03-01,Acme Corp,West,Widget Pro,30,"$1,234.50","$37,035.00",SHIPPED
101503,13/03/2026,Initech,West,Widget Lite,2,$89.99,$179.98,Pending
101504,2026-03-03,Soylent Co,East,Widget Lite,7,$89.99,$629.93,Pending
101505,13/03/2026,Acme Corp,East,Widget Lite,9,$89.99,$809.91,pending
101506,2026-03-05,Stark Industries,East,Widget Pro,5,"$1,234.50","$6,172.50",shipped
101507,2026-03-06,Soylent Co,nyc,Widget Pro,24,"$1,234.50","$29,628.00",Shipped
101508,2026-03-07,Hooli,East,Gizmo Mini,4,$45.00,$180.00,Shipped
101509,13/03/2026,Stark Industries,New York,Gadget X,14,"$2,150.00","$30,100.00",shipped
101510,2026-03-09,Umbrella Ltd,n-y-c,Gadget X,22,"$2,150.00","$47,300.00",shipped
101511,2026-03-10,Stark Industries,East,Gizmo Mini,16,$45.00,$720.00,SHIPPED
101512,2026-03-11,Wayne Enterprises,West,Gadget X,2,"$2,150.00","$4,300.00",Pending
101513,2026-03-12,Wayne Enterprises,East,Widget Lite,23,$89.99,"$2,069.77",SHIPPED
101514,2026-03-13,Soylent Co,nyc,Gizmo Mini,19,$45.00,$855.00,shipped
101515,14/03/2026,Initech,n-y-c,Widget Pro,14,"$1,234.50","$17,283.00",shipped
101516,15/03/2026,Massive Dynamic,East,Widget Lite,10,$89.99,$899.90,Shipped
101517,16/03/2026,Vehement Capital,East,Gadget X,17,"$2,150.00","$36,550.00",SHIPPED
101518,17/03/2026,Stark Industries,West,Gadget X,29,"$2,150.00","$62,350.00",shipped
101519,2026-03-18,Massive Dynamic,n-y-c,Gizmo Mini,20,$45.00,$900.00,Shipped
101520,19/03/2026,Wayne Enterprises,West,Widget Lite,29,$89.99,"$2,609.71",pending
101521,2026-03-20,Initech,n-y-c,Widget Lite,15,$89.99,"$1,349.85",pending
101522,2026-03-21,Wayne Enterprises,East,Gadget X,12,"$2,150.00","$25,800.00",Shipped
101523,2026-03-22,Stark Industries,West,Widget Pro,16,"$1,234.50","$19,752.00",shipped
101524,2026-03-23,Acme Corp,East,Gizmo Mini,18,$45.00,$810.00,Shipped
101525,2026-03-24,Hooli,NYC,Gadget X,26,"$2,150.00","$55,900.00",SHIPPED
101526,Mar 25 2026,Initech,East,Gadget X,16,"$2,150.00","$34,400.00",Shipped
101527,2026-03-26,Massive Dynamic,NYC,Gadget X,11,"$2,150.00","$23,650.00",Pending
101528,2026-03-27,Soylent Co,nyc,Widget Lite,7,$89.99,$629.93,SHIPPED
101529,28/03/2026,Vehement Capital,New York,Gizmo Mini,28,$45.00,"$1,260.00",Pending
101530,2026-04-01,Stark Industries,East,Gadget X,22,"$2,150.00","$47,300.00",shipped
101531,2026-04-02,Soylent Co,NYC,Widget Lite,28,$89.99,"$2,519.72",pending
101532,2026-04-03,Acme Corp,west,Widget Lite,,$89.99,"$2,429.73",Shipped
101533,13/04/2026,Hooli,East,Widget Lite,12,$89.99,"$1,079.88",Pending
101534,2026-04-05,Massive Dynamic,NYC,Gizmo Mini,12,$45.00,$540.00,SHIPPED
101535,13/04/2026,Wayne Enterprises,New York,Gizmo Mini,9,$45.00,$405.00,Pending
101536,2026-04-07,Umbrella Ltd,NYC,Gizmo Mini,6,$45.00,$270.00,Pending
101537,2026-04-08,Umbrella Ltd,East,Widget Lite,8,$89.99,$719.92,shipped
101538,2026-04-09,Massive Dynamic,west,Gizmo Mini,14,$45.00,$630.00,pending
101539,13/04/2026,Wayne Enterprises,New York,Gadget X,15,"$2,150.00","$32,250.00",Pending
101540,Apr 11 2026,Stark Industries,East,Gizmo Mini,17,$45.00,$765.00,Shipped
101541,2026-04-12,Acme Corp,West,Gizmo Mini,27,$45.00,"$1,215.00",Pending
101542,2026-04-13,Wayne Enterprises,nyc,Gizmo Mini,30,$45.00,"$1,350.00",SHIPPED
101543,2026-04-14,Initech,NYC,Widget Pro,30,"$1,234.50","$37,035.00",pending
101544,2026-04-15,Umbrella Ltd,west,Gizmo Mini,26,$45.00,"$1,170.00",pending
101545,2026-04-16,Initech,west,Widget Lite,26,$89.99,"$2,339.74",Pending
101546,2026-04-17,Acme Corp,NYC,Gizmo Mini,28,$45.00,"$1,260.00",shipped
101547,18/04/2026,Stark Industries,New York,Widget Pro,23,"$1,234.50","$28,393.50",shipped
101548,Apr 19 2026,Hooli,West,Gadget X,30,"$2,150.00","$64,500.00",Pending
101549,2026-04-20,Wayne Enterprises,East,Gizmo Mini,23,$45.00,"$1,035.00",Pending
101550,Apr 21 2026,Acme Corp,East,Gadget X,28,"$2,150.00","$60,200.00",Pending
101551,2026-04-22,Hooli,west,Gadget X,18,"$2,150.00","$38,700.00",pending
101552,2026-04-23,Hooli,East,Widget Pro,2,"$1,234.50","$2,469.00",Shipped
101553,2026-04-24,Hooli,west,Gadget X,26,"$2,150.00","$55,900.00",Pending
101554,2026-04-25,Initech,West,Widget Pro,22,"$1,234.50","$27,159.00",Pending
101555,2026-04-26,Globex Incorporated,West,Gadget X,12,"$2,150.00","$25,800.00",Pending
101556,27/04/2026,Hooli,n-y-c,Gadget X,11,"$2,150.00","$23,650.00",pending
101557,28/04/2026,Hooli,East,Widget Pro,18,"$1,234.50","$22,221.00",pending
101558,2026-03-01,Acme Corp,NYC,Gizmo Mini,22,$45.00,$990.00,Shipped
101559,2026-03-02,Vehement Capital,West,Widget Pro,11,"$1,234.50","$13,579.50",Pending
101560,Mar 3 2026,Wayne Enterprises,East,Widget Pro,15,"$1,234.50","$18,517.50",Pending
101561,2026-03-04,Vehement Capital,East,Widget Lite,1,$89.99,$519.99,SHIPPED
101562,2026-03-05,Massive Dynamic,East,Widget Lite,29,$89.99,"$2,609.71",shipped
101563,2026-03-06,Soylent Co,New York,Widget Pro,26,"$1,234.50","$32,097.00",Pending
101564,2026-03-07,Vehement Capital,East,Widget Lite,28,$89.99,"$2,519.72",Shipped
101565,2026-03-08,Massive Dynamic,nyc,Widget Pro,19,"$1,234.50","$23,455.50",Pending
101566,2026-03-09,Umbrella Ltd,East,Widget Lite,22,$89.99,"$1,979.78",pending
101567,2026-03-10,Vehement Capital,west,Gadget X,11,"$2,150.00","$23,650.00",SHIPPED
101568,2026-03-11,Globex Incorporated,East,Gizmo Mini,14,$45.00,$630.00,pending
101569,2026-03-12,Initech,West,Gadget X,8,"$2,150.00","$17,200.00",Shipped
101570,2026-03-13,Stark Industries,West,Gizmo Mini,23,$45.00,"$1,035.00",Pending
101571,2026-03-14,Hooli,West,Gadget X,16,"$2,150.00","$34,400.00",SHIPPED
101572,2026-03-15,Umbrella Ltd,East,Widget Pro,16,"$1,234.50","$19,752.00",shipped
101573,16/03/2026,Umbrella Ltd,New York,Widget Pro,24,"$1,234.50","$29,628.00",shipped
101574,Mar 17 2026,Initech,East,Widget Pro,6,"$1,234.50","$7,407.00",SHIPPED
101575,Mar 18 2026,Globex Incorporated,East,Widget Pro,18,"$1,234.50","$22,221.00",SHIPPED
101576,Mar 19 2026,Wayne Enterprises,East,Gadget X,17,"$2,150.00","$36,550.00",shipped
101577,20/03/2026,Initech,n-y-c,Widget Lite,20,$89.99,"$1,799.80",shipped
101578,21/03/2026,Hooli,NYC,Widget Pro,17,"$1,234.50","$20,986.50",Pending
101578,21/03/2026, Hooli ,NYC,Widget Pro,17,"$1,234.50","$20,986.50",Pending
101579,2026-03-23,Globex Incorporated,New York,Widget Lite,28,$89.99,"$2,519.72",shipped
101580,2026-03-24,Stark Industries,West,Gizmo Mini,1,$45.00,$45.00,shipped
101581,25/03/2026,Acme Corp,New York,Gizmo Mini,10,$45.00,$450.00,pending
101582,2026-03-26,Umbrella Ltd,west,Gizmo Mini,10,$45.00,$450.00,shipped
101583,Mar 27 2026,Umbrella Ltd,East,Widget Pro,11,"$1,234.50","$13,579.50",SHIPPED
101584,2026-03-28,Initech,West,Gizmo Mini,12,$45.00,$540.00,SHIPPED
101585,2026-04-01,Stark Industries,West,Gadget X,24,"$2,150.00","$51,600.00",Shipped
101586,2026-04-02,Wayne Enterprises,East,Widget Lite,11,$89.99,$989.89,Pending
101587,13/04/2026,Acme Corp,NYC,Gizmo Mini,6,$45.00,$270.00,shipped
101588,13/04/2026,Stark Industries,East,Widget Pro,23,"$1,234.50","$28,393.50",pending
101589,13/04/2026,Vehement Capital,West,Widget Lite,17,$89.99,"$1,529.83",pending
101590,2026-04-06,Initech,NYC,Gadget X,8,"$2,150.00","$17,200.00",shipped
101591,2026-04-07,Soylent Co,East,Widget Lite,3,$89.99,$269.97,SHIPPED
101592,13/04/2026,Umbrella Ltd,East,Gadget X,17,"$2,150.00","$36,550.00",pending
101593,2026-04-09,Vehement Capital,East,Widget Lite,20,$89.99,"$1,799.80",Shipped
101594,2026-04-10,Massive Dynamic,East,Widget Pro,28,"$1,234.50","$34,566.00",Shipped
101595,2026-04-11,Acme Corp,New York,Gadget X,22,"$2,150.00","$47,300.00",shipped
101596,2026-04-12,Stark Industries,West,Widget Pro,1,"$1,234.50","$1,234.50",Pending
101597,13/04/2026,Umbrella Ltd,west,Widget Lite,7,$89.99,$629.93,Pending
101598,2026-04-14,,East,Gizmo Mini,7,$45.00,$315.00,Pending
101599,2026-04-15,Vehement Capital,west,Gizmo Mini,11,$45.00,$495.00,Shipped
101600,2026-04-16,Umbrella Ltd,west,Gadget X,5,"$2,150.00","$10,750.00",Shipped
101601,2026-04-17,Initech,East,Gadget X,27,"$2,150.00","$58,050.00",Pending
101602,2026-04-18,Hooli,west,Widget Pro,10,"$1,234.50","$12,345.00",Shipped
101603,2026-04-19,Acme Corp,west,Gizmo Mini,18,$45.00,$810.00,Shipped
101604,2026-04-20,Massive Dynamic,NYC,Widget Lite,8,$89.99,$719.92,SHIPPED
101605,Apr 21 2026,Umbrella Ltd,n-y-c,Widget Lite,22,$89.99,"$1,979.78",pending
101606,2026-04-22,Umbrella Ltd,West,Gizmo Mini,17,$45.00,$765.00,Shipped
101607,2026-04-23,Initech,East,Widget Pro,30,"$1,234.50","$37,035.00",Pending
101608,2026-04-24,Stark Industries,west,Widget Pro,8,"$1,234.50","$9,876.00",shipped
101609,2026-04-25,Globex Incorporated,west,Widget Lite,30,$89.99,"$2,699.70",shipped
101610,Apr 26 2026,Soylent Co,NYC,Widget Lite,27,$89.99,"$2,429.73",shipped
101611,2026-04-27,Vehement Capital,New York,Widget Lite,8,$89.99,$719.92,pending
101612,Apr 28 2026,Massive Dynamic,West,Gizmo Mini,28,$45.00,"$1,260.00",Shipped
101613,13/03/2026,Vehement Capital,NYC,Gizmo Mini,26,$45.00,"$1,170.00",Pending
101614,2026-03-02,Vehement Capital,East,Widget Lite,12,$89.99,"$1,079.88",pending
101615,2026-03-03,Stark Industries,NYC,Gadget X,27,"$2,150.00","$58,050.00",pending
101616,13/03/2026,Umbrella Ltd,West,Widget Pro,5,"$1,234.50","$6,172.50",shipped
101617,2026-03-05,Globex Incorporated,East,Gizmo Mini,19,$45.00,$855.00,Pending
101618,2026-03-06,Globex Incorporated,n-y-c,Widget Pro,4,"$1,234.50","$4,938.00",pending
101619,2026-03-07,Soylent Co,west,Widget Lite,1,$89.99,$89.99,Shipped
101620,13/03/2026,Vehement Capital,West,Gizmo Mini,6,$45.00,$270.00,Shipped
101621,13/03/2026,Soylent Co,n-y-c,Widget Lite,25,$89.99,"$2,249.75",pending
101622,2026-03-10,Soylent Co,East,Gizmo Mini,4,$45.00,$180.00,pending
101623,2026-03-11,Umbrella Ltd,west,Widget Lite,7,$89.99,$629.93,Pending
101624,2026-03-12,Umbrella Ltd,East,Widget Pro,29,"$1,234.50","$35,800.50",shipped
101625,2026-03-13,Wayne Enterprises,nyc,Widget Lite,17,$89.99,"$1,529.83",shipped
101626,2026-03-14,Globex Incorporated,n-y-c,Gadget X,14,"$2,150.00","$30,100.00",shipped
101627,2026-03-15,Stark Industries,West,Gizmo Mini,12,$45.00,$540.00,Pending
101628,2026-03-16,Vehement Capital,East,Widget Pro,18,"$1,234.50","$22,221.00",pending
101629,2026-03-17,Acme Corp,nyc,Gizmo Mini,4,$45.00,$180.00,Shipped
101630,Mar 18 2026,Globex Incorporated,East,Gadget X,24,"$2,150.00","$51,600.00",Shipped
101631,2026-03-19,Soylent Co,East,Widget Pro,17,"$1,234.50","$20,986.50",pending
101631,2026-03-19,Soylent Co,East,Widget Pro,17,"$1,234.50","$20,986.50",pending
101632,21/03/2026,Massive Dynamic,East,Widget Lite,14,$89.99,"$1,259.86",pending
101633,2026-03-22,Massive Dynamic,west,Widget Pro,16,"$1,234.50","$19,752.00",Shipped
101634,2026-03-23,Acme Corp,East,Gizmo Mini,6,$45.00,$270.00,Pending
101635,2026-03-24,Vehement Capital,NYC,Widget Lite,18,$89.99,"$1,619.82",Pending
101636,25/03/2026,Stark Industries,East,Gizmo Mini,29,$45.00,"$1,305.00",Pending
101637,26/03/2026,Wayne Enterprises,west,Gadget X,7,"$2,150.00","$15,050.00",pending
101638,2026-03-27,Globex Incorporated,West,Gizmo Mini,29,$45.00,"$1,305.00",Pending
101639,2026-03-28,Acme Corp,East,Gizmo Mini,2,$45.00,$90.00,shipped
101640,13/04/2026,Initech,west,Widget Pro,5,"$1,234.50","$6,172.50",Pending
101641,2026-04-02,Umbrella Ltd,West,Widget Lite,24,$89.99,"$2,159.76",pending
101642,2026-04-03,Umbrella Ltd,West,Widget Lite,7,$89.99,$629.93,shipped
101643,2026-04-04,Vehement Capital,West,Widget Lite,25,$89.99,"$2,249.75",pending
101644,2026-04-05,Massive Dynamic,East,Widget Lite,1,$89.99,$89.99,SHIPPED
101645,2026-04-06,Globex Incorporated,n-y-c,Widget Pro,10,"$1,234.50","$12,345.00",pending
101646,2026-04-07,Initech,New York,Gizmo Mini,8,$45.00,$360.00,pending
101647,2026-04-08,Initech,East,Widget Pro,12,"$1,234.50","$15,014.00",shipped
101648,2026-04-09,Stark Industries,East,Gizmo Mini,11,$45.00,$495.00,pending
101649,2026-04-10,Soylent Co,East,Widget Lite,3,$89.99,$269.97,Shipped
101650,2026-04-11,Initech,West,Widget Lite,3,$89.99,$269.97,Shipped
101651,13/04/2026,Massive Dynamic,west,Widget Lite,7,$89.99,$629.93,Shipped
101652,13/04/2026,Massive Dynamic,West,Widget Pro,2,"$1,234.50","$2,469.00",Pending
101653,2026-04-14,Umbrella Ltd,West,Gadget X,21,"$2,150.00","$45,150.00",Pending
101654,2026-04-15,Stark Industries,New York,Widget Pro,21,"$1,234.50","$25,924.50",shipped
101655,2026-04-16,Acme Corp,west,Gadget X,16,"$2,150.00","$34,400.00",Shipped
101656,Apr 17 2026,Massive Dynamic,nyc,Widget Lite,13,$89.99,"$1,169.87",Pending
101657,2026-04-18,Soylent Co,west,Gizmo Mini,22,$45.00,$990.00,Pending
101658,2026-04-19,Wayne Enterprises,East,Widget Lite,6,$89.99,$539.94,Shipped
101659,2026-04-20,Soylent Co,NYC,Gadget X,24,"$2,150.00","$51,600.00",shipped
101660,2026-04-21,Initech,East,Gadget X,2,"$2,150.00","$4,300.00",pending
101661,22/04/2026,Initech,West,Gadget X,28,"$2,150.00","$60,200.00",shipped
101662,2026-04-23,Vehement Capital,nyc,Gizmo Mini,26,$45.00,"$1,170.00",pending
101663,24/04/2026,Hooli,west,Widget Lite,15,$89.99,"$1,349.85",Shipped
101664,2026-04-25,Vehement Capital,East,Widget Lite,23,$89.99,"$2,069.77",Pending
101665,2026-04-26,Initech,East,Gadget X,26,"$2,150.00","$55,900.00",Pending
101666,2026-04-27,,West,Gizmo Mini,22,$45.00,$990.00,Shipped
101667,2026-04-28,Acme Corp,West,Widget Lite,30,$89.99,"$2,699.70",shipped
101668,2026-03-01,Acme Corp,West,Widget Pro,14,"$1,234.50","$17,283.00",Pending
101669,2026-03-02,Globex Incorporated,nyc,Widget Pro,8,"$1,234.50","$9,876.00",Pending
101670,2026-03-03,Vehement Capital,West,Widget Lite,28,$89.99,"$2,519.72",SHIPPED
101671,2026-03-04,Massive Dynamic,NYC,Gadget X,19,"$2,150.00","$40,850.00",pending
101672,2026-03-05,Umbrella Ltd,West,Gadget X,3,"$2,150.00","$6,450.00",shipped
101673,2026-03-06,Massive Dynamic,NYC,Widget Lite,12,$89.99,"$1,079.88",Shipped
101674,2026-03-07,Soylent Co,East,Gizmo Mini,6,$45.00,$270.00,Pending
101675,2026-03-08,Umbrella Ltd,West,Widget Lite,1,$89.99,$89.99,Shipped
101676,2026-03-09,Initech,nyc,Gizmo Mini,6,$45.00,$270.00,pending
101677,2026-03-10,Massive Dynamic,East,Widget Lite,8,$89.99,$719.92,shipped
101678,2026-03-11,Soylent Co,nyc,Gizmo Mini,8,$45.00,$360.00,pending
101679,13/03/2026,Initech,west,Gizmo Mini,21,$45.00,$945.00,SHIPPED
101680,2026-03-13,Wayne Enterprises,west,Widget Lite,29,$89.99,"$2,609.71",shipped
101681,2026-03-14,Stark Industries,West,Gadget X,30,"$2,150.00","$64,500.00",pending
101682,2026-03-15,Stark Industries,West,Widget Lite,15,$89.99,"$1,349.85",shipped
101683,2026-03-16,Massive Dynamic,East,Gadget X,11,"$2,150.00","$23,650.00",SHIPPED
101684,2026-03-17,Umbrella Ltd,west,Gizmo Mini,16,$45.00,$720.00,pending
101685,2026-03-18,Initech,East,Gadget X,10,"$2,150.00","$21,500.00",Shipped
101686,2026-03-19,Wayne Enterprises,NYC,Widget Lite,11,$89.99,$989.89,SHIPPED
101687,2026-03-20,Hooli,west,Widget Lite,10,$89.99,$899.90,Pending
101688,2026-03-21,Vehement Capital,west,Gadget X,14,"$2,150.00","$30,100.00",SHIPPED
101689,22/03/2026,Hooli,west,Gizmo Mini,17,$45.00,$765.00,pending
101690,23/03/2026,Wayne Enterprises,n-y-c,Gadget X,4,"$2,150.00","$8,600.00",Pending
101691,2026-03-24,Globex Incorporated,West,Widget Lite,1,$89.99,$89.99,Shipped
101692,2026-03-25,Initech,n-y-c,Gizmo Mini,27,$45.00,"$1,215.00",SHIPPED
101693,2026-03-26,Wayne Enterprises,West,Gadget X,3,"$2,150.00","$6,450.00",SHIPPED
101694,27/03/2026,Vehement Capital,New York,Widget Lite,18,$89.99,"$1,619.82",Pending
101695,2026-03-28,Acme Corp,West,Gizmo Mini,13,$45.00,$585.00,Shipped
101696,13/04/2026,Massive Dynamic,East,Widget Pro,18,"$1,234.50","$22,221.00",pending
101697,2026-04-02,Globex Incorporated,nyc,Widget Pro,13,"$1,234.50","$16,048.50",Pending
101698,2026-04-03,Hooli,NYC,Widget Pro,8,"$1,234.50","$9,876.00",pending
101699,2026-04-04,Vehement Capital,East,Widget Pro,8,"$1,234.50","$9,876.00",pending
101700,2026-04-05,Hooli,East,Gadget X,19,"$2,150.00","$40,850.00",shipped
101701,13/04/2026,Hooli,west,Widget Lite,7,$89.99,$629.93,pending
101702,2026-04-07,Massive Dynamic,West,Gadget X,12,"$2,150.00","$25,800.00",Shipped
101703,2026-04-08,Vehement Capital,New York,Gadget X,24,"$2,150.00","$51,600.00",SHIPPED
101704,2026-04-09,Soylent Co,East,Widget Lite,17,$89.99,"$1,529.83",SHIPPED
101705,2026-04-10,Hooli,East,Widget Lite,14,$89.99,"$1,259.86",Pending
101706,2026-04-11,Globex Incorporated,East,Gizmo Mini,9,$45.00,$405.00,shipped
101707,2026-04-12,Stark Industries,west,Widget Lite,29,$89.99,"$2,609.71",SHIPPED
101708,Apr 13 2026,Hooli,nyc,Gadget X,2,"$2,150.00","$4,300.00",Pending
101709,2026-04-14,Hooli,West,Gizmo Mini,12,$45.00,$540.00,shipped
101710,2026-04-15,Hooli,nyc,Widget Pro,11,"$1,234.50","$13,579.50",shipped
101711,Apr 16 2026,Wayne Enterprises,west,Gadget X,3,"$2,150.00","$6,450.00",pending
101712,Apr 17 2026,Initech,East,Widget Pro,3,"$1,234.50","$3,703.50",shipped
101713,Apr 18 2026,Massive Dynamic,East,Gadget X,1,"$2,150.00","$2,150.00",pending
101714,2026-04-19,Globex Incorporated,n-y-c,Gizmo Mini,26,$45.00,"$1,170.00",SHIPPED
101715,20/04/2026,Massive Dynamic,nyc,Widget Lite,1,$89.99,$89.99,Shipped
101716,2026-04-21,Massive Dynamic,west,Widget Pro,7,"$1,234.50","$8,641.50",Shipped
101717,2026-04-22,Hooli,nyc,Gizmo Mini,23,$45.00,"$1,035.00",shipped
101718,2026-04-23,Stark Industries,west,Widget Pro,11,"$1,234.50","$13,579.50",SHIPPED
101719,24/04/2026,Initech,NYC,Gadget X,7,"$2,150.00","$15,050.00",Pending
101720,2026-04-25,Massive Dynamic,NYC,Widget Lite,3,$89.99,$269.97,Pending
101721,26/04/2026,Umbrella Ltd,West,Gadget X,16,"$2,150.00","$34,400.00",Shipped
101722,2026-04-27,Globex Incorporated,East,Widget Pro,15,"$1,234.50","$18,517.50",Shipped
101723,2026-04-28,Massive Dynamic,East,Gadget X,9,"$2,150.00","$19,350.00",Pending
101724,2026-03-01,Globex Incorporated,New York,Widget Pro,28,"$1,234.50","$34,566.00",SHIPPED
101725,2026-03-02,Hooli,NYC,Widget Lite,7,$89.99,$629.93,pending
101726,2026-03-03,Hooli,East,Gadget X,9,"$2,150.00","$19,350.00",shipped
101727,2026-03-04,Wayne Enterprises,west,Widget Lite,21,$89.99,"$1,889.79",shipped
101728,13/03/2026,Wayne Enterprises,West,Gadget X,13,"$2,150.00","$27,950.00",Shipped
101729,2026-03-06,Soylent Co,New York,Gizmo Mini,23,$45.00,"$1,035.00",Shipped
101730,Mar 7 2026,Hooli,East,Widget Pro,3,"$1,234.50","$3,703.50",Pending
101731,13/03/2026,Stark Industries,East,Gadget X,14,"$2,150.00","$30,100.00",shipped
101732,2026-03-09,Globex Incorporated,west,Widget Lite,8,$89.99,$719.92,Pending
101733,2026-03-10,Hooli,west,Gizmo Mini,10,$45.00,$450.00,shipped
101734,2026-03-11,Massive Dynamic,nyc,Gadget X,29,"$2,150.00","$62,350.00",Pending
101735,2026-03-12,Umbrella Ltd,west,Gadget X,20,"$2,150.00","$43,000.00",Shipped
101736,Mar 13 2026,Globex Incorporated,west,Widget Lite,16,$89.99,"$1,439.84",Pending
101737,2026-03-14,Stark Industries,nyc,Gadget X,18,"$2,150.00","$38,700.00",SHIPPED
101738,2026-03-15,Umbrella Ltd,East,Widget Lite,8,$89.99,$719.92,Pending
101739,16/03/2026,Massive Dynamic,west,Gadget X,26,"$2,150.00","$55,900.00",Shipped
101740,2026-03-17,Globex Incorporated,n-y-c,Widget Lite,27,$89.99,"$2,429.73",SHIPPED
101741,2026-03-18,Umbrella Ltd,n-y-c,Widget Lite,6,$89.99,$539.94,Shipped
101742,2026-03-19,Vehement Capital,west,Gadget X,28,"$2,150.00","$60,200.00",pending
101743,20/03/2026,Initech,New York,Widget Lite,6,$89.99,$539.94,shipped
101744,2026-03-21,Soylent Co,East,Widget Pro,21,"$1,234.50","$25,924.50",Pending
101745,2026-03-22,Massive Dynamic,west,Widget Pro,22,"$1,234.50","$27,159.00",SHIPPED
101746,2026-03-23,Vehement Capital,East,Widget Lite,26,$89.99,"$2,339.74",shipped
101747,2026-03-24,Stark Industries,East,Gizmo Mini,12,$45.00,$540.00,Pending
101748,25/03/2026,Soylent Co,New York,Widget Lite,17,$89.99,"$1,529.83",shipped
101749,2026-03-26,Wayne Enterprises,East,Gizmo Mini,1,$45.00,$45.00,shipped
101750,27/03/2026,Wayne Enterprises,East,Widget Lite,3,$89.99,$269.97,shipped
101751,2026-03-28,Initech,East,Gadget X,5,"$2,150.00","$10,750.00",Pending
101752,Apr 1 2026,Initech,West,Gadget X,16,"$2,150.00","$34,400.00",pending
101753,2026-04-02,Acme Corp,West,Gizmo Mini,7,$45.00,$315.00,pending
101754,2026-04-03,Umbrella Ltd,East,Widget Pro,4,"$1,234.50","$4,938.00",SHIPPED
101755,13/04/2026,Soylent Co,East,Gizmo Mini,21,$45.00,$945.00,pending
101756,13/04/2026,Hooli,West,Gadget X,10,"$2,150.00","$21,500.00",shipped
101757,2026-04-06,Globex Incorporated,NYC,Gadget X,1,"$2,150.00","$2,150.00",pending
101758,Apr 7 2026,Acme Corp,nyc,Gizmo Mini,12,$45.00,$540.00,pending
101759,2026-04-08,Initech,East,Gizmo Mini,28,$45.00,"$1,260.00",pending
101760,2026-04-09,Vehement Capital,n-y-c,Widget Pro,18,"$1,234.50","$22,221.00",Pending
101761,2026-04-10,Massive Dynamic,nyc,Gadget X,4,"$2,150.00","$8,600.00",pending
101762,2026-04-11,Soylent Co,East,Gizmo Mini,16,$45.00,$720.00,SHIPPED
101763,13/04/2026,Vehement Capital,n-y-c,Gizmo Mini,20,$45.00,$900.00,Shipped
101764,Apr 13 2026,Wayne Enterprises,New York,Widget Pro,14,"$1,234.50","$17,283.00",shipped
101765,2026-04-14,Umbrella Ltd,East,Widget Lite,17,$89.99,"$1,529.83",Pending
101766,2026-04-15,Stark Industries,East,Widget Lite,9,$89.99,$809.91,Pending
101767,2026-04-16,Massive Dynamic,west,Gadget X,30,"$2,150.00","$64,500.00",shipped
101768,2026-04-17,Vehement Capital,East,Widget Lite,4,$89.99,$359.96,Pending
101769,2026-04-18,Stark Industries,West,Widget Pro,6,"$1,234.50","$7,407.00",Shipped
101770,2026-04-19,Acme Corp,nyc,Widget Pro,19,"$1,234.50","$23,455.50",Pending
101771,2026-04-20,Globex Incorporated,West,Widget Pro,12,"$1,234.50","$14,814.00",Pending
101772,2026-04-21,Acme Corp,East,Widget Lite,15,$89.99,"$1,349.85",shipped
101773,2026-04-22,Umbrella Ltd,n-y-c,Gadget X,7,"$2,150.00","$15,050.00",Pending
101774,2026-04-23,Stark Industries,NYC,Widget Pro,22,"$1,234.50","$27,159.00",Shipped
101775,2026-04-24,Vehement Capital,west,Gadget X,28,"$2,150.00","$60,200.00",SHIPPED
101776,2026-04-25,Acme Corp,NYC,Gadget X,2,"$2,150.00","$4,300.00",pending
101777,2026-04-26,Globex Incorporated,East,Gadget X,14,"$2,150.00","$30,100.00",Pending
101778,Apr 27 2026,Stark Industries,n-y-c,Widget Lite,28,$89.99,"$2,519.72",Shipped
101779,2026-04-28,Wayne Enterprises,NYC,Widget Pro,26,"$1,234.50","$32,097.00",Shipped
101780,2026-03-01,Massive Dynamic,west,Gizmo Mini,1,$45.00,$45.00,SHIPPED
101781,2026-03-02,Massive Dynamic,n-y-c,Gadget X,22,"$2,150.00","$47,300.00",SHIPPED
101782,2026-03-03,Vehement Capital,New York,Gadget X,7,"$2,150.00","$15,050.00",pending
101783,13/03/2026,Initech,nyc,Gizmo Mini,4,$45.00,$180.00,Pending
101784,2026-03-05,Umbrella Ltd,west,Widget Pro,29,"$1,234.50","$35,800.50",pending
101785,2026-03-06,Vehement Capital,NYC,Widget Pro,14,"$1,234.50","$17,283.00",Pending
101786,Mar 7 2026,Stark Industries,East,Widget Pro,13,"$1,234.50","$16,048.50",Pending
101787,2026-03-08,Stark Industries,New York,Widget Pro,14,"$1,234.50","$17,283.00",Pending
101788,Mar 9 2026,Acme Corp,West,Gizmo Mini,11,$45.00,$495.00,Shipped
101789,Mar 10 2026,Wayne Enterprises,East,Gizmo Mini,29,$45.00,"$1,305.00",shipped
101790,2026-03-11,Umbrella Ltd,n-y-c,Widget Pro,14,"$1,234.50","$17,283.00",SHIPPED
101791,2026-03-12,Acme Corp,n-y-c,Widget Pro,16,"$1,234.50","$19,752.00",Shipped
101792,13/03/2026,Massive Dynamic,West,Widget Lite,21,$89.99,"$1,889.79",shipped
101793,Mar 14 2026,Hooli,nyc,Gadget X,25,"$2,150.00","$53,750.00",Pending
101794,15/03/2026,Acme Corp,East,Widget Pro,3,"$1,234.50","$3,703.50",SHIPPED
101795,Mar 16 2026,Wayne Enterprises,NYC,Gadget X,25,"$2,150.00","$53,750.00",Shipped
101796,Mar 17 2026,Wayne Enterprises,nyc,Widget Pro,26,"$1,234.50","$32,097.00",Pending
101797,2026-03-18,Initech,west,Gadget X,19,"$2,150.00","$40,850.00",Pending
101798,2026-03-19,Umbrella Ltd,nyc,Gizmo Mini,23,$45.00,"$1,035.00",Shipped
101799,2026-03-20,Wayne Enterprises,west,Gadget X,24,"$2,150.00","$51,600.00",SHIPPED
101800,2026-03-21,Umbrella Ltd,West,Gadget X,10,"$2,150.00","$21,500.00",pending
101801,2026-03-22,Stark Industries,west,Widget Pro,8,"$1,234.50","$9,876.00",shipped
101802,2026-03-23,Initech,nyc,Gizmo Mini,11,$45.00,$495.00,pending
101803,Mar 24 2026,Massive Dynamic,East,Widget Pro,7,"$1,234.50","$8,641.50",Shipped
101804,2026-03-25,Umbrella Ltd,west,Widget Pro,30,"$1,234.50","$37,035.00",SHIPPED
101805,2026-03-26,Hooli,West,Widget Lite,3,$89.99,$269.97,Pending
101806,27/03/2026,Vehement Capital,West,Widget Pro,6,"$1,234.50","$7,407.00",Pending
101807,Mar 28 2026,Wayne Enterprises,East,Gadget X,21,"$2,150.00","$45,150.00",pending
101808,2026-04-01,Massive Dynamic,East,Gizmo Mini,27,$45.00,"$1,215.00",Pending
101809,13/04/2026,Umbrella Ltd,West,Gizmo Mini,27,$45.00,"$1,215.00",shipped
101810,2026-04-03,Stark Industries,East,Gizmo Mini,16,$45.00,$720.00,Pending
101811,13/04/2026,Globex Incorporated,West,Gadget X,21,"$2,150.00","$45,150.00",pending
101812,13/04/2026,Soylent Co,West,Widget Pro,20,"$1,234.50","$24,690.00",pending
101813,2026-04-06,Wayne Enterprises,NYC,Widget Pro,2,"$1,234.50","$2,469.00",Pending
101814,2026-04-07,Acme Corp,West,Widget Pro,5,"$1,234.50","$6,172.50",pending
101815,13/04/2026,Globex Incorporated,nyc,Gizmo Mini,9,$45.00,$405.00,Shipped
101816,Apr 9 2026,Globex Incorporated,NYC,Gadget X,5,"$2,150.00","$10,750.00",shipped
101817,Apr 10 2026,Soylent Co,East,Gadget X,30,"$2,150.00","$64,500.00",shipped
101818,2026-04-11,Massive Dynamic,West,Gadget X,26,"$2,150.00","$55,900.00",Pending
101819,2026-04-12,Vehement Capital,west,Widget Pro,23,"$1,234.50","$28,393.50",Pending
101820,2026-04-13,Stark Industries,NYC,Gadget X,25,"$2,150.00","$53,750.00",pending
101821,2026-04-14,Initech,NYC,Widget Lite,16,$89.99,"$1,439.84",SHIPPED
101822,2026-04-15,Stark Industries,East,Widget Pro,3,"$1,234.50","$3,703.50",pending
101823,2026-04-16,Stark Industries,East,Gadget X,22,"$2,150.00","$47,300.00",shipped
101824,2026-04-17,Soylent Co,west,Widget Pro,10,"$1,234.50","$12,345.00",Pending
101825,2026-04-18,Initech,west,Gadget X,8,"$2,150.00","$17,200.00",Pending
101826,19/04/2026,Umbrella Ltd,East,Widget Lite,18,$89.99,"$1,619.82",shipped
101827,2026-04-20,Massive Dynamic,East,Widget Pro,8,"$1,234.50","$9,876.00",pending
101828,2026-04-21,Hooli,East,Gizmo Mini,8,$45.00,$360.00,SHIPPED
101829,2026-04-22,Massive Dynamic,West,Gizmo Mini,2,$45.00,$90.00,shipped
101830,Apr 23 2026,Acme Corp,East,Gadget X,2,"$2,150.00","$4,300.00",pending
101831,24/04/2026,Stark Industries,East,Widget Lite,28,$89.99,"$2,519.72",Pending
101832,2026-04-25,Acme Corp,East,Gadget X,19,"$2,150.00","$40,850.00",Shipped
101833,2026-04-26,Massive Dynamic,East,Gadget X,5,"$2,150.00","$10,750.00",Shipped
101834,2026-04-27,Hooli,West,Gadget X,26,"$2,150.00","$55,900.00",pending
101835,28/04/2026,Stark Industries,East,Gadget X,9,"$2,150.00","$19,350.00",Shipped
101836,2026-03-01,Initech,East,Widget Pro,23,"$1,234.50","$28,393.50",SHIPPED
101837,13/03/2026,Initech,n-y-c,Gizmo Mini,2,$45.00,$90.00,pending
101838,2026-03-03,Globex Incorporated,West,Widget Pro,7,"$1,234.50","$8,641.50",pending
101839,Mar 4 2026,Soylent Co,West,Gizmo Mini,20,$45.00,$900.00,pending
101840,2026-03-05,Hooli,nyc,Widget Pro,10,"$1,234.50","$12,345.00",Shipped
101841,13/03/2026,Vehement Capital,West,Gizmo Mini,14,$45.00,$630.00,SHIPPED
101842,2026-03-07,Hooli,East,Widget Pro,21,"$1,234.50","$25,924.50",Shipped
101843,2026-03-08,Umbrella Ltd,nyc,Widget Pro,16,"$1,234.50","$19,752.00",pending
101844,Mar 9 2026,Acme Corp,West,Gadget X,11,"$2,150.00","$23,650.00",pending
101845,Mar 10 2026,Umbrella Ltd,New York,Gizmo Mini,10,$45.00,$450.00,pending
101846,Mar 11 2026,Wayne Enterprises,New York,Gizmo Mini,15,$45.00,$675.00,SHIPPED
101847,2026-03-12,Wayne Enterprises,nyc,Widget Lite,12,$89.99,"$1,079.88",Pending
101848,2026-03-13,Hooli,west,Gadget X,27,"$2,150.00","$58,050.00",shipped
101849,2026-03-14,Umbrella Ltd,nyc,Gizmo Mini,14,$45.00,$630.00,pending
101850,15/03/2026,Soylent Co,west,Widget Lite,15,$89.99,"$1,349.85",shipped
101851,Mar 16 2026,Globex Incorporated,East,Gadget X,4,"$2,150.00","$8,600.00",pending
101852,2026-03-17,Umbrella Ltd,East,Gizmo Mini,18,$45.00,$810.00,Shipped
101853,18/03/2026,Soylent Co,East,Gadget X,6,"$2,150.00","$12,900.00",Shipped
101854,2026-03-19,Stark Industries,East,Widget Pro,9,"$1,234.50","$11,110.50",SHIPPED
101855,2026-03-20,Vehement Capital,west,Widget Lite,26,$89.99,"$2,339.74",Pending
101856,Mar 21 2026,Wayne Enterprises,nyc,Gadget X,13,"$2,150.00","$27,950.00",pending
101857,22/03/2026,Acme Corp,East,Widget Pro,26,"$1,234.50","$32,097.00",SHIPPED
101858,2026-03-23,Vehement Capital,nyc,Gadget X,27,"$2,150.00","$58,050.00",shipped
101859,24/03/2026,Hooli,west,Widget Pro,12,"$1,234.50","$14,814.00",Shipped
101860,25/03/2026,Hooli,New York,Widget Pro,19,"$1,234.50","$23,455.50",Pending
101861,2026-03-26,Soylent Co,East,Widget Pro,14,"$1,234.50","$17,283.00",shipped
101862,2026-03-27,Acme Corp,West,Widget Lite,20,$89.99,"$1,799.80",pending
101863,28/03/2026,Vehement Capital,New York,Widget Lite,20,$89.99,"$1,799.80",Pending
101864,2026-04-01,Acme Corp,NYC,Gadget X,16,"$2,150.00","$34,400.00",Shipped
101865,2026-04-02,Wayne Enterprises,west,Gadget X,27,"$2,150.00","$58,050.00",SHIPPED
101866,13/04/2026,Wayne Enterprises,East,Gadget X,22,"$2,150.00","$47,300.00",Pending
101867,2026-04-04,Globex Incorporated,west,Gadget X,8,"$2,150.00","$17,200.00",pending
101868,2026-04-05,Umbrella Ltd,west,Gadget X,7,"$2,150.00","$15,050.00",pending
101869,2026-04-06,Globex Incorporated,West,Gadget X,24,"$2,150.00","$51,600.00",pending
101870,2026-04-07,Globex Incorporated,nyc,Widget Lite,5,$89.99,$449.95,SHIPPED
101871,2026-04-08,Massive Dynamic,west,Gadget X,12,"$2,150.00","$25,800.00",SHIPPED
101872,2026-04-09,Initech,west,Gadget X,14,"$2,150.00","$30,100.00",shipped
101873,13/04/2026,Vehement Capital,East,Gadget X,8,"$2,150.00","$17,200.00",SHIPPED
101874,2026-04-11,Vehement Capital,west,Widget Pro,7,"$1,234.50","$8,641.50",Shipped
101875,13/04/2026,Acme Corp,West,Gadget X,3,"$2,150.00","$6,450.00",pending
101876,2026-04-13,Soylent Co,East,Gizmo Mini,3,$45.00,$135.00,Shipped
101877,2026-04-14,Wayne Enterprises,NYC,Widget Pro,15,"$1,234.50","$18,517.50",pending
101878,2026-04-15,Massive Dynamic,n-y-c,Widget Lite,5,$89.99,$449.95,Pending
101879,2026-04-16,Hooli,East,Gizmo Mini,7,$45.00,$315.00,shipped
101880,17/04/2026,Umbrella Ltd,west,Widget Lite,29,$89.99,"$2,609.71",pending
101881,Apr 18 2026,Hooli,East,Widget Pro,19,"$1,234.50","$23,455.50",SHIPPED
101882,Apr 19 2026,Initech,East,Gizmo Mini,8,$45.00,$360.00,shipped
101883,2026-04-20,Wayne Enterprises,New York,Gizmo Mini,3,$45.00,$135.00,shipped
101884,2026-04-21,Globex Incorporated,New York,Gizmo Mini,28,$45.00,"$1,260.00",pending
101885,2026-04-22,Hooli,west,Gadget X,19,"$2,150.00","$40,850.00",Pending
101886,2026-04-23,Wayne Enterprises,East,Widget Pro,18,"$1,234.50","$22,221.00",pending
101887,24/04/2026,Soylent Co,west,Gizmo Mini,21,$45.00,$945.00,pending
101888,2026-04-25,Umbrella Ltd,East,Widget Pro,7,"$1,234.50","$8,641.50",Pending
101889,2026-04-26,Globex Incorporated,West,Widget Lite,28,$89.99,"$2,519.72",Shipped
101890,27/04/2026,Acme Corp,East,Widget Lite,22,$89.99,"$1,979.78",SHIPPED
101891,28/04/2026,Stark Industries,West,Widget Pro,19,"$1,234.50","$23,455.50",SHIPPED
101892,2026-03-01,Globex Incorporated,west,Widget Pro,11,"$1,234.50","$13,579.50",pending
101893,2026-03-02,Wayne Enterprises,West,Gadget X,3,"$2,150.00","$6,450.00",SHIPPED
101894,Mar 3 2026,Massive Dynamic,East,Widget Lite,4,$89.99,$359.96,shipped
101895,2026-03-04,Globex Incorporated,NYC,Widget Pro,23,"$1,234.50","$28,393.50",Pending
101896,2026-03-05,Hooli,East,Gadget X,18,"$2,150.00","$38,700.00",pending
101897,Mar 6 2026,Globex Incorporated,East,Gadget X,5,"$2,150.00","$10,750.00",pending
101898,2026-03-07,Initech,New York,Widget Lite,19,$89.99,"$1,709.81",pending
101899,2026-03-08,Vehement Capital,west,Gizmo Mini,15,$45.00,$675.00,SHIPPED
101900,13/03/2026,Massive Dynamic,n-y-c,Gadget X,11,"$2,150.00","$23,650.00",SHIPPED
101901,2026-03-10,Wayne Enterprises,East,Widget Pro,21,"$1,234.50","$25,924.50",pending
101902,2026-03-11,Massive Dynamic,East,Gizmo Mini,17,$45.00,$765.00,SHIPPED
101903,13/03/2026,Initech,East,Gadget X,10,"$2,150.00","$21,500.00",pending
101904,2026-03-13,Umbrella Ltd,East,Gizmo Mini,22,$45.00,$990.00,pending
101905,2026-03-14,Massive Dynamic,East,Widget Pro,16,"$1,234.50","$19,752.00",SHIPPED
101906,Mar 15 2026,Soylent Co,nyc,Widget Pro,7,"$1,234.50","$8,641.50",SHIPPED
101907,16/03/2026,Initech,East,Gadget X,20,"$2,150.00","$43,000.00",Pending
101908,2026-03-17,Vehement Capital,West,Gizmo Mini,26,$45.00,"$1,170.00",Pending
101909,2026-03-18,Hooli,East,Widget Pro,26,"$1,234.50","$32,097.00",SHIPPED
101910,2026-03-19,Hooli,n-y-c,Widget Pro,18,"$1,234.50","$22,221.00",shipped
101911,2026-03-20,Globex Incorporated,west,Widget Pro,17,"$1,234.50","$21,416.50",pending
101912,2026-03-21,Acme Corp,East,Gadget X,2,"$2,150.00","$4,300.00",Pending
101913,22/03/2026,Stark Industries,west,Widget Pro,19,"$1,234.50","$23,455.50",SHIPPED
101914,2026-03-23,Umbrella Ltd,East,Gadget X,27,"$2,150.00","$58,050.00",Shipped
101915,24/03/2026,Hooli,west,Gizmo Mini,25,$45.00,"$1,125.00",pending
101916,2026-03-25,Stark Industries,NYC,Gizmo Mini,5,$45.00,$225.00,Pending
101917,26/03/2026,Wayne Enterprises,New York,Gizmo Mini,4,$45.00,$180.00,SHIPPED
101918,2026-03-27,Initech,East,Widget Pro,1,"$1,234.50","$1,234.50",shipped
101919,2026-03-28,Umbrella Ltd,East,Gizmo Mini,25,$45.00,"$1,125.00",pending
101920,2026-04-01,Wayne Enterprises,East,Gadget X,26,"$2,150.00","$55,900.00",shipped
101921,2026-04-02,Massive Dynamic,west,Widget Lite,26,$89.99,"$2,339.74",Pending
101922,2026-04-03,Umbrella Ltd,nyc,Widget Lite,30,$89.99,"$2,699.70",pending
101923,Apr 4 2026,Initech,west,Gadget X,28,"$2,150.00","$60,200.00",pending
101924,2026-04-05,Stark Industries,nyc,Gizmo Mini,11,$45.00,$495.00,Shipped
101925,2026-04-06,Umbrella Ltd,West,Gadget X,13,"$2,150.00","$27,950.00",Shipped
101926,2026-04-07,Soylent Co,East,Widget Pro,13,"$1,234.50","$16,048.50",SHIPPED
101927,13/04/2026,Umbrella Ltd,West,Gizmo Mini,11,$45.00,$495.00,SHIPPED
101928,2026-04-09,Stark Industries,nyc,Gadget X,1,"$2,150.00","$2,150.00",Shipped
101929,2026-04-10,Acme Corp,East,Widget Lite,18,$89.99,"$1,619.82",SHIPPED
101930,2026-04-11,Massive Dynamic,East,Gizmo Mini,15,$45.00,$675.00,pending
101931,13/04/2026,Vehement Capital,NYC,Widget Pro,27,"$1,234.50","$33,331.50",pending
101932,2026-04-13,Vehement Capital,n-y-c,Widget Pro,6,"$1,234.50","$7,407.00",pending
101933,2026-04-14,Massive Dynamic,East,Gadget X,3,"$2,150.00","$6,450.00",SHIPPED
101934,2026-04-15,Initech,West,Widget Lite,22,$89.99,"$1,979.78",Pending
101935,2026-04-16,Acme Corp,n-y-c,Gizmo Mini,21,$45.00,$945.00,shipped
101936,2026-04-17,Globex Incorporated,East,Widget Lite,3,$89.99,$269.97,shipped
101937,18/04/2026,Initech,n-y-c,Widget Lite,24,$89.99,"$2,159.76",shipped
101938,Apr 19 2026,Initech,nyc,Gadget X,9,"$2,150.00","$19,350.00",pending
101939,2026-04-20,Hooli,East,Gadget X,9,"$2,150.00","$19,350.00",pending
101940,2026-04-21,Soylent Co,East,Gadget X,4,"$2,150.00","$8,600.00",Pending
101941,2026-04-22,Stark Industries,NYC,Gadget X,18,"$2,150.00","$38,700.00",Shipped
101942,2026-04-23,Wayne Enterprises,west,Gizmo Mini,16,$45.00,$720.00,shipped
101943,2026-04-24,Wayne Enterprises,East,Gizmo Mini,10,$45.00,$450.00,pending
101944,2026-04-25,Globex Incorporated,NYC,Widget Lite,20,$89.99,"$1,799.80",SHIPPED
101945,Apr 26 2026,Hooli,west,Widget Lite,19,$89.99,"$1,709.81",SHIPPED
101946,2026-04-27,Initech,west,Widget Lite,5,$89.99,$449.95,SHIPPED
101947,2026-04-28,Soylent Co,west,Gizmo Mini,28,$45.00,"$1,260.00",Shipped
101948,2026-03-01,Acme Corp,west,Gadget X,16,"$2,150.00","$34,400.00",Shipped
101949,13/03/2026,Vehement Capital,West,Gadget X,28,"$2,150.00","$60,200.00",pending
101950,2026-03-03,Hooli,East,Gadget X,6,"$2,150.00","$12,900.00",shipped
101951,13/03/2026,Initech,west,Gizmo Mini,28,$45.00,"$1,260.00",Pending
101952,2026-03-05,Globex Incorporated,East,Widget Lite,24,$89.99,"$2,159.76",pending
101953,2026-03-06,Hooli,nyc,Widget Lite,17,$89.99,"$1,529.83",Pending
101954,2026-03-07,Hooli,New York,Widget Pro,4,"$1,234.50","$4,938.00",shipped
101955,2026-03-08,Acme Corp,NYC,Widget Lite,28,$89.99,"$2,519.72",Pending
101956,2026-03-09,Umbrella Ltd,NYC,Gadget X,28,"$2,150.00","$60,200.00",Shipped
101957,2026-03-10,Globex Incorporated,nyc,Widget Lite,7,$89.99,$629.93,Shipped
101958,2026-03-11,Hooli,East,Widget Lite,3,$89.99,$269.97,Shipped
101959,2026-03-12,Acme Corp,New York,Gadget X,29,"$2,150.00","$62,350.00",shipped
101960,Mar 13 2026,Initech,East,Widget Lite,2,$89.99,$179.98,Shipped
101961,2026-03-14,Globex Incorporated,West,Gizmo Mini,25,$45.00,"$1,125.00",shipped
101962,2026-03-15,Umbrella Ltd,East,Widget Pro,24,"$1,234.50","$29,628.00",Pending
101963,2026-03-16,Vehement Capital,west,Widget Lite,7,$89.99,$629.93,Shipped
101964,17/03/2026,Stark Industries,n-y-c,Gadget X,15,"$2,150.00","$32,250.00",Shipped
101965,2026-03-18,Acme Corp,West,Widget Pro,7,"$1,234.50","$8,641.50",Pending
101966,2026-03-19,Hooli,East,Widget Pro,25,"$1,234.50","$30,862.50",Pending
101966,2026-03-19,Hooli,East,Widget Pro,25,"$1,234.50","$30,862.50",Pending
101967,21/03/2026,Massive Dynamic,East,Gadget X,26,"$2,150.00","$55,900.00",Pending
101968,Mar 22 2026,Umbrella Ltd,west,Widget Pro,21,"$1,234.50","$25,924.50",pending
101969,2026-03-23,Soylent Co,East,Widget Lite,21,$89.99,"$1,889.79",shipped
101970,2026-03-24,Initech,New York,Gadget X,2,"$2,150.00","$4,300.00",Pending
101971,Mar 25 2026,Initech,West,Widget Lite,12,$89.99,"$1,079.88",shipped
101972,2026-03-26,Vehement Capital,nyc,Widget Lite,29,$89.99,"$2,609.71",Shipped
101973,2026-03-27,Globex Incorporated,New York,Widget Pro,5,"$1,234.50","$6,172.50",Shipped
101973,2026-03-27,Globex Incorporated,New York,Widget Pro,5,"$1,234.50","$6,172.50",Shipped
101974,2026-04-01,Initech,West,Gadget X,23,"$2,150.00","$49,450.00",pending
101975,2026-04-02,Soylent Co,n-y-c,Widget Pro,10,"$1,234.50","$12,345.00",pending
101976,2026-04-03,Acme Corp,West,Gadget X,4,"$2,150.00","$8,600.00",Shipped
101977,2026-04-04,Umbrella Ltd,nyc,Gadget X,15,"$2,150.00","$32,250.00",Pending
101978,2026-04-05,Massive Dynamic,West,Gadget X,16,"$2,150.00","$34,400.00",Shipped
101979,2026-04-06,Soylent Co,East,Widget Pro,17,"$1,234.50","$20,986.50",shipped
101980,2026-04-07,Soylent Co,west,Widget Lite,5,$89.99,$449.95,Pending
101981,13/04/2026,Acme Corp,East,Widget Lite,17,$89.99,"$1,529.83",Shipped
101982,2026-04-09,Massive Dynamic,west,Gadget X,13,"$2,150.00","$27,950.00",pending
101983,13/04/2026,Acme Corp,East,Gizmo Mini,3,$45.00,$135.00,shipped
101984,2026-04-11,Soylent Co,NYC,Widget Pro,18,"$1,234.50","$22,221.00",Pending
101985,2026-04-12,Initech,West,Gadget X,9,"$2,150.00","$19,350.00",shipped
101986,Apr 13 2026,Massive Dynamic,East,Gadget X,27,"$2,150.00","$58,050.00",pending
101987,14/04/2026,Initech,west,Gadget X,12,"$2,150.00","$25,800.00",Pending
101988,2026-04-15,,nyc,Widget Lite,12,$89.99,"$1,079.88",SHIPPED
101989,2026-04-16,Soylent Co,NYC,Gadget X,21,"$2,150.00","$45,150.00",Pending
101990,2026-04-17,Initech,East,Widget Pro,21,"$1,234.50","$25,924.50",Pending
101991,2026-04-18,Stark Industries,west,Widget Lite,13,$89.99,"$1,019.87",pending
101992,2026-04-19,Globex Incorporated,West,Widget Pro,5,"$1,234.50","$6,172.50",SHIPPED
101993,20/04/2026,Globex Incorporated,East,Gizmo Mini,21,$45.00,$945.00,shipped
101994,Apr 21 2026,Massive Dynamic,NYC,Widget Lite,10,$89.99,$899.90,pending
101995,2026-04-22,Acme Corp,west,Widget Pro,24,"$1,234.50","$29,628.00",Pending
101996,2026-04-23,Initech,nyc,Gadget X,10,"$2,150.00","$21,500.00",Pending
101997,24/04/2026,Stark Industries,New York,Widget Lite,8,$89.99,$719.92,Shipped
101998,2026-04-25,Massive Dynamic,East,Widget Pro,11,"$1,234.50","$13,579.50",Shipped
101999,2026-04-26,Umbrella Ltd,NYC,Widget Lite,28,$89.99,"$2,519.72",shipped
102000,2026-04-27,Massive Dynamic,n-y-c,Gadget X,21,"$2,150.00","$45,150.00",pending
102001,2026-04-28,Massive Dynamic,New York,Widget Pro,26,"$1,234.50","$32,097.00",shipped
102002,2026-03-01,Globex Incorporated,West,Widget Pro,23,"$1,234.50","$28,393.50",pending
102003,2026-03-02,Hooli,n-y-c,Gizmo Mini,24,$45.00,"$1,080.00",Pending
102004,2026-03-03,Massive Dynamic,west,Gadget X,2,"$2,150.00","$4,300.00",Pending
102005,2026-03-04,Globex Incorporated,East,Widget Lite,15,$89.99,"$1,349.85",Shipped
102006,13/03/2026,Initech,West,Widget Lite,21,$89.99,"$1,889.79",Pending
102007,2026-03-06,Soylent Co,west,Gizmo Mini,17,$45.00,$765.00,shipped
102008,2026-03-07,Vehement Capital,nyc,Gizmo Mini,5,$45.00,$225.00,Pending
102009,13/03/2026,Globex Incorporated,west,Gizmo Mini,12,$45.00,$540.00,Shipped
102010,2026-03-09,,East,Gizmo Mini,13,$45.00,$585.00,Pending
102011,2026-03-10,Massive Dynamic,East,Gadget X,16,"$2,150.00","$34,400.00",Shipped
102012,2026-03-11,Vehement Capital,East,Widget Pro,27,"$1,234.50","$33,331.50",shipped
102013,2026-03-12,Hooli,West,Gizmo Mini,18,$45.00,$810.00,pending
102014,2026-03-13,Vehement Capital,NYC,Widget Lite,3,$89.99,$269.97,shipped
102015,Mar 14 2026,Vehement Capital,West,Widget Lite,29,$89.99,"$2,609.71",Pending
102016,15/03/2026,Soylent Co,West,Widget Lite,4,$89.99,$359.96,shipped
102017,Mar 16 2026,Initech,west,Widget Pro,23,"$1,234.50","$28,393.50",Shipped
102018,2026-03-17,Vehement Capital,East,Gizmo Mini,29,$45.00,"$1,305.00",Shipped
102019,Mar 18 2026,Hooli,west,Widget Lite,26,$89.99,"$2,339.74",Pending
102020,2026-03-19,Wayne Enterprises,west,Widget Lite,27,$89.99,"$2,429.73",Shipped
102021,2026-03-20,Wayne Enterprises,East,Gizmo Mini,18,$45.00,$810.00,pending
102022,2026-03-21,Umbrella Ltd,nyc,Widget Pro,15,"$1,234.50","$18,517.50",shipped
102023,22/03/2026,Soylent Co,East,Gadget X,14,"$2,150.00","$30,100.00",Shipped
102024,2026-03-23,Umbrella Ltd,n-y-c,Gizmo Mini,16,$45.00,$720.00,pending
102025,24/03/2026,Hooli,East,Widget Pro,16,"$1,234.50","$19,752.00",shipped
102026,25/03/2026,Hooli,west,Gadget X,6,"$2,150.00","$12,900.00",Shipped
102027,2026-03-26,Wayne Enterprises,n-y-c,Gizmo Mini,19,$45.00,$855.00,Shipped
102028,2026-03-27,Wayne Enterprises,NYC,Widget Lite,28,$89.99,"$2,519.72",Pending
102029,Mar 28 2026,Umbrella Ltd,west,Widget Lite,18,$89.99,"$1,619.82",Shipped
102030,2026-04-01,Massive Dynamic,West,Gizmo Mini,16,$45.00,$720.00,SHIPPED
102031,2026-04-02,Acme Corp,New York,Widget Pro,7,"$1,234.50","$8,641.50",Pending
102032,13/04/2026,Initech,nyc,Widget Lite,15,$89.99,"$1,349.85",SHIPPED
102033,2026-04-04,Wayne Enterprises,West,Gadget X,1,"$2,150.00","$2,150.00",Pending
102034,2026-04-05,Vehement Capital,East,Widget Pro,27,"$1,234.50","$33,331.50",SHIPPED
102035,2026-04-06,Acme Corp,West,Gadget X,6,"$2,150.00","$12,900.00",shipped
102036,2026-04-07,Soylent Co,west,Widget Lite,27,$89.99,"$2,429.73",Shipped
102037,13/04/2026,Vehement Capital,East,Gizmo Mini,28,$45.00,"$1,260.00",pending
102038,13/04/2026,Initech,East,Widget Lite,4,$89.99,$359.96,Shipped
102039,13/04/2026,Wayne Enterprises,New York,Gizmo Mini,3,$45.00,$135.00,shipped
102040,2026-04-11,Soylent Co,West,Gadget X,17,"$2,150.00","$36,550.00",pending
102041,2026-04-12,Acme Corp,nyc,Widget Lite,19,$89.99,"$1,709.81",shipped
102042,Apr 13 2026,Soylent Co,west,Widget Pro,5,"$1,234.50","$6,172.50",shipped
102043,2026-04-14,Stark Industries,West,Gadget X,26,"$2,150.00","$55,900.00",Pending
102044,2026-04-15,Acme Corp,East,Gizmo Mini,7,$45.00,$315.00,Pending
102045,16/04/2026,Umbrella Ltd,west,Widget Lite,17,$89.99,"$1,529.83",shipped
102046,2026-04-17,Massive Dynamic,New York,Widget Lite,29,$89.99,"$2,609.71",pending
102047,2026-04-18,Massive Dynamic,East,Gizmo Mini,18,$45.00,$810.00,shipped
102048,19/04/2026,Hooli,West,Gizmo Mini,2,$45.00,$90.00,SHIPPED
102049,2026-04-20,Soylent Co,west,Gadget X,29,"$2,150.00","$62,350.00",pending
102050,21/04/2026,Massive Dynamic,nyc,Gizmo Mini,3,$45.00,$135.00,shipped
102051,2026-04-22,Vehement Capital,west,Widget Pro,3,"$1,234.50","$3,703.50",shipped
102052,2026-04-23,Globex Incorporated,n-y-c,Gizmo Mini,14,$45.00,$630.00,pending
102053,2026-04-24,Globex Incorporated,n-y-c,Widget Lite,17,$89.99,"$1,529.83",shipped
102054,2026-04-25,Stark Industries,west,Gizmo Mini,3,$45.00,$135.00,pending
102055,2026-04-26,Hooli,NYC,Widget Lite,26,$89.99,"$2,339.74",pending
102056,27/04/2026,Stark Industries,East,Widget Lite,23,$89.99,"$2,069.77",Pending
102057,28/04/2026,Globex Incorporated,nyc,Widget Lite,11,$89.99,$989.89,pending
102058,2026-03-01,Initech,NYC,Gizmo Mini,10,$45.00,$450.00,Shipped
102059,2026-03-02,Acme Corp,nyc,Gizmo Mini,8,$45.00,$360.00,SHIPPED
102060,2026-03-03,Initech,East,Widget Pro,12,"$1,234.50","$14,814.00",Shipped
102061,2026-03-04,Hooli,n-y-c,Widget Pro,30,"$1,234.50","$37,465.00",SHIPPED
102062,13/03/2026,Acme Corp,East,Widget Lite,19,$89.99,"$1,709.81",Shipped
102063,2026-03-06,Initech,East,Gadget X,3,"$2,150.00","$6,450.00",Pending
102064,2026-03-07,Globex Incorporated,NYC,Gizmo Mini,18,$45.00,$810.00,shipped
102065,Mar 8 2026,Stark Industries,west,Widget Pro,20,"$1,234.50","$24,690.00",Pending
102066,2026-03-09,Umbrella Ltd,n-y-c,Widget Pro,9,"$1,234.50","$11,110.50",SHIPPED
102067,2026-03-10,Soylent Co,west,Gadget X,25,"$2,150.00","$53,750.00",SHIPPED
102068,13/03/2026,Stark Industries,n-y-c,Widget Pro,9,"$1,234.50","$11,110.50",shipped
102069,2026-03-12,Vehement Capital,west,Gadget X,25,"$2,150.00","$53,750.00",pending
102070,2026-03-13,Umbrella Ltd,NYC,Gadget X,13,"$2,150.00","$27,950.00",Pending
102071,14/03/2026,Soylent Co,East,Gadget X,29,"$2,150.00","$62,350.00",Pending
102072,15/03/2026,Globex Incorporated,n-y-c,Widget Lite,29,$89.99,"$2,609.71",pending
102073,2026-03-16,Initech,West,Gizmo Mini,-19,$45.00,-$855.00,cancelled
102074,2026-03-17,Soylent Co,west,Widget Lite,22,$89.99,"$1,979.78",Pending
102075,Mar 18 2026,Globex Incorporated,East,Widget Lite,12,$89.99,"$1,079.88",Pending
102076,2026-03-19,Globex Incorporated,West,Gadget X,23,"$2,150.00","$49,450.00",shipped
102077,2026-03-20,Soylent Co,East,Gadget X,1,"$2,150.00","$2,150.00",SHIPPED
102078,21/03/2026,Initech,East,Gizmo Mini,14,$45.00,$630.00,SHIPPED
102079,2026-03-22,Initech,West,Gizmo Mini,11,$45.00,$495.00,pending
102080,2026-03-23,Hooli,East,Gadget X,4,"$2,150.00","$8,600.00",Shipped
102081,24/03/2026,Soylent Co,West,Gadget X,13,"$2,150.00","$27,950.00",shipped
102082,2026-03-25,Massive Dynamic,West,Gadget X,1,"$2,150.00","$2,150.00",shipped
102083,2026-03-26,Umbrella Ltd,West,Gizmo Mini,30,$45.00,"$1,550.00",Shipped
102084,2026-03-27,Massive Dynamic,west,Gizmo Mini,5,$45.00,$225.00,SHIPPED
102085,28/03/2026,Massive Dynamic,NYC,Widget Lite,20,$89.99,"$1,799.80",pending
102086,2026-04-01,Umbrella Ltd,west,Gizmo Mini,22,$45.00,$990.00,pending
102087,2026-04-02,Umbrella Ltd,East,Gizmo Mini,19,$45.00,$855.00,Pending
102088,2026-04-03,Globex Incorporated,n-y-c,Widget Pro,1,"$1,234.50","$1,234.50",Pending
102089,13/04/2026,Soylent Co,west,Gadget X,27,"$2,150.00","$58,050.00",pending
102090,2026-04-05,Vehement Capital,n-y-c,Gizmo Mini,30,$45.00,"$1,350.00",pending
102091,2026-04-06,Hooli,west,Gizmo Mini,15,$45.00,$675.00,Shipped
102092,2026-04-07,Soylent Co,west,Widget Lite,12,$89.99,"$1,079.88",shipped
102093,2026-04-08,Wayne Enterprises,East,Gadget X,18,"$2,150.00","$38,700.00",SHIPPED
102094,Apr 9 2026,Soylent Co,West,Widget Pro,25,"$1,234.50","$30,862.50",pending
102095,2026-04-10,Umbrella Ltd,West,Widget Pro,29,"$1,234.50","$35,800.50",Pending
102096,2026-04-11,Soylent Co,East,Widget Pro,25,"$1,234.50","$30,862.50",shipped
102097,2026-04-12,Umbrella Ltd,East,Gadget X,4,"$2,150.00","$8,600.00",pending
102098,2026-04-13,Soylent Co,East,Gizmo Mini,28,$45.00,"$1,260.00",SHIPPED
102099,2026-04-14,Stark Industries,New York,Gizmo Mini,27,$45.00,"$1,215.00",Pending
102100,Apr 15 2026,Acme Corp,West,Gizmo Mini,18,$45.00,$810.00,Pending
102101,2026-04-16,Hooli,East,Gizmo Mini,2,$45.00,$90.00,SHIPPED
102102,2026-04-17,Vehement Capital,East,Gadget X,1,"$2,150.00","$2,150.00",Pending
102103,2026-04-18,Vehement Capital,nyc,Gadget X,26,"$2,150.00","$55,900.00",SHIPPED
102104,2026-04-19,Vehement Capital,West,Gizmo Mini,9,$45.00,$405.00,Pending
102105,2026-04-20,Soylent Co,nyc,Gizmo Mini,27,$45.00,"$1,215.00",Pending
102106,2026-04-21,Massive Dynamic,nyc,Gizmo Mini,19,$45.00,$855.00,Pending
102107,2026-04-22,Initech,nyc,Gizmo Mini,16,$45.00,$720.00,Pending
102108,2026-04-23,,West,Widget Pro,24,"$1,234.50","$29,628.00",pending
102109,24/04/2026,Soylent Co,n-y-c,Gadget X,29,"$2,150.00","$62,350.00",SHIPPED
102110,Apr 25 2026,Hooli,West,Gizmo Mini,26,$45.00,"$1,170.00",shipped
102111,2026-04-26,Stark Industries,West,Widget Pro,30,"$1,234.50","$37,035.00",pending
102112,Apr 27 2026,Stark Industries,west,Gadget X,6,"$2,150.00","$12,900.00",Pending
102113,28/04/2026,Globex Incorporated,East,Widget Lite,29,$89.99,"$2,609.71",shipped
102114,2026-03-01,Acme Corp,West,Widget Pro,23,"$1,234.50","$28,393.50",Pending
102115,2026-03-02,Hooli,west,Widget Pro,26,"$1,234.50","$32,097.00",Pending
102116,2026-03-03,Initech,East,Gizmo Mini,5,$45.00,$225.00,Pending
102117,13/03/2026,Hooli,East,Widget Lite,4,$89.99,$359.96,Pending
102118,13/03/2026,Wayne Enterprises,west,Widget Lite,13,$89.99,"$1,169.87",Pending
102119,2026-03-06,Umbrella Ltd,East,Gizmo Mini,2,45.00 USD,$90.00,SHIPPED
102120,2026-03-07,Umbrella Ltd,n-y-c,Widget Pro,25,"$1,234.50","$30,862.50",Shipped
102121,Mar 8 2026,Wayne Enterprises,nyc,Widget Lite,4,$89.99,$359.96,Pending
102122,2026-03-09,Globex Incorporated,West,Gizmo Mini,17,$45.00,$765.00,Pending
102123,2026-03-10,Massive Dynamic,East,Widget Pro,1,"$1,234.50","$1,234.50",Pending
102124,2026-03-11,Globex Incorporated,west,Gadget X,14,"$2,150.00","$30,100.00",SHIPPED
102125,13/03/2026,Initech,NYC,Gizmo Mini,28,$45.00,"$1,260.00",SHIPPED
102126,Mar 13 2026,Umbrella Ltd,East,Gadget X,24,"$2,150.00","$51,600.00",pending
102127,2026-03-14,Acme Corp,NYC,Gadget X,25,"$2,150.00","$53,750.00",Pending
102128,15/03/2026,Stark Industries,West,Widget Pro,1,"$1,234.50","$1,234.50",pending
102129,2026-03-16,Hooli,East,Gizmo Mini,19,$45.00,$855.00,pending
102130,2026-03-17,Stark Industries,West,Gadget X,22,"$2,150.00","$47,300.00",SHIPPED
102131,2026-03-18,Acme Corp,west,Gadget X,28,"$2,150.00","$60,200.00",pending
102132,19/03/2026,Wayne Enterprises,NYC,Widget Pro,29,"$1,234.50","$35,800.50",Pending
102133,20/03/2026,Acme Corp,NYC,Widget Pro,14,"$1,234.50","$17,283.00",shipped
102134,21/03/2026,Acme Corp,West,Gadget X,22,"$2,150.00","$47,300.00",SHIPPED
102135,2026-03-22,Initech,West,Gadget X,20,"$2,150.00","$43,000.00",Shipped
102136,2026-03-23,Umbrella Ltd,New York,Gizmo Mini,13,$45.00,$585.00,pending
102137,2026-03-24,Initech,west,Widget Pro,30,"$1,234.50","$37,035.00",pending
102138,2026-03-25,Wayne Enterprises,New York,Gadget X,26,"$2,150.00","$55,900.00",shipped
102139,Mar 26 2026,Acme Corp,West,Gadget X,5,"$2,150.00","$10,750.00",Pending
102140,2026-03-27,Vehement Capital,East,Gizmo Mini,22,$45.00,$990.00,Pending
102141,28/03/2026,Vehement Capital,NYC,Widget Lite,11,$89.99,$989.89,Pending
102142,13/04/2026,Vehement Capital,West,Widget Lite,25,$89.99,"$2,249.75",Shipped
102143,2026-04-02,Umbrella Ltd,west,Widget Lite,11,$89.99,$989.89,Pending
102144,2026-04-03,Stark Industries,nyc,Widget Lite,20,$89.99,"$1,799.80",Shipped
102145,2026-04-04,Soylent Co,New York,Gadget X,30,"$2,150.00","$64,500.00",pending
102146,13/04/2026,Vehement Capital,East,Widget Pro,2,"$1,234.50","$2,469.00",Pending
102147,13/04/2026,Acme Corp,West,Widget Lite,19,89.99 USD,"$1,709.81",pending
102148,13/04/2026,Globex Incorporated,NYC,Widget Pro,9,"$1,234.50","$11,110.50",SHIPPED
102149,2026-04-08,Hooli,west,Gadget X,18,"$2,150.00","$38,700.00",SHIPPED
102150,2026-04-09,Initech,East,Widget Lite,8,$89.99,$719.92,pending
102151,2026-04-10,Stark Industries,n-y-c,Widget Lite,26,$89.99,"$2,339.74",shipped
102152,13/04/2026,Hooli,West,Gadget X,20,"$2,150.00","$43,000.00",Pending
102153,2026-04-12,Acme Corp,East,Gadget X,24,"$2,150.00","$51,600.00",shipped
102154,2026-04-13,Initech,west,Widget Lite,17,$89.99,"$1,529.83",shipped
102155,2026-04-14,Initech,East,Gadget X,30,"$2,150.00","$64,500.00",pending
102156,2026-04-15,Initech,West,Widget Pro,12,"$1,234.50","$14,814.00",Shipped
102157,16/04/2026,Stark Industries,west,Gizmo Mini,23,$45.00,"$1,035.00",shipped
102158,2026-04-17,Hooli,East,Widget Lite,23,$89.99,"$2,069.77",SHIPPED
102159,2026-04-18,Vehement Capital,East,Widget Lite,20,$89.99,"$1,799.80",Pending
102160,2026-04-19,Vehement Capital,west,Widget Lite,21,$89.99,"$1,889.79",SHIPPED
102161,2026-04-20,Hooli,East,Gadget X,24,"$2,150.00","$51,600.00",Pending
102162,2026-04-21,Wayne Enterprises,West,Gizmo Mini,25,$45.00,"$1,125.00",SHIPPED
102163,Apr 22 2026,Vehement Capital,East,Widget Lite,18,$89.99,"$1,619.82",SHIPPED
102164,2026-04-23,Stark Industries,West,Gizmo Mini,6,$45.00,$270.00,Pending
102165,Apr 24 2026,Initech,West,Gizmo Mini,6,$45.00,$270.00,Pending
102166,25/04/2026,Globex Incorporated,New York,Widget Pro,12,"$1,234.50","$14,814.00",shipped
102167,2026-04-26,Stark Industries,West,Gizmo Mini,22,$45.00,$990.00,SHIPPED
102168,2026-04-27,Stark Industries,n-y-c,Widget Lite,6,$89.99,$539.94,pending
102169,28/04/2026,Initech,East,Widget Lite,10,$89.99,$899.90,Shipped
102170,13/03/2026,Umbrella Ltd,west,Gadget X,26,"$2,150.00","$55,900.00",pending
102171,2026-03-02,Umbrella Ltd,East,Gadget X,11,"$2,150.00","$23,650.00",shipped
102172,2026-03-03,Hooli,West,Widget Pro,6,"$1,234.50","$7,407.00",SHIPPED
102173,2026-03-04,Umbrella Ltd,East,Gizmo Mini,7,$45.00,$315.00,SHIPPED
102173,2026-03-04, Umbrella Ltd ,EAST,Gizmo Mini,7,$45.00,$315.00,SHIPPED
102174,2026-03-06,Umbrella Ltd,west,Widget Lite,21,$89.99,"$1,889.79",Shipped
102175,2026-03-07,Soylent Co,n-y-c,Widget Pro,1,"$1,234.50","$1,234.50",shipped
102176,2026-03-08,Stark Industries,West,Widget Lite,16,$89.99,"$1,439.84",SHIPPED
102177,13/03/2026,Wayne Enterprises,west,Widget Pro,12,"$1,234.50","$14,814.00",shipped
102178,2026-03-10,Acme Corp,East,Gadget X,28,"$2,150.00","$60,200.00",Pending
102179,2026-03-11,Acme Corp,East,Widget Lite,28,$89.99,"$2,519.72",Shipped
102180,2026-03-12,Soylent Co,NYC,Widget Lite,18,$89.99,"$1,619.82",pending
102181,Mar 13 2026,Soylent Co,East,Gadget X,7,"$2,150.00","$15,050.00",Pending
102182,2026-03-14,Stark Industries,New York,Widget Pro,30,"$1,234.50","$37,035.00",SHIPPED
102183,2026-03-15,Stark Industries,west,Gadget X,6,"$2,150.00","$12,900.00",pending
102184,2026-03-16,Wayne Enterprises,west,Widget Lite,11,$89.99,$989.89,SHIPPED
102185,17/03/2026,Globex Incorporated,west,Gizmo Mini,29,$45.00,"$1,305.00",shipped
102186,18/03/2026,Umbrella Ltd,East,Widget Pro,8,"$1,234.50","$9,876.00",shipped
102187,2026-03-19,Soylent Co,west,Gadget X,21,"$2,150.00","$45,150.00",shipped
102188,2026-03-20,Massive Dynamic,n-y-c,Widget Lite,22,$89.99,"$1,979.78",Shipped
102189,2026-03-21,Globex Incorporated,East,Widget Pro,1,"$1,234.50","$1,234.50",shipped
102190,2026-03-22,Wayne Enterprises,East,Widget Pro,2,"$1,234.50","$2,669.00",SHIPPED
102191,2026-03-23,Umbrella Ltd,n-y-c,Widget Lite,17,$89.99,"$1,529.83",SHIPPED
102192,2026-03-24,Umbrella Ltd,West,Widget Pro,1,"$1,234.50","$1,234.50",Shipped
102193,25/03/2026,Umbrella Ltd,West,Widget Pro,19,"$1,234.50","$23,455.50",shipped
102194,2026-03-26,Wayne Enterprises,East,Gizmo Mini,25,$45.00,"$1,125.00",Shipped
102195,2026-03-27,Globex Incorporated,west,Gadget X,23,"$2,150.00","$49,450.00",SHIPPED
102196,28/03/2026,Soylent Co,West,Widget Lite,22,$89.99,"$1,979.78",Pending
102197,2026-04-01,Vehement Capital,west,Gizmo Mini,23,$45.00,"$1,035.00",shipped
102198,2026-04-02,Wayne Enterprises,NYC,Widget Pro,4,"$1,234.50","$4,938.00",pending
102199,Apr 3 2026,Wayne Enterprises,nyc,Gizmo Mini,23,$45.00,"$1,035.00",Shipped
102200,2026-04-04,Acme Corp,NYC,Widget Lite,7,$89.99,$629.93,Pending
102201,2026-04-05,Globex Incorporated,East,Gadget X,14,"$2,150.00","$30,100.00",Pending
102202,2026-04-06,Wayne Enterprises,n-y-c,Widget Lite,7,$89.99,$629.93,SHIPPED
102203,2026-04-07,Soylent Co,East,Widget Pro,28,"$1,234.50","$34,566.00",pending
102204,2026-04-08,Umbrella Ltd,west,Gizmo Mini,30,$45.00,"$1,350.00",Pending
102205,2026-04-09,Globex Incorporated,West,Gadget X,2,"$2,150.00","$4,300.00",SHIPPED
102206,2026-04-10,Umbrella Ltd,West,Gadget X,28,"$2,150.00","$60,200.00",shipped
102207,2026-04-11,Initech,East,Gizmo Mini,14,$45.00,$630.00,Shipped
102208,2026-04-12,Massive Dynamic,East,Gizmo Mini,28,$45.00,"$1,260.00",pending
102209,2026-04-13,Massive Dynamic,East,Gizmo Mini,23,$45.00,"$1,035.00",pending
102210,14/04/2026,Globex Incorporated,West,Widget Lite,5,$89.99,$449.95,shipped
102211,2026-04-15,Hooli,East,Gizmo Mini,18,$45.00,$810.00,shipped
102212,2026-04-16,Globex Incorporated,East,Gadget X,7,"$2,150.00","$15,050.00",Shipped
102213,2026-04-17,Globex Incorporated,East,Widget Lite,5,$89.99,$449.95,pending
102214,Apr 18 2026,Umbrella Ltd,East,Gadget X,13,"$2,150.00","$27,950.00",pending
102215,2026-04-19,Wayne Enterprises,East,Widget Lite,22,$89.99,"$1,979.78",pending
102216,20/04/2026,Wayne Enterprises,East,Widget Lite,18,$89.99,"$1,619.82",pending
102217,2026-04-21,Acme Corp,n-y-c,Gizmo Mini,19,$45.00,$855.00,Shipped
102218,2026-04-22,Hooli,East,Gadget X,3,"$2,150.00","$6,450.00",pending
102219,2026-04-23,Initech,East,Gadget X,5,"$2,150.00","$10,750.00",Pending
102220,2026-04-24,Umbrella Ltd,nyc,Gadget X,,"$2,150.00","$10,750.00",shipped
102221,2026-04-25,Initech,west,Gizmo Mini,9,$45.00,$405.00,pending
102222,2026-04-26,Vehement Capital,East,Gizmo Mini,30,$45.00,"$1,350.00",pending
102223,2026-04-27,Wayne Enterprises,East,Widget Lite,26,$89.99,"$2,339.74",shipped
102224,28/04/2026,Vehement Capital,west,Gadget X,4,"$2,150.00","$8,600.00",shipped
102225,2026-03-01,Globex Incorporated,New York,Gizmo Mini,21,$45.00,$945.00,Pending
102226,2026-03-02,Acme Corp,East,Widget Lite,7,$89.99,$629.93,Pending
102227,2026-03-03,Acme Corp,NYC,Gizmo Mini,16,$45.00,$720.00,Pending
102228,13/03/2026,Vehement Capital,East,Gadget X,24,"$2,150.00","$51,600.00",Shipped
102229,Mar 5 2026,Globex Incorporated,East,Gadget X,11,"$2,150.00","$23,650.00",shipped
102230,2026-03-06,Hooli,NYC,Gizmo Mini,11,$45.00,$495.00,shipped
102231,2026-03-07,Hooli,West,Gizmo Mini,15,$45.00,$675.00,Shipped
102232,13/03/2026,Wayne Enterprises,nyc,Gadget X,6,"$2,150.00","$12,900.00",SHIPPED
102233,2026-03-09,Massive Dynamic,nyc,Gadget X,10,"$2,150.00","$21,500.00",Pending
102234,13/03/2026,Globex Incorporated,New York,Widget Pro,26,"$1,234.50","$32,097.00",shipped
102235,2026-03-11,Umbrella Ltd,n-y-c,Widget Pro,14,"$1,234.50","$17,283.00",shipped
102236,2026-03-12,Vehement Capital,New York,Gadget X,30,"$2,150.00","$64,500.00",Pending
102237,2026-03-13,Hooli,NYC,Widget Lite,25,$89.99,"$2,249.75",Shipped
102238,14/03/2026,Hooli,East,Widget Lite,12,$89.99,"$1,079.88",shipped
102239,2026-03-15,Vehement Capital,n-y-c,Widget Lite,6,$89.99,$539.94,shipped
102240,16/03/2026,Umbrella Ltd,West,Widget Lite,11,$89.99,$989.89,shipped
102241,2026-03-17,Massive Dynamic,West,Widget Lite,12,$89.99,"$1,079.88",shipped
102242,2026-03-18,Stark Industries,NYC,Widget Pro,25,"$1,234.50","$30,862.50",shipped
102243,Mar 19 2026,Umbrella Ltd,East,Gizmo Mini,27,$45.00,"$1,215.00",shipped
102244,2026-03-20,Globex Incorporated,New York,Widget Pro,6,"$1,234.50","$7,407.00",pending
102245,2026-03-21,Globex Incorporated,East,Gadget X,16,"$2,150.00","$34,400.00",shipped
102246,Mar 22 2026,Vehement Capital,East,Widget Pro,8,"$1,234.50","$9,876.00",Pending
102247,23/03/2026,Vehement Capital,west,Widget Pro,4,"$1,234.50","$4,938.00",Pending
102248,2026-03-24,Acme Corp,nyc,Gadget X,7,"$2,150.00","$15,050.00",pending
102249,Mar 25 2026,Stark Industries,East,Gizmo Mini,8,$45.00,$360.00,SHIPPED
102250,2026-03-26,Hooli,West,Widget Lite,28,$89.99,"$2,519.72",pending
102251,2026-03-27,Umbrella Ltd,west,Widget Lite,17,$89.99,"$1,529.83",SHIPPED
102252,28/03/2026,Globex Incorporated,West,Gizmo Mini,24,$45.00,"$1,080.00",Pending
102253,2026-04-01,Globex Incorporated,East,Gadget X,19,"$2,150.00","$40,850.00",SHIPPED
102254,2026-04-02,Umbrella Ltd,West,Gizmo Mini,27,$45.00,"$1,215.00",pending
102255,2026-04-03,Vehement Capital,East,Gizmo Mini,30,$45.00,"$1,350.00",pending
102256,2026-04-04,Acme Corp,New York,Gadget X,8,"$2,150.00","$17,200.00",Shipped
102257,2026-04-05,Globex Incorporated,NYC,Widget Pro,,"$1,234.50","$32,097.00",SHIPPED
102258,2026-04-06,Soylent Co,west,Gizmo Mini,13,$45.00,$585.00,shipped
102259,13/04/2026,Umbrella Ltd,NYC,Gadget X,5,"$2,150.00","$10,750.00",shipped
102260,2026-04-08,Wayne Enterprises,West,Gadget X,15,"$2,150.00","$32,250.00",Shipped
102261,2026-04-09,Umbrella Ltd,New York,Widget Lite,20,$89.99,"$1,799.80",Pending
102262,2026-04-10,Massive Dynamic,NYC,Widget Pro,1,"$1,234.50","$1,234.50",Pending
102263,2026-04-11,Vehement Capital,East,Gizmo Mini,6,$45.00,$270.00,pending
102264,2026-04-12,Wayne Enterprises,n-y-c,Widget Pro,17,"$1,234.50","$20,986.50",Pending
102265,13/04/2026,Umbrella Ltd,New York,Gadget X,14,"$2,150.00","$30,100.00",Pending
102266,2026-04-14,Soylent Co,East,Widget Pro,23,"$1,234.50","$28,393.50",shipped
102267,2026-04-15,Stark Industries,west,Gadget X,14,"$2,150.00","$30,100.00",SHIPPED
102268,16/04/2026,Hooli,East,Widget Pro,10,"$1,234.50","$12,345.00",Shipped
102269,2026-04-17,Massive Dynamic,west,Gadget X,24,"$2,150.00","$51,600.00",Shipped
102270,2026-04-18,Wayne Enterprises,East,Widget Lite,20,$89.99,"$1,799.80",pending
102271,Apr 19 2026,Massive Dynamic,East,Widget Pro,23,"$1,234.50","$28,393.50",SHIPPED
102272,20/04/2026,Globex Incorporated,West,Gadget X,22,"$2,150.00","$47,300.00",shipped
102273,2026-04-21,Massive Dynamic,East,Gadget X,23,"$2,150.00","$49,450.00",Pending
102274,2026-04-22,Acme Corp,west,Widget Pro,17,"$1,234.50","$20,986.50",Pending
102275,Apr 23 2026,,nyc,Gizmo Mini,11,$45.00,$495.00,shipped
102276,24/04/2026,Stark Industries,East,Gizmo Mini,12,$45.00,$540.00,pending
102277,2026-04-25,Vehement Capital,west,Gadget X,24,"$2,150.00","$51,600.00",pending
102278,2026-04-26,Vehement Capital,west,Gadget X,21,"$2,150.00","$45,150.00",pending
102279,27/04/2026,Stark Industries,West,Widget Pro,5,"$1,234.50","$6,172.50",SHIPPED
102280,2026-04-28,Wayne Enterprises,East,Widget Lite,28,$89.99,"$2,519.72",pending
102281,2026-03-01,Hooli,East,Gizmo Mini,22,$45.00,$990.00,Pending
102282,13/03/2026,Hooli,East,Widget Lite,4,$89.99,$359.96,pending
102283,2026-03-03,Umbrella Ltd,New York,Widget Pro,23,"$1,234.50","$28,393.50",Shipped
102284,2026-03-04,Globex Incorporated,New York,Widget Lite,7,$89.99,$629.93,Shipped
102285,2026-03-05,Umbrella Ltd,East,Widget Lite,19,$89.99,"$1,709.81",Pending
102286,2026-03-06,Initech,west,Gizmo Mini,1,$45.00,$45.00,pending
102287,2026-03-07,Vehement Capital,East,Gadget X,14,"$2,150.00","$30,100.00",shipped
102288,13/03/2026,Wayne Enterprises,East,Gadget X,3,"$2,150.00","$6,450.00",shipped
102289,2026-03-09,Wayne Enterprises,East,Widget Lite,18,$89.99,"$1,619.82",Shipped
102290,2026-03-10,Acme Corp,West,Gadget X,12,"$2,150.00","$25,800.00",Shipped
102291,2026-03-11,Massive Dynamic,West,Gadget X,10,"$2,150.00","$21,500.00",shipped
102292,2026-03-12,Soylent Co,East,Widget Lite,18,$89.99,"$1,619.82",Pending
102293,2026-03-13,Acme Corp,New York,Widget Pro,4,"$1,234.50","$4,938.00",Shipped
102294,2026-03-14,Stark Industries,East,Widget Lite,30,$89.99,"$2,699.70",pending
102295,2026-03-15,Stark Industries,East,Gadget X,8,"$2,150.00","$17,200.00",Shipped
102296,2026-03-16,Wayne Enterprises,West,Gadget X,10,"$2,150.00","$21,500.00",Shipped
102297,2026-03-17,Vehement Capital,New York,Widget Pro,2,"$1,234.50","$2,469.00",pending
102298,18/03/2026,Vehement Capital,NYC,Gadget X,30,"$2,150.00","$64,500.00",Shipped
102299,2026-03-19,Globex Incorporated,New York,Widget Lite,25,$89.99,"$2,249.75",Shipped
102300,20/03/2026,Vehement Capital,West,Widget Pro,30,"$1,234.50","$37,035.00",SHIPPED
102301,2026-03-21,Acme Corp,New York,Gizmo Mini,10,$45.00,$450.00,Pending
102302,2026-03-22,Stark Industries,n-y-c,Widget Lite,8,$89.99,$719.92,Pending
102303,2026-03-23,Initech,East,Widget Pro,7,"$1,234.50","$8,641.50",shipped
102304,2026-03-24,Hooli,East,Widget Pro,10,"$1,234.50","$12,345.00",Pending
102305,2026-03-25,Wayne Enterprises,East,Widget Lite,1,$89.99,$89.99,SHIPPED
102306,2026-03-26,Wayne Enterprises,East,Widget Lite,12,$89.99,"$1,079.88",Pending
102307,2026-03-27,Vehement Capital,NYC,Gizmo Mini,13,$45.00,$585.00,pending
102308,2026-03-28,Globex Incorporated,East,Gizmo Mini,21,$45.00,$945.00,Pending
102309,2026-04-01,,west,Gizmo Mini,18,$45.00,$810.00,Shipped
102310,2026-04-02,Massive Dynamic,West,Gizmo Mini,28,$45.00,"$1,260.00",shipped
102311,2026-04-03,Wayne Enterprises,East,Gadget X,10,"$2,150.00","$21,500.00",SHIPPED
102312,2026-04-04,Wayne Enterprises,East,Widget Pro,24,"$1,234.50","$29,628.00",pending
102313,2026-04-05,Initech,New York,Widget Pro,26,"$1,234.50","$32,097.00",Shipped
102314,2026-04-06,Wayne Enterprises,East,Gizmo Mini,15,$45.00,$675.00,shipped
102315,Apr 7 2026,Soylent Co,n-y-c,Widget Lite,5,$89.99,$449.95,Shipped
102316,2026-04-08,Soylent Co,NYC,Widget Lite,3,$89.99,$269.97,pending
102317,2026-04-09,Acme Corp,East,Widget Pro,1,"$1,234.50","$1,234.50",Shipped
102318,2026-04-10,Vehement Capital,East,Gadget X,1,"$2,150.00","$2,150.00",Pending
102319,13/04/2026,Wayne Enterprises,nyc,Widget Pro,21,"$1,234.50","$25,924.50",SHIPPED
102320,2026-04-12,Stark Industries,West,Gadget X,1,"$2,150.00","$2,150.00",Shipped
102321,2026-04-13,Soylent Co,west,Gadget X,24,"$2,150.00","$51,600.00",Pending
102322,Apr 14 2026,Stark Industries,west,Gizmo Mini,21,$45.00,$945.00,Shipped
102323,2026-04-15,Vehement Capital,n-y-c,Widget Pro,-23,"$1,234.50","-$28,393.50",cancelled
102324,2026-04-16,Wayne Enterprises,NYC,Widget Lite,5,$89.99,$449.95,pending
102325,2026-04-17,Acme Corp,nyc,Widget Pro,17,"$1,234.50","$20,986.50",pending
102326,2026-04-18,Globex Incorporated,East,Gizmo Mini,15,$45.00,$675.00,Shipped
102327,2026-04-19,Wayne Enterprises,New York,Gizmo Mini,2,$45.00,$90.00,pending
102328,2026-04-20,Massive Dynamic,NYC,Widget Lite,9,$89.99,$809.91,shipped
102329,2026-04-21,Vehement Capital,West,Widget Pro,14,"$1,234.50","$17,283.00",SHIPPED
102330,Apr 22 2026,Initech,East,Widget Lite,10,$89.99,$899.90,shipped
102331,Apr 23 2026,Globex Incorporated,West,Widget Lite,30,$89.99,"$2,699.70",Shipped
102332,2026-04-24,Initech,East,Gizmo Mini,21,$45.00,$945.00,Pending
102333,Apr 25 2026,Acme Corp,New York,Widget Pro,24,"$1,234.50","$29,628.00",Shipped
102334,26/04/2026,Stark Industries,East,Widget Pro,10,"$1,234.50","$12,345.00",SHIPPED
102335,2026-04-27,Massive Dynamic,East,Gadget X,10,"$2,150.00","$21,500.00",shipped
102336,2026-04-28,Hooli,East,Widget Pro,13,"$1,234.50","$16,048.50",Pending
102337,13/03/2026,Massive Dynamic,nyc,Gizmo Mini,14,$45.00,$630.00,pending
102338,Mar 2 2026,Acme Corp,west,Gadget X,16,"$2,150.00","$34,400.00",shipped
102339,2026-03-03,Vehement Capital,New York,Widget Lite,28,$89.99,"$2,519.72",pending
102340,2026-03-04,Globex Incorporated,NYC,Widget Lite,7,$89.99,$629.93,Pending
102341,13/03/2026,Umbrella Ltd,East,Gadget X,29,"$2,150.00","$62,350.00",SHIPPED
102342,2026-03-06,Acme Corp,west,Gadget X,25,"$2,150.00","$53,750.00",Pending
102343,13/03/2026,Soylent Co,East,Widget Lite,8,$89.99,$719.92,shipped
102344,2026-03-08,Wayne Enterprises,West,Widget Pro,30,"$1,234.50","$37,035.00",shipped
102345,2026-03-09,Acme Corp,n-y-c,Widget Lite,17,$89.99,"$1,529.83",Pending
102346,Mar 10 2026,Acme Corp,New York,Widget Pro,19,"$1,234.50","$23,455.50",SHIPPED
102347,13/03/2026,Vehement Capital,West,Widget Pro,27,"$1,234.50","$33,331.50",shipped
102348,13/03/2026,Massive Dynamic,West,Gizmo Mini,21,$45.00,$945.00,pending
102349,2026-03-13,Stark Industries,East,Widget Lite,15,$89.99,"$1,349.85",Shipped
102350,2026-03-14,Vehement Capital,New York,Gadget X,12,"$2,150.00","$25,800.00",Pending
102351,2026-03-15,Stark Industries,East,Widget Lite,13,$89.99,"$1,169.87",shipped
102352,2026-03-16,Globex Incorporated,East,Gizmo Mini,15,$45.00,$675.00,Shipped
102353,2026-03-17,Globex Incorporated,nyc,Widget Lite,7,$89.99,$629.93,pending
102354,2026-03-18,Wayne Enterprises,NYC,Widget Pro,11,"$1,234.50","$13,579.50",Shipped
102355,Mar 19 2026,Globex Incorporated,n-y-c,Gadget X,7,"$2,150.00","$15,050.00",shipped
102356,20/03/2026,Acme Corp,n-y-c,Widget Pro,3,"$1,234.50","$3,703.50",SHIPPED
102357,2026-03-21,Stark Industries,west,Gizmo Mini,20,$45.00,$900.00,Shipped
102358,2026-03-22,Vehement Capital,East,Widget Pro,28,"$1,234.50","$34,566.00",Shipped
102359,Mar 23 2026,Initech,west,Gizmo Mini,6,$45.00,$270.00,SHIPPED
102360,2026-03-24,,nyc,Gadget X,19,"$2,150.00","$40,850.00",Pending
102361,2026-03-25,Stark Industries,NYC,Widget Pro,16,"$1,234.50","$19,752.00",shipped
102362,2026-03-26,Stark Industries,nyc,Gizmo Mini,20,$45.00,$900.00,pending
102363,2026-03-27,Massive Dynamic,New York,Gizmo Mini,22,$45.00,$990.00,Pending
102364,28/03/2026,Soylent Co,NYC,Gizmo Mini,6,$45.00,$270.00,Pending
102365,2026-04-01,Umbrella Ltd,n-y-c,Widget Lite,10,$89.99,$899.90,SHIPPED
102366,13/04/2026,Soylent Co,East,Widget Pro,19,"$1,234.50","$23,455.50",SHIPPED
102367,Apr 3 2026,Soylent Co,East,Widget Lite,6,$89.99,$539.94,Pending
102368,2026-04-04,Initech,East,Gadget X,15,"$2,150.00","$32,250.00",Pending
102369,2026-04-05,Globex Incorporated,West,Gizmo Mini,25,$45.00,"$1,125.00",shipped
102370,2026-04-06,Hooli,west,Widget Pro,17,"$1,234.50","$20,986.50",Pending
102371,13/04/2026,Hooli,west,Widget Pro,14,"$1,234.50","$17,283.00",Pending
102372,2026-04-08,Massive Dynamic,NYC,Gadget X,29,"$2,150.00","$62,350.00",SHIPPED
102373,Apr 9 2026,Massive Dynamic,New York,Gizmo Mini,3,$45.00,$135.00,SHIPPED
102374,13/04/2026,Vehement Capital,West,Gadget X,12,"$2,150.00","$25,800.00",pending
102375,13/04/2026,Massive Dynamic,West,Gadget X,19,"$2,150.00","$40,850.00",Shipped
102376,2026-04-12,Umbrella Ltd,East,Gadget X,5,"$2,150.00","$10,750.00",Pending
102377,2026-04-13,Wayne Enterprises,East,Widget Pro,6,"$1,234.50","$7,407.00",shipped
102378,Apr 14 2026,Globex Incorporated,West,Gizmo Mini,4,$45.00,$180.00,SHIPPED
102379,15/04/2026,Acme Corp,East,Widget Pro,14,"$1,234.50","$17,283.00",Shipped
102380,16/04/2026,Acme Corp,East,Gadget X,11,"$2,150.00","$23,650.00",SHIPPED
102381,Apr 17 2026,Globex Incorporated,NYC,Gadget X,2,"$2,150.00","$4,300.00",shipped
102382,18/04/2026,Soylent Co,n-y-c,Gadget X,5,"$2,150.00","$10,750.00",Shipped
102383,2026-04-19,Umbrella Ltd,East,Gadget X,1,"$2,150.00","$2,150.00",pending
102384,2026-04-20,Initech,East,Widget Pro,15,"$1,234.50","$18,517.50",pending
102385,21/04/2026,Stark Industries,NYC,Gadget X,8,"$2,150.00","$17,200.00",pending
102386,2026-04-22,Initech,East,Gadget X,6,"$2,150.00","$12,900.00",shipped
102387,2026-04-23,Hooli,West,Widget Lite,3,$89.99,$269.97,SHIPPED
102388,Apr 24 2026,Initech,west,Widget Pro,16,"$1,234.50","$19,752.00",Pending
102389,2026-04-25,Soylent Co,East,Widget Pro,3,"$1,234.50","$3,703.50",Pending
102390,2026-04-26,Initech,NYC,Gadget X,3,"$2,150.00","$6,450.00",shipped
102391,2026-04-27,Massive Dynamic,New York,Widget Pro,19,"$1,234.50","$23,455.50",pending
102392,2026-04-28,Umbrella Ltd,west,Widget Pro,26,"$1,234.50","$32,097.00",Pending
102393,13/03/2026,Soylent Co,n-y-c,Gizmo Mini,2,$45.00,$90.00,SHIPPED
102394,2026-03-02,Acme Corp,west,Widget Pro,11,"$1,234.50","$13,579.50",Shipped
102395,2026-03-03,Acme Corp,East,Widget Pro,29,"$1,234.50","$35,800.50",Pending
102396,13/03/2026,Globex Incorporated,East,Gizmo Mini,8,$45.00,$360.00,SHIPPED
102397,2026-03-05,Acme Corp,nyc,Gizmo Mini,13,$45.00,$585.00,pending
102398,2026-03-06,Acme Corp,west,Widget Lite,24,$89.99,"$2,159.76",pending
102399,13/03/2026,Initech,East,Widget Lite,23,$89.99,"$2,069.77",shipped
102400,2026-03-08,Acme Corp,East,Widget Pro,13,"$1,234.50","$16,048.50",Pending
102401,Mar 9 2026,Globex Incorporated,west,Gizmo Mini,15,$45.00,$675.00,shipped
102402,2026-03-10,Stark Industries,East,Widget Lite,11,$89.99,$989.89,shipped
102403,2026-03-11,Massive Dynamic,west,Widget Lite,15,$89.99,"$1,349.85",Pending
102404,2026-03-12,Initech,NYC,Widget Pro,13,"$1,234.50","$16,048.50",shipped
102405,2026-03-13,Vehement Capital,west,Widget Lite,9,$89.99,$809.91,pending
102406,2026-03-14,Wayne Enterprises,nyc,Gadget X,20,"$2,150.00","$43,000.00",Shipped
102407,15/03/2026,Stark Industries,west,Gizmo Mini,10,$45.00,$450.00,shipped
102408,16/03/2026,Acme Corp,nyc,Widget Pro,29,"$1,234.50","$35,800.50",Shipped
102409,2026-03-17,Umbrella Ltd,nyc,Widget Lite,28,$89.99,"$2,519.72",shipped
102410,18/03/2026,Globex Incorporated,west,Gadget X,24,"$2,150.00","$51,600.00",Pending
102411,2026-03-19,Globex Incorporated,NYC,Widget Lite,24,$89.99,"$2,159.76",Pending
102412,2026-03-20,Stark Industries,west,Gizmo Mini,,$45.00,$450.00,shipped
102413,2026-03-21,Initech,west,Widget Pro,21,"$1,234.50","$25,924.50",Pending
102414,2026-03-22,Acme Corp,East,Gizmo Mini,16,$45.00,$720.00,shipped
102415,23/03/2026,Hooli,nyc,Widget Lite,22,$89.99,"$1,979.78",shipped
102416,24/03/2026,Soylent Co,New York,Gizmo Mini,29,$45.00,"$1,305.00",SHIPPED
102417,25/03/2026,Acme Corp,n-y-c,Widget Lite,30,$89.99,"$2,699.70",SHIPPED
102418,26/03/2026,Acme Corp,west,Gizmo Mini,27,$45.00,"$1,215.00",SHIPPED
102419,Mar 27 2026,Umbrella Ltd,East,Widget Lite,12,$89.99,"$1,079.88",Pending
102420,2026-03-28,Globex Incorporated,west,Widget Pro,28,"$1,234.50","$34,566.00",Shipped
102421,2026-04-01,Wayne Enterprises,West,Widget Lite,14,$89.99,"$1,259.86",SHIPPED
102422,Apr 2 2026,Hooli,East,Gizmo Mini,17,$45.00,$765.00,Shipped
102423,2026-04-03,Stark Industries,West,Gizmo Mini,14,$45.00,$630.00,Shipped
102424,Apr 4 2026,Stark Industries,west,Widget Pro,23,"$1,234.50","$28,393.50",Pending
102425,2026-04-05,Vehement Capital,East,Widget Pro,15,"$1,234.50","$18,517.50",pending
102426,2026-04-06,Wayne Enterprises,East,Gizmo Mini,15,$45.00,$675.00,SHIPPED
102427,2026-04-07,Vehement Capital,west,Gadget X,26,"$2,150.00","$55,900.00",SHIPPED
102427,2026-04-07, Vehement Capital ,WEST,Gadget X,26,"$2,150.00","$55,900.00",SHIPPED
102428,13/04/2026,Stark Industries,New York,Widget Pro,28,"$1,234.50","$34,566.00",Pending
102429,Apr 10 2026,Hooli,West,Widget Lite,11,$89.99,$989.89,pending
102430,Apr 11 2026,Acme Corp,NYC,Gadget X,2,"$2,150.00","$4,300.00",pending
102431,2026-04-12,Acme Corp,East,Gadget X,18,"$2,150.00","$38,700.00",Pending
102432,13/04/2026,Stark Industries,west,Gizmo Mini,13,$45.00,$585.00,Pending
102433,14/04/2026,Umbrella Ltd,East,Gadget X,30,"$2,150.00","$64,500.00",Pending
102434,15/04/2026,Wayne Enterprises,East,Widget Pro,14,"$1,234.50","$17,283.00",SHIPPED
102435,2026-04-16,Acme Corp,East,Widget Pro,1,"$1,234.50","$1,234.50",Pending
102436,2026-04-17,Umbrella Ltd,West,Gizmo Mini,3,$45.00,$135.00,pending
102437,2026-04-18,Soylent Co,East,Widget Lite,28,$89.99,"$2,519.72",pending
102438,19/04/2026,Soylent Co,n-y-c,Widget Lite,9,$89.99,$809.91,pending
102439,2026-04-20,Massive Dynamic,East,Gizmo Mini,22,$45.00,$990.00,pending
102440,2026-04-21,Globex Incorporated,West,Widget Lite,10,$89.99,$899.90,Shipped
102441,22/04/2026,Initech,East,Gizmo Mini,27,$45.00,"$1,215.00",shipped
102442,23/04/2026,Stark Industries,East,Widget Pro,10,"$1,234.50","$12,345.00",Shipped
102443,2026-04-24,Hooli,East,Widget Pro,15,"$1,234.50","$18,517.50",SHIPPED
102444,2026-04-25,Vehement Capital,East,Widget Pro,28,"$1,234.50","$34,566.00",SHIPPED
102445,26/04/2026,Umbrella Ltd,NYC,Gizmo Mini,9,$45.00,$405.00,Shipped
102446,27/04/2026,Hooli,West,Widget Lite,25,$89.99,"$2,249.75",shipped
102447,2026-04-28,Umbrella Ltd,East,Widget Pro,21,"$1,234.50","$25,924.50",pending
102448,2026-03-01,Stark Industries,west,Widget Pro,1,"$1,234.50","$1,234.50",shipped
102449,2026-03-02,Wayne Enterprises,East,Widget Pro,25,"$1,234.50","$30,862.50",SHIPPED
102450,2026-03-03,Globex Incorporated,East,Widget Pro,25,"$1,234.50","$30,862.50",shipped
102451,Mar 4 2026,Stark Industries,West,Widget Pro,26,"$1,234.50","$32,097.00",Pending
102452,13/03/2026,Soylent Co,East,Widget Pro,29,"$1,234.50","$35,800.50",shipped
102453,Mar 6 2026,Wayne Enterprises,NYC,Gizmo Mini,21,$45.00,$945.00,shipped
102454,13/03/2026,Stark Industries,East,Widget Pro,8,"$1,234.50","$9,876.00",SHIPPED
102455,2026-03-08,Umbrella Ltd,west,Widget Lite,27,$89.99,"$2,429.73",SHIPPED
102456,2026-03-09,Acme Corp,East,Gizmo Mini,4,$45.00,$180.00,Shipped
102457,2026-03-10,Acme Corp,n-y-c,Gizmo Mini,2,$45.00,$90.00,Shipped
102458,2026-03-11,Acme Corp,East,Gizmo Mini,23,$45.00,"$1,035.00",SHIPPED
102459,2026-03-12,Umbrella Ltd,West,Widget Lite,17,$89.99,"$1,529.83",Shipped
102459,2026-03-12, Umbrella Ltd ,WEST,Widget Lite,17,$89.99,"$1,529.83",Shipped
102460,2026-03-14,Stark Industries,West,Widget Lite,11,$89.99,$989.89,pending
102461,Mar 15 2026,Globex Incorporated,west,Gadget X,11,"$2,150.00","$23,650.00",shipped
102462,2026-03-16,Acme Corp,West,Gadget X,26,"$2,150.00","$55,900.00",Shipped
102463,17/03/2026,Soylent Co,west,Gadget X,17,"$2,150.00","$36,550.00",SHIPPED
102464,2026-03-18,Globex Incorporated,n-y-c,Widget Pro,21,"$1,234.50","$25,924.50",shipped
102465,2026-03-19,Umbrella Ltd,East,Gadget X,22,"$2,150.00","$47,300.00",SHIPPED
102466,2026-03-20,Stark Industries,East,Gizmo Mini,22,$45.00,$990.00,Pending
102467,2026-03-21,Globex Incorporated,East,Widget Pro,2,"$1,234.50","$2,469.00",SHIPPED
102468,2026-03-22,Globex Incorporated,n-y-c,Widget Pro,23,"$1,234.50","$28,393.50",pending
102469,23/03/2026,Soylent Co,East,Widget Pro,12,"$1,234.50","$14,814.00",Shipped
102470,2026-03-24,Soylent Co,west,Widget Lite,12,$89.99,"$1,079.88",Shipped
102471,2026-03-25,Stark Industries,East,Widget Lite,9,$89.99,$809.91,pending
102472,2026-03-26,Initech,west,Gadget X,6,"$2,150.00","$12,900.00",pending
102473,2026-03-27,Acme Corp,west,Gizmo Mini,4,$45.00,$180.00,Shipped
102474,2026-03-28,Umbrella Ltd,East,Gizmo Mini,5,$45.00,$225.00,pending
102475,2026-04-01,Vehement Capital,East,Gizmo Mini,9,$45.00,$405.00,pending
102476,2026-04-02,Globex Incorporated,New York,Widget Lite,26,$89.99,"$2,339.74",pending
102477,2026-04-03,Umbrella Ltd,nyc,Widget Pro,24,"$1,234.50","$29,628.00",pending
102478,2026-04-04,Vehement Capital,West,Widget Lite,17,$89.99,"$1,529.83",pending
102479,2026-04-05,Wayne Enterprises,East,Widget Pro,4,"$1,234.50","$4,938.00",pending
102480,2026-04-06,Massive Dynamic,East,Gadget X,4,"$2,150.00","$8,600.00",Pending
102481,2026-04-07,Initech,West,Gadget X,11,"$2,150.00","$23,650.00",SHIPPED
102482,Apr 8 2026,Globex Incorporated,n-y-c,Widget Lite,14,$89.99,"$1,259.86",SHIPPED
102483,2026-04-09,Initech,East,Gadget X,23,"$2,150.00","$49,450.00",SHIPPED
102484,2026-04-10,Vehement Capital,West,Widget Lite,7,$89.99,$629.93,shipped
102485,2026-04-11,Soylent Co,NYC,Gadget X,1,"$2,150.00","$2,150.00",Pending
102486,2026-04-12,Initech,East,Widget Pro,12,"$1,234.50","$14,814.00",shipped
102487,2026-04-13,Initech,nyc,Gadget X,4,"$2,150.00","$8,600.00",SHIPPED
102488,Apr 14 2026,Massive Dynamic,East,Widget Pro,2,"$1,234.50","$2,469.00",pending
102489,15/04/2026,Vehement Capital,west,Gadget X,7,"$2,150.00","$15,050.00",Pending
102490,Apr 16 2026,Umbrella Ltd,West,Widget Pro,21,"$1,234.50","$25,924.50",SHIPPED
102491,2026-04-17,Soylent Co,New York,Gizmo Mini,2,$45.00,$90.00,pending
102492,2026-04-18,Umbrella Ltd,New York,Widget Lite,28,$89.99,"$2,519.72",Shipped
102493,2026-04-19,Wayne Enterprises,west,Gadget X,21,"$2,150.00","$45,150.00",Pending
102494,2026-04-20,Wayne Enterprises,west,Widget Pro,22,"$1,234.50","$27,159.00",shipped
102495,2026-04-21,Vehement Capital,NYC,Widget Lite,18,$89.99,"$1,619.82",Pending
102496,2026-04-22,Hooli,East,Gizmo Mini,30,$45.00,"$1,350.00",SHIPPED
102497,2026-04-23,Massive Dynamic,west,Gizmo Mini,27,$45.00,"$1,215.00",shipped
102498,2026-04-24,Hooli,East,Gadget X,12,"$2,150.00","$25,800.00",Shipped
102499,2026-04-25,Acme Corp,East,Widget Pro,2,"$1,234.50","$2,469.00",Pending
102500,Apr 26 2026,Globex Incorporated,New York,Gadget X,28,"$2,150.00","$60,200.00",pending
102501,27/04/2026,Soylent Co,East,Gadget X,26,"$2,150.00","$55,900.00",Pending
102502,2026-04-28,Vehement Capital,west,Widget Lite,2,$89.99,$179.98,Pending
102503,2026-03-01,Initech,East,Gadget X,24,"$2,150.00","$51,600.00",Shipped
102504,2026-03-02,Hooli,East,Widget Pro,3,"$1,234.50","$3,703.50",pending
102505,2026-03-03,Massive Dynamic,East,Gadget X,14,"$2,150.00","$30,100.00",SHIPPED
102506,2026-03-04,Massive Dynamic,West,Widget Pro,4,"$1,234.50","$4,938.00",pending
102507,2026-03-05,Initech,NYC,Widget Lite,15,$89.99,"$1,349.85",pending
102508,13/03/2026,Wayne Enterprises,west,Widget Pro,5,"$1,234.50","$6,172.50",shipped
102509,2026-03-07,Acme Corp,West,Widget Lite,13,$89.99,"$1,169.87",pending
102510,2026-03-08,Massive Dynamic,New York,Widget Pro,3,"$1,234.50","$3,703.50",Pending
102511,2026-03-09,Massive Dynamic,New York,Gadget X,11,"$2,150.00","$23,650.00",Pending
102512,2026-03-10,Wayne Enterprises,west,Gizmo Mini,3,$45.00,$135.00,Pending
102513,2026-03-11,Initech,New York,Gadget X,17,"$2,150.00","$36,550.00",SHIPPED
102514,2026-03-12,Vehement Capital,East,Gizmo Mini,20,$45.00,$900.00,pending
102515,2026-03-13,Globex Incorporated,NYC,Widget Lite,13,$89.99,"$1,169.87",Shipped
102516,2026-03-14,Wayne Enterprises,West,Gadget X,17,"$2,150.00","$36,550.00",SHIPPED
102517,2026-03-15,Acme Corp,East,Gizmo Mini,6,$45.00,$270.00,shipped
102518,2026-03-16,Wayne Enterprises,west,Widget Pro,15,"$1,234.50","$18,517.50",Shipped
102519,2026-03-17,Stark Industries,East,Gizmo Mini,2,$45.00,$90.00,pending
102520,2026-03-18,Umbrella Ltd,East,Gadget X,7,"$2,150.00","$15,050.00",pending
102521,2026-03-19,,East,Gadget X,20,"$2,150.00","$43,000.00",pending
102522,2026-03-20,Massive Dynamic,East,Gizmo Mini,20,$45.00,$900.00,Pending
102523,2026-03-21,Soylent Co,NYC,Widget Lite,8,$89.99,$719.92,SHIPPED
102524,2026-03-22,Acme Corp,west,Gizmo Mini,8,$45.00,$360.00,pending
102525,2026-03-23,Wayne Enterprises,west,Widget Pro,26,"$1,234.50","$32,097.00",Pending
102526,Mar 24 2026,Massive Dynamic,n-y-c,Gadget X,10,"$2,150.00","$21,500.00",pending
102527,2026-03-25,Stark Industries,East,Widget Lite,8,$89.99,$719.92,Shipped
102528,2026-03-26,Wayne Enterprises,East,Gadget X,27,"$2,150.00","$58,050.00",pending
102529,2026-03-27,Globex Incorporated,west,Widget Lite,4,$89.99,$359.96,Pending
102530,2026-03-28,Acme Corp,NYC,Gizmo Mini,7,$45.00,$315.00,pending
102531,13/04/2026,Globex Incorporated,East,Widget Lite,6,$89.99,$539.94,SHIPPED
102532,2026-04-02,Stark Industries,West,Gadget X,11,"$2,150.00","$23,650.00",Shipped
102533,2026-04-03,Soylent Co,West,Widget Pro,14,"$1,234.50","$17,283.00",pending
102534,13/04/2026,Soylent Co,East,Gadget X,30,"$2,150.00","$64,500.00",pending
102535,2026-04-05,Massive Dynamic,West,Widget Pro,,"$1,234.50","$22,221.00",Shipped
102536,Apr 6 2026,Hooli,west,Widget Pro,26,"$1,234.50","$32,097.00",shipped
102537,2026-04-07,Wayne Enterprises,New York,Gizmo Mini,23,$45.00,"$1,035.00",Pending
102538,2026-04-08,Massive Dynamic,East,Gadget X,2,"$2,150.00","$4,300.00",pending
102539,2026-04-09,Vehement Capital,nyc,Gizmo Mini,26,$45.00,"$1,170.00",shipped
102540,13/04/2026,Vehement Capital,East,Gadget X,15,"$2,150.00","$32,250.00",SHIPPED
102541,2026-04-11,Soylent Co,n-y-c,Widget Lite,2,$89.99,$179.98,SHIPPED
102542,2026-04-12,Globex Incorporated,West,Gizmo Mini,23,$45.00,"$1,035.00",SHIPPED
102543,2026-04-13,Wayne Enterprises,n-y-c,Widget Lite,7,$89.99,$629.93,Shipped
102544,2026-04-14,Globex Incorporated,west,Widget Lite,25,$89.99,"$2,249.75",Pending
102545,15/04/2026,Initech,nyc,Widget Lite,7,$89.99,$629.93,SHIPPED
102546,16/04/2026,Stark Industries,west,Widget Lite,18,$89.99,"$1,619.82",Shipped
102547,2026-04-17,Globex Incorporated,East,Widget Pro,1,"$1,234.50","$1,234.50",shipped
102548,2026-04-18,Initech,East,Widget Lite,20,$89.99,"$1,799.80",Shipped
102549,Apr 19 2026,Massive Dynamic,nyc,Widget Lite,22,$89.99,"$1,979.78",shipped
102550,2026-04-20,Vehement Capital,East,Widget Lite,21,$89.99,"$1,889.79",Shipped
102551,2026-04-21,Umbrella Ltd,East,Widget Pro,2,"$1,234.50","$2,469.00",Pending
102552,2026-04-22,Initech,nyc,Widget Lite,12,$89.99,"$1,079.88",pending
102553,2026-04-23,Vehement Capital,west,Gadget X,6,"$2,150.00","$12,900.00",Shipped
102554,2026-04-24,Acme Corp,west,Widget Pro,7,"$1,234.50","$8,641.50",Pending
102555,2026-04-25,Hooli,East,Gadget X,17,"$2,150.00","$36,550.00",pending
102556,Apr 26 2026,Acme Corp,West,Gizmo Mini,18,$45.00,$810.00,Shipped
102557,27/04/2026,Stark Industries,n-y-c,Widget Lite,16,$89.99,"$1,439.84",Shipped
102558,Apr 28 2026,Massive Dynamic,n-y-c,Widget Pro,25,"$1,234.50","$30,862.50",pending
102559,2026-03-01,Umbrella Ltd,n-y-c,Gadget X,15,"$2,150.00","$32,250.00",SHIPPED
102560,2026-03-02,Initech,nyc,Gadget X,28,"$2,150.00","$60,200.00",pending
102561,2026-03-03,Globex Incorporated,East,Widget Pro,23,"$1,234.50","$28,393.50",shipped
102562,2026-03-04,Acme Corp,East,Widget Pro,10,"$1,234.50","$12,345.00",pending
102563,13/03/2026,Wayne Enterprises,East,Gizmo Mini,7,$45.00,$315.00,pending
102564,13/03/2026,Globex Incorporated,West,Gizmo Mini,16,$45.00,$720.00,SHIPPED
102565,2026-03-07,Wayne Enterprises,west,Gadget X,12,"2,150.00 USD","$25,800.00",Shipped
102566,2026-03-08,Stark Industries,East,Gadget X,13,"$2,150.00","$27,950.00",SHIPPED
102567,2026-03-09,Globex Incorporated,nyc,Widget Pro,24,"$1,234.50","$29,628.00",Pending
102568,Mar 10 2026,Umbrella Ltd,East,Gadget X,14,"$2,150.00","$30,100.00",Shipped
102569,2026-03-11,Hooli,East,Widget Pro,6,"$1,234.50","$7,407.00",SHIPPED
102570,2026-03-12,Massive Dynamic,New York,Widget Lite,1,$89.99,$89.99,pending
102571,13/03/2026,Hooli,west,Widget Lite,5,$89.99,$449.95,pending
102571,13/03/2026,Hooli,west,Widget Lite,5,$89.99,$449.95,pending
102572,2026-03-15,Massive Dynamic,West,Gizmo Mini,14,$45.00,$630.00,shipped
102573,2026-03-16,Stark Industries,New York,Widget Pro,3,"$1,234.50","$3,703.50",Shipped
102574,2026-03-17,Initech,East,Gizmo Mini,8,$45.00,$360.00,SHIPPED
102575,18/03/2026,Soylent Co,West,Widget Pro,27,"$1,234.50","$33,331.50",pending
102576,19/03/2026,Acme Corp,West,Widget Pro,13,"$1,234.50","$16,048.50",SHIPPED
102577,2026-03-20,Globex Incorporated,West,Gadget X,5,"$2,150.00","$10,750.00",Shipped
102578,21/03/2026,Stark Industries,west,Gadget X,30,"$2,150.00","$64,500.00",SHIPPED
102579,2026-03-22,Acme Corp,n-y-c,Widget Lite,21,$89.99,"$1,889.79",Pending
102580,2026-03-23,Massive Dynamic,New York,Widget Lite,23,$89.99,"$2,069.77",Pending
102581,2026-03-24,Umbrella Ltd,nyc,Widget Pro,2,"$1,234.50","$2,469.00",Pending
102582,2026-03-25,Hooli,west,Widget Lite,5,$89.99,$449.95,Shipped
102583,2026-03-26,Massive Dynamic,nyc,Widget Pro,13,"$1,234.50","$16,048.50",pending
102584,27/03/2026,Stark Industries,East,Gadget X,11,"$2,150.00","$23,650.00",SHIPPED
102585,2026-03-28,Hooli,East,Gadget X,28,"$2,150.00","$60,200.00",Shipped
102586,2026-04-01,Umbrella Ltd,East,Widget Lite,27,$89.99,"$2,429.73",Pending
102587,2026-04-02,Vehement Capital,East,Widget Pro,10,"$1,234.50","$12,345.00",pending
102588,2026-04-03,Massive Dynamic,New York,Gizmo Mini,20,$45.00,$900.00,shipped
102589,2026-04-04,Hooli,west,Gadget X,4,"$2,150.00","$8,600.00",Pending
102590,2026-04-05,Globex Incorporated,n-y-c,Widget Lite,28,$89.99,"$2,519.72",Pending
102591,13/04/2026,Initech,West,Gadget X,5,"$2,150.00","$10,750.00",SHIPPED
102592,13/04/2026,Vehement Capital,West,Gizmo Mini,20,$45.00,$900.00,pending
102593,13/04/2026,Umbrella Ltd,East,Gadget X,27,"$2,150.00","$58,050.00",shipped
102594,2026-04-09,Vehement Capital,West,Widget Pro,12,"$1,234.50","$14,814.00",pending
102595,13/04/2026,Wayne Enterprises,n-y-c,Gizmo Mini,17,$45.00,$765.00,pending
102596,2026-04-11,Massive Dynamic,NYC,Gizmo Mini,28,$45.00,"$1,260.00",shipped
102597,2026-04-12,Vehement Capital,West,Widget Lite,24,$89.99,"$2,159.76",Pending
102598,2026-04-13,Stark Industries,west,Widget Pro,7,"$1,234.50","$8,641.50",Shipped
102599,Apr 14 2026,Umbrella Ltd,New York,Gadget X,23,"$2,150.00","$49,450.00",Pending
102600,2026-04-15,Initech,n-y-c,Gadget X,28,"$2,150.00","$60,200.00",Shipped
102601,16/04/2026,Vehement Capital,East,Widget Lite,12,$89.99,"$1,079.88",shipped
102602,2026-04-17,Stark Industries,East,Gizmo Mini,24,$45.00,"$1,080.00",pending
102603,18/04/2026,Hooli,East,Gizmo Mini,1,$45.00,$45.00,SHIPPED
102604,2026-04-19,Vehement Capital,west,Gadget X,29,"$2,150.00","$62,350.00",Pending
102605,2026-04-20,Stark Industries,West,Widget Lite,19,$89.99,"$1,709.81",pending
102606,2026-04-21,Vehement Capital,New York,Gizmo Mini,10,$45.00,$450.00,shipped
102607,2026-04-22,Vehement Capital,nyc,Gadget X,15,"$2,150.00","$32,250.00",SHIPPED
102608,23/04/2026,Stark Industries,East,Gadget X,6,"$2,150.00","$12,900.00",SHIPPED
102609,24/04/2026,Initech,New York,Gadget X,2,"$2,150.00","$4,300.00",shipped
102610,25/04/2026,Globex Incorporated,West,Gizmo Mini,3,$45.00,$135.00,Pending
102611,2026-04-26,Acme Corp,west,Gizmo Mini,29,$45.00,"$1,305.00",SHIPPED
102612,2026-04-27,Massive Dynamic,West,Widget Lite,28,$89.99,"$2,519.72",shipped
102613,2026-04-28,Vehement Capital,New York,Widget Lite,20,$89.99,"$1,799.80",shipped
102614,2026-03-01,Globex Incorporated,East,Widget Lite,8,$89.99,$719.92,pending
102615,2026-03-02,Wayne Enterprises,west,Gizmo Mini,21,$45.00,$945.00,Pending
102616,2026-03-03,Soylent Co,West,Gizmo Mini,12,$45.00,$540.00,pending
102617,2026-03-04,Wayne Enterprises,West,Gadget X,19,"$2,150.00","$40,850.00",pending
102618,13/03/2026,Globex Incorporated,East,Widget Pro,4,"$1,234.50","$4,938.00",Pending
102619,13/03/2026,Hooli,west,Gizmo Mini,21,$45.00,$945.00,Pending
102620,2026-03-07,Acme Corp,n-y-c,Gadget X,26,"$2,150.00","$55,900.00",Pending
102621,2026-03-08,Umbrella Ltd,NYC,Widget Pro,22,"$1,234.50","$27,159.00",SHIPPED
102622,Mar 9 2026,Globex Incorporated,East,Gadget X,11,"$2,150.00","$23,650.00",Shipped
102623,2026-03-10,Umbrella Ltd,nyc,Widget Pro,-30,"$1,234.50","-$37,035.00",cancelled
102624,13/03/2026,Vehement Capital,west,Gadget X,17,"$2,150.00","$36,550.00",shipped
102625,2026-03-12,Wayne Enterprises,NYC,Gizmo Mini,16,$45.00,$720.00,SHIPPED
102626,2026-03-13,Hooli,NYC,Widget Lite,13,$89.99,"$1,169.87",Pending
102627,2026-03-14,Vehement Capital,East,Gizmo Mini,11,$45.00,$495.00,pending
102628,2026-03-15,Initech,East,Gizmo Mini,13,$45.00,$585.00,shipped
102629,2026-03-16,Wayne Enterprises,East,Widget Lite,6,$89.99,$539.94,Pending
102630,Mar 17 2026,Wayne Enterprises,East,Gadget X,3,"$2,150.00","$6,450.00",Shipped
102631,2026-03-18,Massive Dynamic,East,Gadget X,1,"$2,150.00","$2,150.00",SHIPPED
102632,2026-03-19,Stark Industries,East,Gadget X,11,"$2,150.00","$23,650.00",shipped
102633,2026-03-20,Massive Dynamic,East,Widget Pro,5,"$1,234.50","$6,172.50",Shipped
102634,21/03/2026,Stark Industries,west,Gizmo Mini,16,$45.00,$720.00,Shipped
102635,2026-03-22,Initech,west,Widget Pro,29,"$1,234.50","$35,800.50",Shipped
102636,23/03/2026,Vehement Capital,nyc,Widget Lite,12,$89.99,"$1,079.88",Shipped
102637,24/03/2026,Soylent Co,East,Gadget X,22,"$2,150.00","$47,300.00",shipped
102638,2026-03-25,Acme Corp,East,Widget Pro,8,"$1,234.50","$9,876.00",SHIPPED
102639,2026-03-26,Umbrella Ltd,West,Widget Pro,13,"$1,234.50","$16,048.50",pending
102640,2026-03-27,Wayne Enterprises,East,Widget Pro,1,"$1,234.50","$1,234.50",Shipped
102641,Mar 28 2026,Soylent Co,NYC,Widget Lite,29,$89.99,"$2,609.71",shipped
102642,2026-04-01,Massive Dynamic,East,Gizmo Mini,11,$45.00,$495.00,Pending
102643,13/04/2026,Globex Incorporated,New York,Gizmo Mini,16,$45.00,$720.00,SHIPPED
102644,13/04/2026,Stark Industries,NYC,Gizmo Mini,9,$45.00,$405.00,Shipped
102645,2026-04-04,Globex Incorporated,West,Widget Pro,5,"$1,234.50","$6,172.50",shipped
102646,2026-04-05,Umbrella Ltd,East,Gadget X,23,"$2,150.00","$49,450.00",pending
102647,13/04/2026,Wayne Enterprises,nyc,Gadget X,28,"$2,150.00","$60,200.00",Pending
102648,13/04/2026,Hooli,West,Widget Lite,24,$89.99,"$2,159.76",pending
102649,2026-04-08,Vehement Capital,New York,Gadget X,8,"$2,150.00","$17,200.00",pending
102650,2026-04-09,Globex Incorporated,East,Widget Lite,22,$89.99,"$1,979.78",shipped
102651,Apr 10 2026,Soylent Co,West,Gadget X,26,"$2,150.00","$55,900.00",Pending
102652,13/04/2026,Globex Incorporated,East,Widget Lite,27,$89.99,"$2,429.73",SHIPPED
102653,13/04/2026,Initech,NYC,Widget Lite,26,$89.99,"$2,339.74",Shipped
102654,2026-04-13,Acme Corp,n-y-c,Widget Pro,27,"$1,234.50","$33,331.50",pending
102655,2026-04-14,Globex Incorporated,East,Widget Pro,18,"$1,234.50","$22,221.00",SHIPPED
102656,2026-04-15,Soylent Co,NYC,Widget Pro,17,"$1,234.50","$20,986.50",Shipped
102657,2026-04-16,Hooli,West,Gadget X,3,"$2,150.00","$6,450.00",pending
102658,2026-04-17,Acme Corp,East,Gadget X,4,"$2,150.00","$8,600.00",Pending
102659,2026-04-18,Initech,West,Gizmo Mini,19,$45.00,$855.00,Pending
102660,2026-04-19,Soylent Co,West,Gizmo Mini,26,$45.00,"$1,170.00",shipped
102661,2026-04-20,Globex Incorporated,East,Gizmo Mini,26,$45.00,"$1,170.00",pending
102662,2026-04-21,Wayne Enterprises,East,Widget Lite,28,$89.99,"$2,519.72",pending
102663,2026-04-22,Massive Dynamic,west,Gadget X,15,"$2,150.00","$32,250.00",pending
102664,2026-04-23,Initech,East,Gadget X,11,"$2,150.00","$23,650.00",Pending
102665,2026-04-24,Initech,nyc,Gadget X,6,"$2,150.00","$12,900.00",Pending
102666,2026-04-25,Soylent Co,west,Gizmo Mini,5,$45.00,$225.00,Pending
102667,2026-04-26,Initech,west,Widget Lite,13,$89.99,"$1,169.87",Pending
102668,2026-04-27,Stark Industries,New York,Gizmo Mini,6,$45.00,$270.00,shipped
102669,2026-04-28,Vehement Capital,n-y-c,Gizmo Mini,22,$45.00,$990.00,Shipped
102670,2026-03-01,Vehement Capital,West,Widget Lite,3,$89.99,$269.97,SHIPPED
102671,2026-03-02,Vehement Capital,West,Gizmo Mini,3,$45.00,$135.00,Pending
102672,2026-03-03,Wayne Enterprises,west,Widget Pro,20,"$1,234.50","$24,690.00",shipped
102673,2026-03-04,Wayne Enterprises,nyc,Widget Pro,14,"$1,234.50","$17,283.00",pending
102674,2026-03-05,Globex Incorporated,East,Gizmo Mini,25,$45.00,"$1,125.00",Pending
102675,13/03/2026,Stark Industries,West,Widget Lite,6,$89.99,$539.94,pending
102676,2026-03-07,Globex Incorporated,West,Widget Pro,29,"$1,234.50","$35,800.50",Pending
102677,Mar 8 2026,Massive Dynamic,west,Widget Lite,1,$89.99,$89.99,Pending
102678,2026-03-09,Hooli,East,Gizmo Mini,12,$45.00,$540.00,SHIPPED
102679,2026-03-10,Hooli,New York,Gadget X,13,"$2,150.00","$27,950.00",SHIPPED
102680,2026-03-11,Initech,East,Gadget X,5,"$2,150.00","$10,750.00",shipped
102681,2026-03-12,Globex Incorporated,East,Widget Lite,19,$89.99,"$1,709.81",SHIPPED
102682,2026-03-13,Umbrella Ltd,west,Widget Pro,7,"$1,234.50","$8,641.50",shipped
102683,2026-03-14,Acme Corp,East,Widget Pro,7,"$1,234.50","$8,641.50",Shipped
102684,2026-03-15,Hooli,New York,Widget Lite,16,$89.99,"$1,439.84",Shipped
102685,2026-03-16,Vehement Capital,New York,Gadget X,6,"$2,150.00","$12,900.00",pending
102686,2026-03-17,Globex Incorporated,NYC,Gizmo Mini,4,$45.00,$180.00,pending
102687,2026-03-18,Soylent Co,East,Widget Lite,11,$89.99,$989.89,shipped
102688,2026-03-19,Hooli,East,Widget Lite,28,$89.99,"$2,519.72",Shipped
102689,2026-03-20,Vehement Capital,nyc,Widget Lite,6,$89.99,$539.94,pending
102690,21/03/2026,Globex Incorporated,west,Gadget X,21,"$2,150.00","$45,150.00",pending
102691,2026-03-22,Acme Corp,nyc,Gizmo Mini,17,$45.00,$765.00,pending
102692,2026-03-23,Wayne Enterprises,New York,Gizmo Mini,16,$45.00,$720.00,SHIPPED
102693,2026-03-24,Hooli,East,Gizmo Mini,14,$45.00,$630.00,shipped
102694,2026-03-25,Soylent Co,west,Gadget X,25,"$2,150.00","$53,750.00",pending
102695,2026-03-26,Globex Incorporated,East,Gizmo Mini,11,$45.00,$495.00,shipped
102696,Mar 27 2026,Vehement Capital,New York,Gadget X,24,"$2,150.00","$51,600.00",pending
102697,28/03/2026,Soylent Co,New York,Gadget X,7,"$2,150.00","$15,050.00",shipped
102698,2026-04-01,Acme Corp,West,Widget Pro,19,"$1,234.50","$23,455.50",shipped
102699,Apr 2 2026,Vehement Capital,East,Widget Pro,8,"$1,234.50","$9,876.00",Pending
102700,2026-04-03,Soylent Co,west,Widget Lite,24,$89.99,"$2,159.76",SHIPPED
102701,Apr 4 2026,Initech,nyc,Widget Lite,14,$89.99,"$1,259.86",shipped
102702,2026-04-05,Acme Corp,New York,Gadget X,10,"$2,150.00","$21,500.00",Pending
102703,2026-04-06,Wayne Enterprises,East,Widget Lite,18,$89.99,"$1,619.82",SHIPPED
102704,Apr 7 2026,Stark Industries,New York,Widget Pro,9,"$1,234.50","$11,110.50",Shipped
102705,13/04/2026,Soylent Co,west,Widget Lite,7,$89.99,$629.93,SHIPPED
102706,2026-04-09,Globex Incorporated,NYC,Gizmo Mini,1,$45.00,$45.00,pending
102707,Apr 10 2026,Wayne Enterprises,East,Gadget X,18,"$2,150.00","$38,700.00",SHIPPED
102708,Apr 11 2026,Hooli,west,Widget Lite,3,$89.99,$269.97,shipped
102709,2026-04-12,Initech,West,Gizmo Mini,12,$45.00,$540.00,Pending
102710,2026-04-13,Initech,New York,Widget Lite,21,$89.99,"$1,889.79",Pending
102711,2026-04-14,Soylent Co,East,Widget Pro,8,"$1,234.50","$9,876.00",SHIPPED
102712,15/04/2026,Wayne Enterprises,West,Widget Lite,19,$89.99,"$1,709.81",pending
102713,2026-04-16,Stark Industries,NYC,Gadget X,13,"$2,150.00","$27,950.00",Pending
102714,2026-04-17,Globex Incorporated,n-y-c,Gizmo Mini,24,$45.00,"$1,080.00",Pending
102715,2026-04-18,Globex Incorporated,East,Widget Pro,11,"$1,234.50","$13,579.50",Pending
102716,2026-04-19,Umbrella Ltd,west,Widget Lite,8,$89.99,$719.92,shipped
102717,2026-04-20,Globex Incorporated,west,Gadget X,11,"$2,150.00","$23,650.00",pending
102718,2026-04-21,Soylent Co,New York,Widget Lite,5,$89.99,$449.95,pending
102719,22/04/2026,Soylent Co,West,Gadget X,28,"$2,150.00","$60,200.00",Pending
102720,23/04/2026,Stark Industries,East,Gadget X,18,"$2,150.00","$38,700.00",SHIPPED
102721,2026-04-24,Soylent Co,n-y-c,Widget Pro,22,"$1,234.50","$27,159.00",pending
102722,2026-04-25,Umbrella Ltd,East,Widget Lite,19,$89.99,"$1,709.81",Shipped
102723,2026-04-26,Massive Dynamic,East,Widget Pro,8,"$1,234.50","$9,876.00",pending
102724,2026-04-27,Vehement Capital,West,Gizmo Mini,16,$45.00,$720.00,Shipped
102725,2026-04-28,Initech,NYC,Widget Pro,29,"$1,234.50","$35,800.50",Pending
102726,13/03/2026,Acme Corp,East,Widget Pro,5,"$1,234.50","$6,172.50",Pending
102727,13/03/2026,Wayne Enterprises,East,Widget Lite,17,$89.99,"$1,529.83",Pending
102728,2026-03-03,Umbrella Ltd,west,Gizmo Mini,14,$45.00,$630.00,SHIPPED
102729,13/03/2026,Hooli,New York,Widget Lite,16,$89.99,"$1,439.84",pending
102730,2026-03-05,Hooli,West,Widget Lite,22,$89.99,"$1,979.78",shipped
102731,2026-03-06,Vehement Capital,East,Widget Lite,2,$89.99,$179.98,SHIPPED
102732,Mar 7 2026,Globex Incorporated,New York,Widget Lite,21,$89.99,"$1,889.79",Shipped
102733,2026-03-08,Globex Incorporated,west,Gizmo Mini,22,$45.00,$990.00,Pending
102734,2026-03-09,Umbrella Ltd,west,Gizmo Mini,30,$45.00,"$1,350.00",shipped
102735,2026-03-10,Soylent Co,nyc,Widget Pro,13,"$1,234.50","$16,048.50",pending
102736,2026-03-11,Soylent Co,n-y-c,Gizmo Mini,24,$45.00,"$1,080.00",Pending
102737,2026-03-12,Initech,west,Widget Lite,1,$89.99,$89.99,Shipped
102738,2026-03-13,Initech,East,Widget Pro,17,"$1,234.50","$20,986.50",Pending
102739,14/03/2026,Vehement Capital,East,Gizmo Mini,29,$45.00,"$1,305.00",SHIPPED
102740,2026-03-15,Vehement Capital,west,Widget Lite,18,$89.99,"$1,619.82",Pending
102741,2026-03-16,Hooli,New York,Gizmo Mini,29,$45.00,"$1,305.00",Pending
102742,17/03/2026,Wayne Enterprises,West,Widget Pro,23,"$1,234.50","$28,393.50",Shipped
102743,2026-03-18,Soylent Co,East,Widget Pro,6,"$1,234.50","$7,407.00",Pending
102744,2026-03-19,Wayne Enterprises,East,Widget Pro,11,"$1,234.50","$13,579.50",pending
102745,2026-03-20,Hooli,East,Gizmo Mini,2,$45.00,$90.00,Pending
102746,2026-03-21,Soylent Co,East,Widget Pro,16,"$1,234.50","$19,752.00",Pending
102747,2026-03-22,Stark Industries,west,Widget Pro,3,"$1,234.50","$3,703.50",Pending
102748,23/03/2026,Massive Dynamic,nyc,Widget Pro,1,"$1,234.50","$1,234.50",SHIPPED
102749,2026-03-24,Globex Incorporated,New York,Widget Lite,15,$89.99,"$1,349.85",Pending
102750,2026-03-25,Wayne Enterprises,West,Widget Pro,25,"$1,234.50","$30,862.50",pending
102751,2026-03-26,Soylent Co,NYC,Gadget X,1,"$2,150.00","$2,150.00",SHIPPED
102752,27/03/2026,Acme Corp,East,Widget Lite,11,$89.99,$989.89,shipped
102753,28/03/2026,Hooli,nyc,Gadget X,12,"$2,150.00","$25,800.00",SHIPPED
102754,Apr 1 2026,Soylent Co,NYC,Gizmo Mini,28,$45.00,"$1,260.00",pending
102755,2026-04-02,Hooli,East,Gizmo Mini,3,$45.00,$135.00,Pending
102756,2026-04-03,Stark Industries,East,Widget Lite,29,$89.99,"$2,609.71",SHIPPED
102757,13/04/2026,Soylent Co,East,Gizmo Mini,15,$45.00,$675.00,pending
102758,2026-04-05,Hooli,west,Widget Pro,3,"$1,234.50","$3,703.50",Pending
102759,2026-04-06,Initech,East,Gadget X,18,"$2,150.00","$38,700.00",shipped
102760,2026-04-07,Wayne Enterprises,East,Widget Lite,3,$89.99,$269.97,pending
102761,2026-04-08,Initech,East,Gadget X,21,"$2,150.00","$45,150.00",Shipped
102762,2026-04-09,Globex Incorporated,nyc,Gadget X,9,"$2,150.00","$19,350.00",Pending
102763,2026-04-10,Globex Incorporated,n-y-c,Widget Lite,9,$89.99,$809.91,shipped
102764,13/04/2026,Initech,West,Widget Pro,2,"$1,234.50","$2,469.00",Shipped
102765,Apr 12 2026,Initech,n-y-c,Widget Pro,2,"$1,234.50","$2,469.00",Shipped
102766,2026-04-13,Soylent Co,East,Gadget X,30,"$2,150.00","$64,500.00",pending
102767,14/04/2026,Soylent Co,west,Gadget X,22,"$2,150.00","$47,300.00",pending
102768,2026-04-15,Wayne Enterprises,East,Widget Pro,23,"$1,234.50","$28,393.50",Pending
102769,2026-04-16,Initech,East,Gadget X,22,"$2,150.00","$47,300.00",Pending
102770,2026-04-17,Vehement Capital,west,Gadget X,27,"$2,150.00","$58,050.00",Pending
102771,2026-04-18,Globex Incorporated,West,Gizmo Mini,27,$45.00,"$1,215.00",shipped
102772,2026-04-19,Hooli,East,Widget Lite,20,$89.99,"$1,799.80",Pending
102773,2026-04-20,Wayne Enterprises,west,Widget Pro,16,"$1,234.50","$19,752.00",shipped
102774,2026-04-21,Massive Dynamic,nyc,Widget Lite,30,$89.99,"$2,699.70",pending
102775,2026-04-22,Massive Dynamic,New York,Widget Pro,28,"$1,234.50","$34,566.00",Pending
102776,2026-04-23,Globex Incorporated,East,Gadget X,20,"$2,150.00","$43,000.00",Pending
102777,24/04/2026,Umbrella Ltd,west,Gizmo Mini,29,$45.00,"$1,305.00",shipped
102778,2026-04-25,Stark Industries,West,Widget Lite,22,$89.99,"$1,979.78",pending
102779,Apr 26 2026,Soylent Co,East,Widget Pro,7,"$1,234.50","$8,641.50",Shipped
102780,2026-04-27,Initech,west,Gadget X,25,"$2,150.00","$53,750.00",SHIPPED
102781,2026-04-28,Wayne Enterprises,west,Widget Pro,4,"$1,234.50","$4,938.00",Shipped
102782,13/03/2026,Globex Incorporated,NYC,Gadget X,2,"$2,150.00","$4,300.00",pending
102783,2026-03-02,Wayne Enterprises,NYC,Widget Lite,11,$89.99,$989.89,Pending
102784,2026-03-03,Stark Industries,west,Widget Lite,22,$89.99,"$1,979.78",Shipped
102785,13/03/2026,Stark Industries,West,Gadget X,2,"$2,150.00","$4,300.00",Shipped
102786,2026-03-05,Umbrella Ltd,East,Gadget X,14,"$2,150.00","$30,100.00",SHIPPED
102787,2026-03-06,Wayne Enterprises,East,Gizmo Mini,22,$45.00,$990.00,SHIPPED
102788,2026-03-07,Vehement Capital,West,Gadget X,11,"$2,150.00","$23,650.00",Pending
102789,2026-03-08,Globex Incorporated,West,Widget Pro,7,"$1,234.50","$8,641.50",pending
102790,2026-03-09,Hooli,west,Gadget X,19,"$2,150.00","$40,850.00",pending
102791,2026-03-10,Umbrella Ltd,West,Widget Pro,23,"$1,234.50","$28,393.50",pending
102792,2026-03-11,Wayne Enterprises,nyc,Gizmo Mini,13,$45.00,$585.00,pending
102793,13/03/2026,Hooli,East,Widget Pro,29,"$1,234.50","$35,800.50",pending
102794,13/03/2026,Acme Corp,west,Gizmo Mini,11,$45.00,$495.00,shipped
102795,2026-03-14,Globex Incorporated,East,Gizmo Mini,11,$45.00,$495.00,Shipped
102796,2026-03-15,Stark Industries,East,Gizmo Mini,11,$45.00,$495.00,Pending
102797,2026-03-16,Acme Corp,New York,Widget Lite,6,$89.99,$539.94,Pending
102798,2026-03-17,Acme Corp,West,Widget Pro,3,"$1,234.50","$3,703.50",Pending
102799,18/03/2026,Soylent Co,West,Widget Lite,18,$89.99,"$1,619.82",Pending
102800,19/03/2026,Initech,East,Gadget X,23,"$2,150.00","$49,450.00",pending
102801,2026-03-20,Vehement Capital,New York,Widget Pro,20,"$1,234.50","$24,690.00",Pending
102802,2026-03-21,Soylent Co,n-y-c,Widget Lite,25,$89.99,"$2,249.75",Shipped
102803,22/03/2026,Umbrella Ltd,nyc,Widget Pro,5,"$1,234.50","$6,172.50",Pending
102804,23/03/2026,Soylent Co,NYC,Widget Pro,9,"$1,234.50","$11,110.50",SHIPPED
102805,2026-03-24,Hooli,West,Widget Pro,2,"$1,234.50","$2,469.00",Shipped
102806,25/03/2026,Soylent Co,NYC,Widget Lite,11,$89.99,$989.89,shipped
102807,2026-03-26,Vehement Capital,NYC,Widget Pro,19,"$1,234.50","$23,455.50",pending
102808,27/03/2026,Wayne Enterprises,East,Widget Pro,22,"$1,234.50","$27,159.00",shipped
102809,Mar 28 2026,Hooli,west,Widget Lite,15,$89.99,"$1,349.85",pending
102810,2026-04-01,Vehement Capital,n-y-c,Widget Lite,14,$89.99,"$1,259.86",Pending
102811,13/04/2026,Acme Corp,West,Gizmo Mini,19,$45.00,$855.00,pending
102812,2026-04-03,Stark Industries,East,Widget Lite,25,$89.99,"$2,249.75",SHIPPED
102813,2026-04-04,Massive Dynamic,East,Widget Lite,4,$89.99,$359.96,shipped
102814,2026-04-05,Hooli,New York,Widget Lite,18,$89.99,"$1,619.82",SHIPPED
102815,2026-04-06,Soylent Co,East,Gadget X,1,"$2,150.00","$2,150.00",pending
102816,13/04/2026,Soylent Co,west,Widget Pro,24,"$1,234.50","$29,628.00",SHIPPED
102817,2026-04-08,Vehement Capital,East,Widget Lite,24,$89.99,"$2,159.76",shipped
102818,2026-04-09,Soylent Co,East,Widget Lite,25,$89.99,"$2,249.75",shipped
102819,13/04/2026,Wayne Enterprises,west,Widget Lite,15,$89.99,"$1,349.85",shipped
102820,13/04/2026,Initech,East,Gadget X,26,"$2,150.00","$55,900.00",SHIPPED
102821,2026-04-12,Vehement Capital,New York,Gizmo Mini,12,$45.00,$540.00,Shipped
102822,2026-04-13,Soylent Co,East,Widget Lite,8,$89.99,$719.92,pending
102823,14/04/2026,Acme Corp,East,Gadget X,18,"$2,150.00","$38,700.00",Pending
102824,2026-04-15,Soylent Co,west,Widget Lite,24,$89.99,"$2,159.76",pending
102825,Apr 16 2026,Initech,West,Gadget X,23,"$2,150.00","$49,450.00",Pending
102826,2026-04-17,Stark Industries,NYC,Widget Pro,10,"$1,234.50","$12,345.00",Shipped
102827,2026-04-18,Wayne Enterprises,nyc,Gadget X,4,"$2,150.00","$8,600.00",Pending
102828,2026-04-19,Vehement Capital,East,Gizmo Mini,17,$45.00,$765.00,Shipped
102829,2026-04-20,Globex Incorporated,n-y-c,Gizmo Mini,7,$45.00,$315.00,Pending
102830,2026-04-21,Acme Corp,East,Gadget X,30,"$2,150.00","$64,500.00",shipped
102831,22/04/2026,Vehement Capital,NYC,Widget Lite,11,$89.99,$989.89,Pending
102832,2026-04-23,Stark Industries,New York,Gadget X,2,"$2,150.00","$4,300.00",pending
102833,24/04/2026,Massive Dynamic,n-y-c,Widget Pro,29,"$1,234.50","$35,800.50",shipped
102834,Apr 25 2026,Acme Corp,East,Gadget X,29,"$2,150.00","$62,350.00",Pending
102835,Apr 26 2026,Massive Dynamic,n-y-c,Gadget X,20,"$2,150.00","$43,000.00",shipped
102836,27/04/2026,Wayne Enterprises,New York,Gadget X,12,"$2,150.00","$25,800.00",Shipped
102837,2026-04-28,Hooli,East,Widget Lite,21,$89.99,"$1,889.79",SHIPPED
102838,2026-03-01,Vehement Capital,nyc,Widget Pro,16,"$1,234.50","$19,752.00",Shipped
102839,2026-03-02,Hooli,East,Gizmo Mini,12,$45.00,$540.00,Pending
102840,2026-03-03,Acme Corp,nyc,Widget Lite,21,$89.99,"$1,889.79",Pending
102841,13/03/2026,Stark Industries,East,Widget Pro,28,"$1,234.50","$34,566.00",shipped
102842,Mar 5 2026,Initech,West,Gizmo Mini,24,$45.00,"$1,080.00",pending
102843,13/03/2026,Massive Dynamic,west,Gizmo Mini,15,$45.00,$675.00,Shipped
102844,2026-03-07,Umbrella Ltd,East,Widget Lite,19,$89.99,"$1,709.81",Pending
102845,2026-03-08,Acme Corp,n-y-c,Widget Pro,14,"$1,234.50","$17,283.00",shipped
102846,2026-03-09,Stark Industries,west,Widget Lite,3,$89.99,$269.97,pending
102847,2026-03-10,Vehement Capital,west,Gadget X,26,"$2,150.00","$55,900.00",SHIPPED
102848,2026-03-11,Globex Incorporated,West,Gizmo Mini,7,$45.00,$315.00,SHIPPED
102849,2026-03-12,Acme Corp,New York,Widget Lite,1,$89.99,$89.99,shipped
102850,2026-03-13,Hooli,East,Widget Pro,18,"$1,234.50","$22,221.00",pending
102851,2026-03-14,Soylent Co,New York,Widget Pro,15,"$1,234.50","$18,517.50",Pending
102852,2026-03-15,Massive Dynamic,west,Gadget X,4,"$2,150.00","$8,600.00",SHIPPED
102853,2026-03-16,Stark Industries,East,Gizmo Mini,10,$45.00,$450.00,shipped
102854,17/03/2026,Initech,East,Widget Pro,29,"$1,234.50","$35,800.50",pending
102855,2026-03-18,Hooli,nyc,Gadget X,18,"$2,150.00","$38,700.00",Shipped
102856,19/03/2026,Vehement Capital,New York,Widget Pro,3,"$1,234.50","$3,703.50",pending
102857,2026-03-20,Wayne Enterprises,West,Gadget X,20,"$2,150.00","$43,000.00",shipped
102857,2026-03-20,Wayne Enterprises,West,Gadget X,20,"$2,150.00","$43,000.00",shipped
102858,22/03/2026,Vehement Capital,East,Widget Pro,23,"$1,234.50","$28,393.50",Pending
102859,23/03/2026,Globex Incorporated,West,Widget Pro,23,"$1,234.50","$28,393.50",pending
102860,2026-03-24,Stark Industries,New York,Gizmo Mini,15,$45.00,$675.00,pending
102861,2026-03-25,Stark Industries,n-y-c,Widget Lite,11,$89.99,$989.89,Shipped
102862,2026-03-26,Vehement Capital,West,Gizmo Mini,28,$45.00,"$1,260.00",Shipped
102863,27/03/2026,Massive Dynamic,East,Gadget X,14,"$2,150.00","$30,100.00",pending
102864,28/03/2026,Hooli,west,Gadget X,7,"$2,150.00","$15,050.00",Shipped
102865,2026-04-01,Stark Industries,NYC,Gizmo Mini,25,$45.00,"$1,125.00",SHIPPED
102866,2026-04-02,Acme Corp,west,Gizmo Mini,7,$45.00,$315.00,Pending
102867,Apr 3 2026,Massive Dynamic,n-y-c,Gadget X,14,"$2,150.00","$30,100.00",pending
102868,Apr 4 2026,Vehement Capital,West,Gadget X,6,"$2,150.00","$12,900.00",shipped
102869,2026-04-05,Acme Corp,west,Widget Pro,11,"$1,234.50","$13,579.50",pending
102870,2026-04-06,Umbrella Ltd,East,Widget Pro,26,"$1,234.50","$32,097.00",SHIPPED
102871,2026-04-07,Globex Incorporated,nyc,Widget Lite,26,$89.99,"$2,339.74",pending
102872,2026-04-08,Massive Dynamic,East,Widget Pro,26,"$1,234.50","$32,097.00",SHIPPED
102873,2026-04-09,Umbrella Ltd,nyc,Gadget X,9,"$2,150.00","$19,350.00",shipped
102874,13/04/2026,Vehement Capital,west,Widget Pro,6,"$1,234.50","$7,407.00",Pending
102875,13/04/2026,Massive Dynamic,East,Gizmo Mini,8,$45.00,$360.00,pending
102876,Apr 12 2026,Initech,East,Gizmo Mini,16,$45.00,$720.00,Pending
102877,2026-04-13,Soylent Co,n-y-c,Gizmo Mini,16,$45.00,$720.00,SHIPPED
102878,2026-04-14,Soylent Co,East,Gizmo Mini,25,$45.00,"$1,125.00",Shipped
102879,2026-04-15,Massive Dynamic,East,Gadget X,10,"$2,150.00","$21,500.00",Pending
102880,2026-04-16,Wayne Enterprises,East,Gadget X,7,"$2,150.00","$15,050.00",Shipped
102881,2026-04-17,Vehement Capital,nyc,Widget Pro,24,"$1,234.50","$29,628.00",pending
102882,2026-04-18,Soylent Co,n-y-c,Gadget X,29,"$2,150.00","$62,350.00",shipped
102883,19/04/2026,Initech,New York,Gadget X,2,"$2,150.00","$4,300.00",SHIPPED
102884,20/04/2026,Initech,west,Gadget X,30,"$2,150.00","$64,500.00",pending
102885,2026-04-21,Vehement Capital,nyc,Widget Lite,19,$89.99,"$1,709.81",Pending
102886,2026-04-22,Acme Corp,East,Gizmo Mini,1,$45.00,$45.00,pending
102887,2026-04-23,Stark Industries,NYC,Gadget X,21,"$2,150.00","$45,150.00",Pending
102888,Apr 24 2026,Hooli,n-y-c,Gizmo Mini,8,$45.00,$360.00,Pending
102889,2026-04-25,Acme Corp,west,Widget Lite,16,$89.99,"$1,439.84",shipped
102890,26/04/2026,Wayne Enterprises,East,Widget Pro,21,"$1,234.50","$25,924.50",Shipped
102891,2026-04-27,Hooli,nyc,Gadget X,8,"$2,150.00","$17,200.00",Shipped
102892,Apr 28 2026,Stark Industries,West,Widget Pro,28,"$1,234.50","$34,566.00",pending
102893,2026-03-01,Acme Corp,n-y-c,Gadget X,27,"$2,150.00","$58,050.00",pending
102894,13/03/2026,Wayne Enterprises,New York,Widget Pro,13,"$1,234.50","$16,048.50",Pending
102895,2026-03-03,Acme Corp,nyc,Gadget X,11,"$2,150.00","$23,650.00",pending
102896,2026-03-04,Hooli,west,Widget Pro,10,"$1,234.50","$12,345.00",Shipped
102897,2026-03-05,Massive Dynamic,West,Gizmo Mini,28,$45.00,"$1,260.00",Pending
102898,13/03/2026,Globex Incorporated,East,Gizmo Mini,27,$45.00,"$1,215.00",shipped
102899,2026-03-07,Umbrella Ltd,New York,Widget Pro,24,"$1,234.50","$29,628.00",pending
102900,2026-03-08,Initech,nyc,Widget Pro,22,"$1,234.50","$27,159.00",SHIPPED
102901,2026-03-09,Hooli,East,Widget Lite,1,$89.99,$89.99,Shipped
102902,2026-03-10,Soylent Co,n-y-c,Gadget X,20,"$2,150.00","$43,000.00",Shipped
102903,2026-03-11,Globex Incorporated,west,Widget Pro,23,"$1,234.50","$28,393.50",Shipped
102904,2026-03-12,Acme Corp,East,Gizmo Mini,18,$45.00,$810.00,SHIPPED
102905,2026-03-13,Soylent Co,west,Widget Pro,11,"$1,234.50","$13,579.50",SHIPPED
102906,2026-03-14,Massive Dynamic,nyc,Widget Lite,2,$89.99,$179.98,Shipped
102907,2026-03-15,Soylent Co,west,Widget Pro,17,"$1,234.50","$20,986.50",Pending
102908,2026-03-16,Acme Corp,East,Gadget X,5,"$2,150.00","$10,750.00",SHIPPED
102909,2026-03-17,Hooli,East,Widget Lite,9,$89.99,$809.91,Shipped
102910,2026-03-18,Wayne Enterprises,west,Gizmo Mini,10,$45.00,$450.00,Pending
102911,19/03/2026,Vehement Capital,West,Gizmo Mini,26,$45.00,"$1,170.00",shipped
102912,2026-03-20,Stark Industries,West,Gadget X,18,"$2,150.00","$38,700.00",Pending
102913,2026-03-21,Stark Industries,East,Gadget X,22,"$2,150.00","$47,300.00",pending
102914,22/03/2026,Hooli,East,Gizmo Mini,27,$45.00,"$1,215.00",shipped
102915,2026-03-23,Globex Incorporated,West,Widget Lite,8,$89.99,$719.92,pending
102916,24/03/2026,Soylent Co,East,Gizmo Mini,1,$45.00,$45.00,Pending
102917,2026-03-25,Hooli,nyc,Gadget X,10,"$2,150.00","$21,500.00",pending
102918,2026-03-26,Globex Incorporated,New York,Widget Pro,1,"$1,234.50","$1,234.50",SHIPPED
102919,2026-03-27,Stark Industries,n-y-c,Widget Pro,28,"$1,234.50","$34,566.00",SHIPPED
102920,28/03/2026,Soylent Co,West,Widget Lite,5,$89.99,$449.95,Pending
102921,2026-04-01,Soylent Co,west,Widget Lite,22,$89.99,"$1,979.78",pending
102922,2026-04-02,Hooli,west,Gizmo Mini,18,$45.00,$810.00,pending
102923,13/04/2026,Wayne Enterprises,west,Widget Lite,28,$89.99,"$2,519.72",SHIPPED
102924,2026-04-04,Globex Incorporated,west,Widget Pro,3,"$1,234.50","$3,703.50",pending
102925,2026-04-05,Initech,East,Widget Pro,8,"$1,234.50","$9,876.00",Shipped
102926,2026-04-06,Acme Corp,East,Widget Pro,,,,Shipped
102927,2026-04-07,Umbrella Ltd,East,Gizmo Mini,22,$45.00,$990.00,pending
102928,13/04/2026,Massive Dynamic,west,Widget Pro,4,"$1,234.50","$4,938.00",Pending
102929,2026-04-09,Acme Corp,East,Widget Lite,1,$89.99,$89.99,Shipped
102930,2026-04-10,Globex Incorporated,West,Gadget X,28,"$2,150.00","$60,200.00",shipped
102931,2026-04-11,Initech,East,Gizmo Mini,18,$45.00,$810.00,pending
102932,13/04/2026,Umbrella Ltd,East,Widget Lite,28,$89.99,"$2,519.72",pending
102933,13/04/2026,Acme Corp,East,Widget Pro,11,"$1,234.50","$13,579.50",Pending
102934,2026-04-14,Globex Incorporated,West,Gadget X,22,"$2,150.00","$47,300.00",Shipped
102935,2026-04-15,Umbrella Ltd,west,Gizmo Mini,5,$45.00,$225.00,pending
102936,2026-04-16,Acme Corp,East,Widget Pro,8,"$1,234.50","$9,876.00",Shipped
102937,2026-04-17,Wayne Enterprises,East,Gizmo Mini,29,$45.00,"$1,305.00",Shipped
102938,2026-04-18,Hooli,West,Gadget X,8,"$2,150.00","$17,200.00",shipped
102939,2026-04-19,Initech,East,Gizmo Mini,24,$45.00,"$1,080.00",pending
102940,2026-04-20,Umbrella Ltd,n-y-c,Widget Pro,4,"$1,234.50","$4,938.00",pending
102941,2026-04-21,Wayne Enterprises,nyc,Widget Pro,14,"$1,234.50","$17,283.00",Pending
102942,2026-04-22,Stark Industries,West,Gadget X,5,"$2,150.00","$10,750.00",SHIPPED
102943,2026-04-23,Initech,East,Gadget X,28,"$2,150.00","$60,200.00",shipped
102944,2026-04-24,Umbrella Ltd,East,Gizmo Mini,25,$45.00,"$1,125.00",shipped
102945,2026-04-25,Umbrella Ltd,West,Gizmo Mini,12,$45.00,$540.00,Shipped
102946,2026-04-26,Massive Dynamic,West,Gizmo Mini,21,$45.00,$945.00,shipped
102947,2026-04-27,Vehement Capital,nyc,Widget Pro,17,"$1,234.50","$20,986.50",Pending
102948,2026-04-28,Soylent Co,East,Gadget X,3,"$2,150.00","$6,450.00",pending
102949,13/03/2026,Initech,East,Widget Lite,6,$89.99,$539.94,Pending
102950,2026-03-02,Acme Corp,n-y-c,Gizmo Mini,10,$45.00,$450.00,Shipped
102951,2026-03-03,Acme Corp,East,Gadget X,23,"$2,150.00","$49,450.00",pending
102952,2026-03-04,Vehement Capital,n-y-c,Widget Pro,20,"$1,234.50","$24,690.00",SHIPPED
102953,2026-03-05,Acme Corp,n-y-c,Widget Lite,3,$89.99,$269.97,pending
102954,2026-03-06,Hooli,n-y-c,Widget Lite,9,$89.99,$809.91,shipped
102955,2026-03-07,Globex Incorporated,n-y-c,Widget Pro,2,"$1,234.50","$2,469.00",Shipped
102956,2026-03-08,Soylent Co,East,Gadget X,2,"$2,150.00","$4,300.00",shipped
102957,2026-03-09,Globex Incorporated,west,Gadget X,28,"$2,150.00","$60,200.00",SHIPPED
102958,13/03/2026,Vehement Capital,East,Gizmo Mini,10,$45.00,$450.00,Shipped
102959,13/03/2026,Stark Industries,NYC,Widget Pro,14,"$1,234.50","$17,283.00",pending
102960,13/03/2026,Massive Dynamic,East,Widget Pro,28,"$1,234.50","$34,566.00",pending
102961,2026-03-13,Globex Incorporated,New York,Gadget X,29,"$2,150.00","$62,350.00",shipped
102962,2026-03-14,Acme Corp,East,Widget Lite,2,$89.99,$179.98,SHIPPED
102963,15/03/2026,Vehement Capital,n-y-c,Gizmo Mini,27,$45.00,"$1,215.00",shipped
102964,2026-03-16,Vehement Capital,NYC,Widget Lite,17,$89.99,"$1,529.83",Pending
102965,2026-03-17,Stark Industries,New York,Widget Pro,6,"$1,234.50","$7,407.00",pending
102966,2026-03-18,Vehement Capital,west,Gadget X,3,"$2,150.00","$6,450.00",Pending
102967,2026-03-19,Umbrella Ltd,New York,Gadget X,23,"$2,150.00","$49,450.00",shipped
102968,20/03/2026,Hooli,NYC,Widget Pro,16,"$1,234.50","$19,752.00",Shipped
102969,21/03/2026,Vehement Capital,East,Gizmo Mini,2,$45.00,$90.00,Shipped
102970,2026-03-22,Globex Incorporated,nyc,Widget Pro,1,"$1,234.50","$1,234.50",SHIPPED
102971,2026-03-23,Umbrella Ltd,west,Widget Lite,18,$89.99,"$1,619.82",pending
102972,24/03/2026,Umbrella Ltd,west,Gizmo Mini,23,$45.00,"$1,035.00",pending
102973,2026-03-25,Stark Industries,nyc,Gadget X,9,"$2,150.00","$19,350.00",Pending
102974,26/03/2026,Umbrella Ltd,West,Widget Lite,23,$89.99,"$2,069.77",Shipped
102975,2026-03-27,Vehement Capital,west,Widget Pro,21,"$1,234.50","$25,924.50",SHIPPED
102976,2026-03-28,,New York,Widget Pro,24,"$1,234.50","$29,628.00",shipped
102977,2026-04-01,Hooli,west,Gadget X,9,"$2,150.00","$19,350.00",Pending
102978,2026-04-02,Soylent Co,East,Gadget X,25,"$2,150.00","$53,750.00",Shipped
102979,2026-04-03,Wayne Enterprises,East,Widget Pro,2,"$1,234.50","$2,469.00",shipped
102980,2026-04-04,Globex Incorporated,West,Gadget X,23,"$2,150.00","$49,450.00",pending
102981,2026-04-05,Massive Dynamic,n-y-c,Gadget X,28,"$2,150.00","$60,200.00",pending
102982,2026-04-06,Stark Industries,New York,Widget Lite,13,$89.99,"$1,169.87",pending
102982,2026-04-06,Stark Industries,New York,Widget Lite,13,$89.99,"$1,169.87",pending
102983,13/04/2026,Initech,East,Widget Pro,23,"$1,234.50","$28,393.50",pending
102984,Apr 9 2026,Globex Incorporated,New York,Gizmo Mini,10,$45.00,$450.00,pending
102985,2026-04-10,Umbrella Ltd,West,Gizmo Mini,20,$45.00,$900.00,shipped
102986,2026-04-11,Vehement Capital,West,Gadget X,9,"$2,150.00","$19,350.00",pending
102987,Apr 12 2026,Umbrella Ltd,nyc,Gadget X,10,"$2,150.00","$21,500.00",SHIPPED
102988,2026-04-13,Initech,NYC,Gizmo Mini,30,$45.00,"$1,350.00",SHIPPED
102989,14/04/2026,Acme Corp,East,Widget Lite,4,$89.99,$359.96,Pending
102990,15/04/2026,Soylent Co,West,Widget Lite,8,$89.99,$719.92,SHIPPED
102991,2026-04-16,Vehement Capital,west,Gadget X,13,"$2,150.00","$27,950.00",pending
102992,2026-04-17,Stark Industries,west,Widget Lite,13,$89.99,"$1,169.87",Pending
102993,2026-04-18,Initech,west,Widget Pro,13,"$1,234.50","$16,048.50",Pending
102994,2026-04-19,Wayne Enterprises,East,Widget Lite,17,$89.99,"$1,529.83",Pending
102995,2026-04-20,Wayne Enterprises,NYC,Widget Pro,18,"$1,234.50","$22,221.00",Pending
102996,21/04/2026,Massive Dynamic,n-y-c,Gizmo Mini,4,$45.00,$180.00,SHIPPED
102997,2026-04-22,Umbrella Ltd,East,Widget Lite,26,$89.99,"$2,339.74",pending
102998,2026-04-23,Umbrella Ltd,n-y-c,Gizmo Mini,18,$45.00,$810.00,pending
102999,2026-04-24,Soylent Co,west,Widget Pro,3,"$1,234.50","$3,703.50",Pending
103000,Apr 25 2026,Soylent Co,New York,Widget Pro,27,"$1,234.50","$33,331.50",Shipped
103001,26/04/2026,Initech,West,Gizmo Mini,21,$45.00,$945.00,SHIPPED
103002,2026-04-27,Umbrella Ltd,East,Gizmo Mini,1,$45.00,$45.00,pending
103003,2026-04-28,Umbrella Ltd,East,Gizmo Mini,7,$45.00,$315.00,Pending
103004,2026-03-01,Soylent Co,nyc,Gadget X,29,"$2,150.00","$62,350.00",Shipped
103005,2026-03-02,Umbrella Ltd,East,Gadget X,9,"$2,150.00","$19,350.00",shipped
103006,2026-03-03,Umbrella Ltd,NYC,Widget Pro,3,"$1,234.50","$3,703.50",pending
103007,2026-03-04,Vehement Capital,n-y-c,Gadget X,18,"$2,150.00","$38,700.00",SHIPPED
103008,2026-03-05,Initech,New York,Widget Pro,23,"$1,234.50","$28,393.50",SHIPPED
103009,2026-03-06,Acme Corp,nyc,Widget Lite,2,$89.99,$179.98,Pending
103010,2026-03-07,Soylent Co,West,Widget Pro,8,"$1,234.50","$9,876.00",shipped
103011,13/03/2026,Massive Dynamic,East,Widget Lite,8,$89.99,$719.92,Pending
103012,2026-03-09,Massive Dynamic,New York,Gadget X,29,"$2,150.00","$62,350.00",Shipped
103013,13/03/2026,Soylent Co,New York,Widget Lite,5,$89.99,$449.95,Shipped
103014,2026-03-11,Massive Dynamic,nyc,Widget Lite,8,$89.99,$719.92,SHIPPED
103015,13/03/2026,Globex Incorporated,nyc,Widget Pro,11,"$1,234.50","$13,579.50",pending
103016,2026-03-13,Umbrella Ltd,East,Widget Pro,17,"$1,234.50","$20,986.50",pending
103017,2026-03-14,Initech,West,Gadget X,14,"$2,150.00","$30,100.00",Pending
103018,15/03/2026,Initech,West,Gizmo Mini,12,$45.00,$540.00,Pending
103019,2026-03-16,Initech,west,Gizmo Mini,8,$45.00,$360.00,SHIPPED
103020,17/03/2026,Initech,nyc,Gadget X,14,"$2,150.00","$30,100.00",Pending
103021,2026-03-18,Soylent Co,NYC,Gizmo Mini,28,$45.00,"$1,260.00",Shipped
103022,19/03/2026,Hooli,west,Widget Pro,10,"$1,234.50","$12,345.00",Pending
103023,2026-03-20,Acme Corp,West,Widget Lite,26,$89.99,"$2,339.74",Shipped
103024,21/03/2026,Vehement Capital,East,Gizmo Mini,30,$45.00,"$1,350.00",pending
103025,2026-03-22,Umbrella Ltd,NYC,Widget Lite,6,$89.99,$539.94,pending
103026,23/03/2026,Initech,East,Widget Lite,1,$89.99,$89.99,shipped
103027,2026-03-24,Globex Incorporated,West,Gizmo Mini,21,$45.00,$945.00,shipped
103028,2026-03-25,Umbrella Ltd,n-y-c,Gizmo Mini,22,$45.00,$990.00,Pending
103029,2026-03-26,Wayne Enterprises,West,Widget Pro,18,"$1,234.50","$22,221.00",Pending
103030,2026-03-27,Massive Dynamic,East,Widget Pro,14,"$1,234.50","$17,283.00",SHIPPED
103031,28/03/2026,Umbrella Ltd,East,Widget Pro,9,"$1,234.50","$11,110.50",SHIPPED
103032,2026-04-01,Umbrella Ltd,East,Gadget X,20,"$2,150.00","$43,000.00",Pending
103033,2026-04-02,Stark Industries,n-y-c,Widget Pro,16,"$1,234.50","$19,752.00",pending
103034,2026-04-03,Hooli,n-y-c,Gizmo Mini,5,$45.00,$225.00,pending
103035,2026-04-04,Globex Incorporated,East,Widget Pro,3,"$1,234.50","$3,703.50",shipped
103036,13/04/2026,Soylent Co,East,Gadget X,12,"$2,150.00","$25,800.00",Pending
103037,2026-04-06,Stark Industries,west,Gizmo Mini,22,$45.00,$990.00,pending
103038,2026-04-07,Vehement Capital,west,Gadget X,17,"$2,150.00","$36,550.00",shipped
103039,13/04/2026,Initech,nyc,Widget Pro,23,"$1,234.50","$28,393.50",Shipped
103040,Apr 9 2026,Initech,East,Gadget X,1,"$2,150.00","$2,150.00",Shipped
103041,2026-04-10,Massive Dynamic,West,Widget Pro,6,"$1,234.50","$7,407.00",shipped
103042,2026-04-11,Stark Industries,nyc,Gadget X,27,"$2,150.00","$58,050.00",pending
103043,2026-04-12,Stark Industries,NYC,Widget Lite,11,$89.99,$989.89,shipped
103044,2026-04-13,Stark Industries,East,Widget Pro,3,"$1,234.50","$3,703.50",SHIPPED
103045,2026-04-14,Acme Corp,west,Gadget X,23,"$2,150.00","$49,450.00",Shipped
103046,15/04/2026,Acme Corp,n-y-c,Widget Pro,22,"$1,234.50","$27,159.00",pending
103047,2026-04-16,Acme Corp,nyc,Gizmo Mini,10,$45.00,$450.00,Pending
103048,17/04/2026,Initech,n-y-c,Gizmo Mini,8,$45.00,$360.00,Pending
103049,2026-04-18,Stark Industries,East,Widget Lite,10,$89.99,$899.90,Pending
103050,19/04/2026,Initech,n-y-c,Gadget X,24,"$2,150.00","$51,600.00",pending
103051,20/04/2026,Stark Industries,East,Gizmo Mini,9,$45.00,$405.00,Pending
103052,21/04/2026,Initech,west,Gadget X,27,"$2,150.00","$58,050.00",Shipped
103053,2026-04-22,Wayne Enterprises,n-y-c,Widget Pro,16,"$1,234.50","$19,752.00",Pending
103054,2026-04-23,Vehement Capital,East,Widget Pro,16,"$1,234.50","$19,752.00",pending
103055,2026-04-24,Wayne Enterprises,New York,Gadget X,28,"$2,150.00","$60,200.00",Pending
103056,2026-04-25,Umbrella Ltd,nyc,Gizmo Mini,13,$45.00,$585.00,Pending
103057,2026-04-26,Stark Industries,East,Gadget X,16,"$2,150.00","$34,400.00",shipped
103058,Apr 27 2026,Hooli,west,Widget Pro,21,"$1,234.50","$25,924.50",Pending
103059,2026-04-28,Globex Incorporated,East,Widget Pro,15,"$1,234.50","$18,517.50",shipped
103060,2026-03-01,Umbrella Ltd,East,Widget Lite,26,$89.99,"$2,339.74",Pending
103061,2026-03-02,Hooli,East,Gizmo Mini,1,$45.00,$45.00,Shipped
103062,2026-03-03,Massive Dynamic,west,Widget Pro,1,"$1,234.50","$1,234.50",pending
103063,13/03/2026,Hooli,West,Gizmo Mini,9,$45.00,$405.00,pending
103064,2026-03-05,Acme Corp,west,Gadget X,8,"$2,150.00","$17,200.00",Shipped
103065,Mar 6 2026,Stark Industries,East,Gadget X,29,"$2,150.00","$62,350.00",shipped
103066,Mar 7 2026,Umbrella Ltd,East,Widget Lite,19,$89.99,"$1,709.81",Pending
103067,13/03/2026,Soylent Co,East,Gadget X,18,"$2,150.00","$38,700.00",SHIPPED
103068,2026-03-09,Massive Dynamic,New York,Gadget X,11,"$2,150.00","$23,650.00",pending
103069,13/03/2026,Stark Industries,East,Gadget X,19,"$2,150.00","$40,850.00",shipped
103070,13/03/2026,Globex Incorporated,west,Gadget X,30,"$2,150.00","$64,500.00",Pending
103071,13/03/2026,Umbrella Ltd,East,Widget Lite,11,$89.99,$989.89,SHIPPED
103072,13/03/2026,Vehement Capital,nyc,Widget Lite,7,$89.99,$629.93,Pending
103073,2026-03-14,Wayne Enterprises,West,Widget Lite,27,$89.99,"$2,429.73",Pending
103074,2026-03-15,Wayne Enterprises,East,Gadget X,2,"$2,150.00","$4,300.00",Pending
103075,2026-03-16,Wayne Enterprises,n-y-c,Gizmo Mini,9,$45.00,$405.00,shipped
103076,2026-03-17,,NYC,Widget Pro,12,"$1,234.50","$14,814.00",pending
103077,Mar 18 2026,Acme Corp,East,Gizmo Mini,20,$45.00,$900.00,Shipped
103078,Mar 19 2026,Stark Industries,n-y-c,Gizmo Mini,29,$45.00,"$1,305.00",Shipped
103079,Mar 20 2026,Massive Dynamic,west,Gizmo Mini,10,$45.00,$450.00,Pending
103080,2026-03-21,Initech,New York,Gadget X,11,"$2,150.00","$23,650.00",Shipped
103081,22/03/2026,Hooli,West,Gadget X,25,"$2,150.00","$53,750.00",SHIPPED
103082,2026-03-23,Globex Incorporated,nyc,Widget Lite,6,$89.99,$539.94,pending
103083,2026-03-24,Hooli,n-y-c,Gadget X,21,"$2,150.00","$45,150.00",pending
103084,2026-03-25,Wayne Enterprises,East,Gizmo Mini,11,$45.00,$495.00,Shipped
103085,2026-03-26,Stark Industries,East,Gizmo Mini,1,$45.00,$45.00,Shipped
103086,27/03/2026,Initech,West,Gadget X,12,"$2,150.00","$25,800.00",Shipped
103087,28/03/2026,Globex Incorporated,west,Gizmo Mini,12,$45.00,$540.00,Pending
103088,2026-04-01,Soylent Co,West,Gizmo Mini,5,$45.00,$225.00,pending
103089,13/04/2026,Umbrella Ltd,East,Gadget X,20,"$2,150.00","$43,000.00",pending
103090,2026-04-03,Hooli,East,Gadget X,19,"$2,150.00","$40,850.00",pending
103091,2026-04-04,Vehement Capital,west,Widget Pro,3,"$1,234.50","$3,703.50",Pending
103092,Apr 5 2026,Massive Dynamic,west,Widget Lite,23,$89.99,"$2,069.77",pending
103093,2026-04-06,Initech,East,Widget Pro,27,"$1,234.50","$33,331.50",pending
103094,2026-04-07,Initech,East,Gadget X,14,"$2,150.00","$30,100.00",shipped
103095,13/04/2026,Umbrella Ltd,East,Widget Lite,24,$89.99,"$2,159.76",pending
103096,2026-04-09,Globex Incorporated,NYC,Widget Pro,10,"$1,234.50","$12,345.00",pending
103097,2026-04-10,Vehement Capital,nyc,Widget Pro,16,"$1,234.50","$19,752.00",Shipped
103098,13/04/2026,Stark Industries,west,Gadget X,26,"$2,150.00","$55,900.00",Shipped
103099,2026-04-12,Massive Dynamic,East,Gadget X,10,"$2,150.00","$21,500.00",pending
103100,2026-04-13,Vehement Capital,nyc,Gizmo Mini,9,$45.00,$405.00,pending
103101,2026-04-14,Massive Dynamic,West,Gadget X,7,"$2,150.00","$15,050.00",Pending
103102,2026-04-15,Umbrella Ltd,West,Widget Lite,15,$89.99,"$1,349.85",Shipped
103103,2026-04-16,Vehement Capital,nyc,Widget Pro,17,"$1,234.50","$20,986.50",Shipped
103104,2026-04-17,Wayne Enterprises,n-y-c,Gadget X,22,"$2,150.00","$47,300.00",shipped
103105,2026-04-18,Massive Dynamic,NYC,Gadget X,25,"$2,150.00","$53,750.00",pending
103106,2026-04-19,Wayne Enterprises,West,Gizmo Mini,20,$45.00,$900.00,Pending
103107,2026-04-20,Stark Industries,East,Widget Pro,8,"$1,234.50","$9,876.00",Pending
103108,2026-04-21,Stark Industries,New York,Widget Lite,4,$89.99,$359.96,Pending
103109,22/04/2026,Globex Incorporated,East,Gadget X,6,"$2,150.00","$12,900.00",Pending
103110,2026-04-23,Hooli,West,Gadget X,18,"$2,150.00","$38,700.00",Pending
103111,2026-04-24,Umbrella Ltd,East,Widget Lite,7,$89.99,$629.93,Pending
103112,2026-04-25,Wayne Enterprises,West,Gizmo Mini,8,$45.00,$360.00,Pending
103113,26/04/2026,Stark Industries,west,Widget Lite,25,$89.99,"$2,249.75",pending
103114,2026-04-27,Umbrella Ltd,nyc,Widget Pro,12,"$1,234.50","$14,814.00",Pending
103115,2026-04-28,Hooli,East,Widget Pro,9,"$1,234.50","$11,110.50",shipped
103116,Mar 1 2026,Vehement Capital,West,Gizmo Mini,21,$45.00,$945.00,Shipped
103117,2026-03-02,Stark Industries,west,Widget Pro,21,"$1,234.50","$25,924.50",SHIPPED
103118,13/03/2026,Massive Dynamic,West,Widget Pro,3,"$1,234.50","$3,703.50",pending
103119,2026-03-04,Acme Corp,West,Widget Lite,4,$89.99,$359.96,Shipped
103120,2026-03-05,Soylent Co,East,Gadget X,14,"$2,150.00","$30,100.00",Pending
103121,2026-03-06,Acme Corp,west,Gizmo Mini,19,$45.00,$855.00,pending
103122,2026-03-07,Hooli,nyc,Gadget X,13,"$2,150.00","$27,950.00",Shipped
103123,2026-03-08,Soylent Co,west,Gadget X,16,"$2,150.00","$34,400.00",pending
103124,2026-03-09,Wayne Enterprises,n-y-c,Gadget X,3,"$2,150.00","$6,450.00",shipped
103125,Mar 10 2026,Massive Dynamic,west,Gizmo Mini,29,$45.00,"$1,305.00",SHIPPED
103126,Mar 11 2026,Soylent Co,West,Gizmo Mini,1,$45.00,$45.00,SHIPPED
103127,2026-03-12,Soylent Co,west,Widget Pro,9,"$1,234.50","$11,110.50",Pending
103128,2026-03-13,Acme Corp,NYC,Gadget X,18,"$2,150.00","$38,700.00",shipped
103129,2026-03-14,Globex Incorporated,East,Widget Lite,19,$89.99,"$1,709.81",pending
103130,2026-03-15,Umbrella Ltd,west,Gadget X,11,"$2,150.00","$23,650.00",SHIPPED
103131,2026-03-16,Initech,New York,Gizmo Mini,9,$45.00,$405.00,pending
103132,2026-03-17,Umbrella Ltd,West,Widget Lite,21,$89.99,"$1,889.79",Shipped
103133,18/03/2026,Stark Industries,New York,Gadget X,8,"$2,150.00","$17,200.00",pending
103134,2026-03-19,Vehement Capital,East,Gizmo Mini,8,$45.00,$360.00,Shipped
103135,2026-03-20,Globex Incorporated,New York,Widget Lite,1,$89.99,$89.99,shipped
103136,2026-03-21,Globex Incorporated,NYC,Widget Lite,25,$89.99,"$2,249.75",SHIPPED
103137,22/03/2026,Hooli,n-y-c,Gadget X,25,"$2,150.00","$53,750.00",Shipped
103138,23/03/2026,Wayne Enterprises,NYC,Gadget X,9,"$2,150.00","$19,350.00",Shipped
103139,Mar 24 2026,Acme Corp,nyc,Gizmo Mini,13,$45.00,$585.00,shipped
103140,2026-03-25,Stark Industries,West,Gizmo Mini,17,$45.00,$765.00,shipped
103141,2026-03-26,Massive Dynamic,nyc,Widget Pro,12,"$1,234.50","$14,814.00",Shipped
103142,Mar 27 2026,Wayne Enterprises,West,Gizmo Mini,26,$45.00,"$1,170.00",SHIPPED
103143,2026-03-28,Vehement Capital,New York,Widget Pro,27,"$1,234.50","$33,331.50",pending
103144,2026-04-01,Umbrella Ltd,nyc,Widget Lite,23,$89.99,"$2,069.77",shipped
103145,2026-04-02,Acme Corp,n-y-c,Gadget X,8,"$2,150.00","$17,200.00",Pending
103146,2026-04-03,Hooli,n-y-c,Gizmo Mini,7,$45.00,$315.00,pending
103147,13/04/2026,Umbrella Ltd,nyc,Gadget X,1,"$2,150.00","$2,150.00",SHIPPED
103148,2026-04-05,Initech,NYC,Gizmo Mini,30,$45.00,"$1,350.00",SHIPPED
103149,2026-04-06,Acme Corp,nyc,Widget Lite,29,$89.99,"$2,609.71",SHIPPED
103150,2026-04-07,Hooli,East,Gadget X,7,"$2,150.00","$15,050.00",pending
103151,2026-04-08,Globex Incorporated,NYC,Gadget X,26,"$2,150.00","$55,900.00",SHIPPED
103152,2026-04-09,Wayne Enterprises,East,Gadget X,25,"$2,150.00","$53,750.00",shipped
103153,2026-04-10,Umbrella Ltd,East,Widget Lite,2,$89.99,$179.98,pending
103154,Apr 11 2026,Soylent Co,west,Gadget X,24,"$2,150.00","$51,600.00",pending
103155,13/04/2026,Soylent Co,nyc,Widget Lite,28,$89.99,"$2,519.72",shipped
103156,2026-04-13,Stark Industries,nyc,Gizmo Mini,29,$45.00,"$1,305.00",Pending
103157,2026-04-14,Stark Industries,East,Gadget X,12,"$2,150.00","$25,800.00",Pending
103158,2026-04-15,Soylent Co,East,Gadget X,2,"$2,150.00","$4,300.00",pending
103159,2026-04-16,Vehement Capital,NYC,Gizmo Mini,8,$45.00,$360.00,pending
103160,2026-04-17,Initech,East,Gizmo Mini,5,$45.00,$225.00,SHIPPED
103161,18/04/2026,Initech,New York,Gadget X,25,"$2,150.00","$53,750.00",shipped
103162,2026-04-19,Acme Corp,West,Widget Pro,22,"$1,234.50","$27,159.00",shipped
103163,20/04/2026,Soylent Co,n-y-c,Widget Lite,18,$89.99,"$1,619.82",Pending
103164,2026-04-21,Soylent Co,west,Gizmo Mini,12,$45.00,$540.00,pending
103165,2026-04-22,Initech,East,Gadget X,30,"$2,150.00","$64,500.00",Pending
103166,23/04/2026,Massive Dynamic,East,Gadget X,7,"$2,150.00","$15,050.00",Pending
103167,2026-04-24,Initech,East,Widget Lite,7,$89.99,$629.93,Pending
103168,2026-04-25,Stark Industries,west,Widget Lite,19,$89.99,"$1,709.81",Shipped
103169,Apr 26 2026,Initech,East,Widget Pro,14,"$1,234.50","$17,283.00",SHIPPED
103170,27/04/2026,Wayne Enterprises,nyc,Gadget X,13,"$2,150.00","$27,950.00",Pending
103171,28/04/2026,Stark Industries,NYC,Gizmo Mini,5,$45.00,$225.00,shipped
103172,13/03/2026,Massive Dynamic,New York,Widget Pro,5,"$1,234.50","$6,172.50",Pending
103173,2026-03-02,Globex Incorporated,NYC,Gadget X,27,"$2,150.00","$58,050.00",Pending
103174,Mar 3 2026,Stark Industries,west,Widget Lite,7,$89.99,$629.93,pending
103175,2026-03-04,Acme Corp,west,Widget Pro,23,"$1,234.50","$28,393.50",pending
103176,Mar 5 2026,Acme Corp,East,Widget Lite,19,$89.99,"$1,709.81",pending
103177,2026-03-06,Vehement Capital,n-y-c,Widget Pro,4,"$1,234.50","$4,938.00",Shipped
103178,2026-03-07,Soylent Co,West,Gizmo Mini,2,$45.00,$90.00,shipped
103179,2026-03-08,Initech,East,Gadget X,5,"$2,150.00","$10,750.00",pending
103180,2026-03-09,Acme Corp,East,Widget Pro,26,"$1,234.50","$32,097.00",shipped
103181,2026-03-10,Initech,East,Widget Lite,11,$89.99,$989.89,Shipped
103182,2026-03-11,Stark Industries,East,Gizmo Mini,21,$45.00,$945.00,shipped
103183,2026-03-12,Massive Dynamic,East,Widget Pro,-21,"$1,234.50","-$25,924.50",cancelled
103184,2026-03-13,Stark Industries,nyc,Gadget X,19,"$2,150.00","$40,850.00",shipped
103185,2026-03-14,Acme Corp,NYC,Gadget X,8,"$2,150.00","$17,200.00",Pending
103186,2026-03-15,Hooli,West,Gizmo Mini,19,$45.00,$855.00,pending
103187,16/03/2026,Initech,New York,Gizmo Mini,12,$45.00,$540.00,Pending
103188,2026-03-17,Hooli,West,Gadget X,13,"$2,150.00","$27,950.00",Shipped
103189,18/03/2026,Initech,n-y-c,Gizmo Mini,17,$45.00,$765.00,SHIPPED
103190,2026-03-19,Globex Incorporated,West,Widget Lite,14,$89.99,"$1,259.86",Shipped
103190,2026-03-19, Globex Incorporated ,WEST,Widget Lite,14,$89.99,"$1,259.86",Shipped
103191,2026-03-21,Vehement Capital,west,Widget Lite,10,$89.99,$899.90,pending
103192,2026-03-22,Soylent Co,East,Gizmo Mini,20,$45.00,$900.00,pending
103193,2026-03-23,Globex Incorporated,NYC,Widget Pro,12,"$1,234.50","$14,814.00",SHIPPED
103194,2026-03-24,Stark Industries,East,Gizmo Mini,12,$45.00,$540.00,pending
103195,25/03/2026,Stark Industries,East,Widget Pro,16,"$1,234.50","$19,752.00",pending
103196,2026-03-26,Vehement Capital,n-y-c,Gizmo Mini,18,$45.00,$810.00,shipped
103197,2026-03-27,Massive Dynamic,west,Gizmo Mini,19,$45.00,$855.00,shipped
103198,2026-03-28,Vehement Capital,West,Gadget X,5,"$2,150.00","$10,750.00",shipped
103199,2026-04-01,Hooli,New York,Widget Pro,10,"$1,234.50","$12,345.00",SHIPPED
103200,2026-04-02,Wayne Enterprises,East,Gizmo Mini,3,$45.00,$135.00,Pending
103201,2026-04-03,Stark Industries,West,Widget Pro,8,"$1,234.50","$9,876.00",Pending
103202,2026-04-04,Initech,East,Widget Pro,22,"$1,234.50","$27,159.00",SHIPPED
103203,2026-04-05,Stark Industries,west,Gizmo Mini,20,$45.00,$900.00,pending
103204,2026-04-06,Wayne Enterprises,East,Widget Lite,25,$89.99,"$2,249.75",Pending
103205,2026-04-07,Umbrella Ltd,west,Widget Pro,19,"$1,234.50","$23,455.50",Shipped
103206,2026-04-08,Acme Corp,East,Widget Pro,7,"$1,234.50","$8,841.50",pending
103207,2026-04-09,Vehement Capital,west,Widget Lite,12,$89.99,"$1,079.88",Pending
103208,2026-04-10,Soylent Co,nyc,Gadget X,7,"$2,150.00","$15,050.00",pending
103209,2026-04-11,Massive Dynamic,East,Gadget X,27,"$2,150.00","$58,050.00",shipped
103210,2026-04-12,Hooli,n-y-c,Widget Lite,25,$89.99,"$2,249.75",pending
103211,2026-04-13,Hooli,East,Gadget X,17,"$2,150.00","$36,550.00",pending
103212,2026-04-14,Umbrella Ltd,west,Widget Lite,21,$89.99,"$1,889.79",Pending
103213,2026-04-15,Massive Dynamic,n-y-c,Gadget X,17,"$2,150.00","$36,550.00",Pending
103214,2026-04-16,Wayne Enterprises,West,Widget Lite,4,$89.99,$359.96,Shipped
103215,2026-04-17,Umbrella Ltd,West,Widget Pro,13,"$1,234.50","$16,048.50",Pending
103216,18/04/2026,Wayne Enterprises,West,Widget Lite,5,$89.99,$449.95,SHIPPED
103217,2026-04-19,Initech,n-y-c,Widget Pro,14,"$1,234.50","$17,283.00",shipped
103218,Apr 20 2026,Wayne Enterprises,East,Gizmo Mini,18,$45.00,$810.00,shipped
103219,2026-04-21,Hooli,New York,Widget Pro,5,"$1,234.50","$6,172.50",Shipped
103220,2026-04-22,Initech,n-y-c,Widget Pro,27,"$1,234.50","$33,331.50",Pending
103221,2026-04-23,Massive Dynamic,New York,Widget Pro,20,"$1,234.50","$24,690.00",pending
103222,2026-04-24,Vehement Capital,n-y-c,Widget Lite,7,$89.99,$629.93,shipped
103223,25/04/2026,Initech,NYC,Gizmo Mini,18,$45.00,$810.00,Pending
103224,2026-04-26,Massive Dynamic,nyc,Widget Lite,10,$89.99,$899.90,Shipped
103225,Apr 27 2026,Soylent Co,New York,Widget Pro,4,"$1,234.50","$4,938.00",SHIPPED
103226,2026-04-28,Hooli,East,Gadget X,12,"$2,150.00","$25,800.00",pending
103227,2026-03-01,Massive Dynamic,nyc,Gizmo Mini,8,$45.00,$360.00,pending
103228,2026-03-02,Soylent Co,West,Widget Lite,15,$89.99,"$1,349.85",SHIPPED
103229,2026-03-03,Hooli,East,Gadget X,12,"$2,150.00","$25,800.00",pending
103230,13/03/2026,Massive Dynamic,nyc,Gadget X,30,"$2,150.00","$64,500.00",Shipped
103231,13/03/2026,Stark Industries,East,Gadget X,24,"$2,150.00","$51,600.00",Pending
103232,2026-03-06,Vehement Capital,West,Widget Pro,21,"$1,234.50","$25,924.50",pending
103233,Mar 7 2026,Stark Industries,East,Gadget X,29,"$2,150.00","$62,350.00",Shipped
103234,2026-03-08,Massive Dynamic,NYC,Widget Lite,9,$89.99,$809.91,pending
103235,Mar 9 2026,Umbrella Ltd,NYC,Gizmo Mini,2,$45.00,$90.00,shipped
103236,13/03/2026,Umbrella Ltd,NYC,Widget Lite,25,$89.99,"$2,249.75",SHIPPED
103237,13/03/2026,Globex Incorporated,East,Gizmo Mini,23,$45.00,"$1,035.00",SHIPPED
103238,2026-03-12,Massive Dynamic,East,Gadget X,28,"$2,150.00","$60,200.00",pending
103239,13/03/2026,Soylent Co,East,Widget Pro,15,"$1,234.50","$18,517.50",SHIPPED
103240,2026-03-14,Acme Corp,East,Widget Pro,1,"$1,234.50","$1,234.50",SHIPPED
103241,2026-03-15,Acme Corp,west,Widget Lite,10,$89.99,$899.90,shipped
103242,2026-03-16,Stark Industries,West,Widget Pro,28,"$1,234.50","$34,566.00",Pending
103243,2026-03-17,Massive Dynamic,n-y-c,Widget Pro,24,"$1,234.50","$29,628.00",pending
103244,2026-03-18,Massive Dynamic,West,Gadget X,11,"$2,150.00","$23,650.00",Pending
103245,19/03/2026,Umbrella Ltd,East,Gadget X,25,"$2,150.00","$53,750.00",Pending
103246,2026-03-20,Globex Incorporated,New York,Gizmo Mini,29,$45.00,"$1,305.00",Pending
103247,2026-03-21,Umbrella Ltd,West,Gizmo Mini,12,$45.00,$540.00,Shipped
103248,2026-03-22,Stark Industries,NYC,Gadget X,5,"$2,150.00","$10,750.00",pending
103249,2026-03-23,Vehement Capital,East,Gizmo Mini,3,$45.00,$135.00,SHIPPED
103250,Mar 24 2026,Umbrella Ltd,West,Gizmo Mini,6,$45.00,$270.00,SHIPPED
103251,2026-03-25,Initech,west,Gizmo Mini,26,$45.00,"$1,170.00",Shipped
103252,2026-03-26,Massive Dynamic,n-y-c,Gadget X,27,"$2,150.00","$58,050.00",pending
103253,2026-03-27,Soylent Co,West,Gadget X,16,"$2,150.00","$34,400.00",SHIPPED
103254,2026-03-28,Stark Industries,n-y-c,Gadget X,2,"$2,150.00","$4,300.00",pending
103255,2026-04-01,Stark Industries,East,Gizmo Mini,29,$45.00,"$1,305.00",pending
103256,2026-04-02,Vehement Capital,west,Gadget X,6,"$2,150.00","$12,900.00",Pending
103257,13/04/2026,Massive Dynamic,nyc,Gadget X,29,"$2,150.00","$62,350.00",pending
103258,2026-04-04,Acme Corp,East,Widget Pro,21,"$1,234.50","$25,924.50",Pending
103259,13/04/2026,Wayne Enterprises,West,Gadget X,17,"$2,150.00","$36,550.00",SHIPPED
103260,2026-04-06,Globex Incorporated,nyc,Widget Lite,5,$89.99,$449.95,shipped
103261,13/04/2026,Soylent Co,East,Widget Pro,24,"$1,234.50","$29,628.00",SHIPPED
103262,2026-04-08,Vehement Capital,East,Gizmo Mini,27,$45.00,"$1,215.00",SHIPPED
103263,2026-04-09,Vehement Capital,New York,Gizmo Mini,22,$45.00,$990.00,Pending
103264,2026-04-10,Globex Incorporated,West,Widget Pro,21,"$1,234.50","$25,924.50",shipped
103265,2026-04-11,Umbrella Ltd,NYC,Gadget X,17,"$2,150.00","$36,550.00",shipped
103266,2026-04-12,Hooli,West,Gizmo Mini,12,$45.00,$540.00,SHIPPED
103267,2026-04-13,Stark Industries,West,Widget Pro,30,"$1,234.50","$37,035.00",SHIPPED
103268,2026-04-14,Umbrella Ltd,West,Gizmo Mini,6,$45.00,$270.00,pending
103269,2026-04-15,Acme Corp,nyc,Gizmo Mini,9,$45.00,$405.00,pending
103270,16/04/2026,Initech,East,Widget Pro,5,"$1,234.50","$6,172.50",shipped
103271,2026-04-17,Soylent Co,n-y-c,Widget Lite,8,$89.99,$719.92,pending
103272,2026-04-18,Initech,East,Widget Lite,12,$89.99,"$1,079.88",Shipped
103273,2026-04-19,Stark Industries,West,Widget Lite,14,$89.99,"$1,259.86",shipped
103274,20/04/2026,Wayne Enterprises,NYC,Widget Pro,4,"$1,234.50","$4,938.00",Shipped
103275,Apr 21 2026,Stark Industries,n-y-c,Gadget X,26,"$2,150.00","$55,900.00",SHIPPED
103276,2026-04-22,Globex Incorporated,west,Gadget X,4,"$2,150.00","$8,600.00",shipped
103277,2026-04-23,Wayne Enterprises,West,Widget Pro,19,"$1,234.50","$23,455.50",shipped
103278,2026-04-24,Umbrella Ltd,nyc,Gadget X,11,"$2,150.00","$23,650.00",SHIPPED
103279,25/04/2026,Vehement Capital,East,Gizmo Mini,28,$45.00,"$1,260.00",pending
103280,Apr 26 2026,Wayne Enterprises,West,Gadget X,13,"$2,150.00","$27,950.00",pending
103281,27/04/2026,Soylent Co,East,Widget Pro,7,"$1,234.50","$8,641.50",Pending
103282,2026-04-28,Umbrella Ltd,East,Widget Pro,28,"$1,234.50","$34,566.00",pending
103283,13/03/2026,Massive Dynamic,East,Gadget X,23,"$2,150.00","$49,450.00",pending
103284,2026-03-02,Hooli,East,Widget Pro,17,"$1,234.50","$20,986.50",Pending
103285,2026-03-03,Stark Industries,East,Gadget X,11,"$2,150.00","$23,650.00",shipped
103286,2026-03-04,Vehement Capital,nyc,Widget Pro,6,"$1,234.50","$7,407.00",Shipped
103287,2026-03-05,Umbrella Ltd,West,Gadget X,30,"$2,150.00","$64,500.00",Pending
103288,2026-03-06,Umbrella Ltd,nyc,Gadget X,20,"$2,150.00","$43,000.00",pending
103289,2026-03-07,Soylent Co,East,Widget Pro,2,"$1,234.50","$2,469.00",Pending
103290,Mar 8 2026,Initech,East,Gadget X,17,"$2,150.00","$36,550.00",shipped
103291,2026-03-09,Globex Incorporated,n-y-c,Widget Lite,19,$89.99,"$1,709.81",Shipped
103292,2026-03-10,Vehement Capital,n-y-c,Widget Pro,26,"$1,234.50","$32,097.00",Shipped
103293,2026-03-11,Massive Dynamic,East,Widget Lite,8,$89.99,$719.92,SHIPPED
103294,13/03/2026,Acme Corp,NYC,Widget Lite,1,$89.99,$89.99,pending
103295,2026-03-13,Stark Industries,East,Gadget X,28,"$2,150.00","$60,200.00",pending
103296,14/03/2026,Initech,West,Gizmo Mini,28,$45.00,"$1,260.00",shipped
103297,2026-03-15,Globex Incorporated,East,Widget Pro,28,"$1,234.50","$34,566.00",SHIPPED
103298,2026-03-16,Soylent Co,West,Gadget X,12,"$2,150.00","$25,800.00",shipped
103299,Mar 17 2026,Vehement Capital,East,Widget Lite,1,$89.99,$89.99,Shipped
103300,2026-03-18,Hooli,West,Gizmo Mini,4,$45.00,$180.00,Shipped
103301,2026-03-19,Umbrella Ltd,East,Widget Pro,4,"$1,234.50","$4,938.00",pending
103302,2026-03-20,Acme Corp,East,Widget Pro,5,"$1,234.50","$6,172.50",SHIPPED
103303,2026-03-21,Stark Industries,nyc,Widget Lite,28,$89.99,"$2,519.72",SHIPPED
103304,2026-03-22,Initech,East,Widget Lite,27,$89.99,"$2,429.73",shipped
103305,23/03/2026,Wayne Enterprises,East,Gadget X,22,"$2,150.00","$47,300.00",pending
103306,2026-03-24,Initech,west,Gizmo Mini,7,$45.00,$315.00,pending
103307,2026-03-25,Umbrella Ltd,East,Widget Pro,12,"$1,234.50","$14,814.00",Pending
103308,26/03/2026,Acme Corp,West,Gadget X,14,"$2,150.00","$30,100.00",SHIPPED
103309,Mar 27 2026,Initech,nyc,Gadget X,1,"$2,150.00","$2,150.00",pending
103310,28/03/2026,Stark Industries,NYC,Gizmo Mini,21,$45.00,$945.00,pending
103311,2026-04-01,Hooli,west,Gadget X,23,"$2,150.00","$49,450.00",Pending
103312,Apr 2 2026,Globex Incorporated,NYC,Widget Lite,14,$89.99,"$1,259.86",Pending
103313,Apr 3 2026,Massive Dynamic,East,Gadget X,5,"$2,150.00","$10,750.00",Pending
103314,2026-04-04,Soylent Co,n-y-c,Widget Lite,18,$89.99,"$1,619.82",pending
103315,2026-04-05,Globex Incorporated,West,Gizmo Mini,,$45.00,$315.00,pending
103316,13/04/2026,Initech,West,Widget Lite,20,$89.99,"$1,799.80",pending
103317,2026-04-07,Wayne Enterprises,NYC,Gadget X,7,"$2,150.00","$15,480.00",Pending
103318,Apr 8 2026,Acme Corp,West,Gizmo Mini,30,$45.00,"$1,350.00",Shipped
103319,13/04/2026,Hooli,East,Gadget X,29,"$2,150.00","$62,350.00",shipped
103320,2026-04-10,Vehement Capital,nyc,Widget Lite,23,$89.99,"$2,069.77",shipped
103321,2026-04-11,Vehement Capital,East,Widget Lite,22,$89.99,"$1,979.78",Pending
103322,13/04/2026,Initech,West,Gizmo Mini,1,$45.00,$45.00,shipped
103323,2026-04-13,Vehement Capital,nyc,Gizmo Mini,2,$45.00,$90.00,Pending
103324,14/04/2026,Hooli,West,Gizmo Mini,23,$45.00,"$1,035.00",Shipped
103325,2026-04-15,Hooli,West,Widget Pro,5,"$1,234.50","$6,172.50",SHIPPED
103326,2026-04-16,Umbrella Ltd,West,Widget Lite,20,$89.99,"$1,799.80",Pending
103327,17/04/2026,Vehement Capital,n-y-c,Widget Lite,4,$89.99,$359.96,Pending
103328,2026-04-18,Vehement Capital,west,Gadget X,29,"$2,150.00","$62,350.00",SHIPPED
103329,2026-04-19,Globex Incorporated,East,Gizmo Mini,2,$45.00,$90.00,Shipped
103330,20/04/2026,Vehement Capital,East,Widget Pro,1,"$1,234.50","$1,234.50",pending
103331,Apr 21 2026,Soylent Co,New York,Widget Lite,3,$89.99,$269.97,SHIPPED
103332,Apr 22 2026,Wayne Enterprises,nyc,Widget Pro,-12,"$1,234.50","-$14,814.00",cancelled
103333,2026-04-23,Soylent Co,East,Widget Pro,22,"$1,234.50","$27,159.00",pending
103334,2026-04-24,Vehement Capital,nyc,Gizmo Mini,13,$45.00,$585.00,Shipped
103335,25/04/2026,Umbrella Ltd,west,Widget Lite,25,$89.99,"$2,249.75",Pending
103336,2026-04-26,Globex Incorporated,n-y-c,Widget Lite,23,$89.99,"$2,069.77",shipped
103337,2026-04-27,Massive Dynamic,west,Widget Pro,3,"$1,234.50","$3,703.50",Shipped
103338,2026-04-28,Initech,East,Gadget X,13,"$2,150.00","$27,950.00",Shipped
103339,2026-03-01,Massive Dynamic,nyc,Gadget X,14,"$2,150.00","$30,100.00",SHIPPED
103340,2026-03-02,Globex Incorporated,East,Gadget X,17,"$2,150.00","$36,550.00",SHIPPED
103341,2026-03-03,Soylent Co,East,Gizmo Mini,14,$45.00,$630.00,Shipped
103342,2026-03-04,Soylent Co,West,Widget Pro,3,"$1,234.50","$3,703.50",SHIPPED
103343,2026-03-05,Initech,East,Gizmo Mini,10,$45.00,$450.00,SHIPPED
103344,2026-03-06,Wayne Enterprises,west,Widget Lite,4,$89.99,$359.96,Pending
103345,2026-03-07,Stark Industries,west,Widget Pro,4,"$1,234.50","$4,938.00",pending
103346,2026-03-08,Hooli,NYC,Widget Lite,28,$89.99,"$2,519.72",Pending
103347,Mar 9 2026,Acme Corp,East,Gadget X,29,"$2,150.00","$62,350.00",SHIPPED
103348,2026-03-10,Stark Industries,NYC,Gadget X,10,"$2,150.00","$21,500.00",SHIPPED
103349,2026-03-11,Stark Industries,East,Widget Lite,13,$89.99,"$1,169.87",Pending
103350,Mar 12 2026,Wayne Enterprises,west,Gizmo Mini,28,$45.00,"$1,260.00",pending
103351,2026-03-13,Massive Dynamic,west,Gizmo Mini,26,$45.00,"$1,170.00",pending
103352,2026-03-14,Initech,West,Gadget X,7,"$2,150.00","$15,050.00",pending
103353,Mar 15 2026,Wayne Enterprises,East,Gadget X,8,"$2,150.00","$17,200.00",pending
103354,2026-03-16,Soylent Co,West,Gizmo Mini,11,$45.00,$495.00,pending
103355,2026-03-17,Globex Incorporated,West,Widget Pro,29,"$1,234.50","$35,800.50",Pending
103356,2026-03-18,Initech,west,Widget Lite,2,$89.99,$179.98,Pending
103357,2026-03-19,Stark Industries,West,Widget Pro,20,"$1,234.50","$24,690.00",Shipped
103358,2026-03-20,Hooli,East,Widget Lite,18,$89.99,"$1,619.82",shipped
103359,Mar 21 2026,Initech,west,Widget Lite,23,$89.99,"$2,069.77",pending
103360,2026-03-22,Globex Incorporated,West,Widget Pro,5,"$1,234.50","$6,172.50",shipped
103361,2026-03-23,Vehement Capital,East,Widget Pro,27,"$1,234.50","$33,331.50",Pending
103362,24/03/2026,Massive Dynamic,n-y-c,Gizmo Mini,25,$45.00,"$1,125.00",Pending
103363,2026-03-25,Acme Corp,NYC,Gizmo Mini,28,$45.00,"$1,260.00",shipped
103364,2026-03-26,Initech,East,Widget Pro,13,"$1,234.50","$16,048.50",SHIPPED
103365,2026-03-27,Wayne Enterprises,East,Gadget X,14,"$2,150.00","$30,100.00",SHIPPED
103366,2026-03-28,Umbrella Ltd,NYC,Gizmo Mini,24,$45.00,"$1,080.00",SHIPPED
103367,2026-04-01,Hooli,East,Widget Lite,5,$89.99,$449.95,Pending
103368,2026-04-02,Massive Dynamic,NYC,Widget Lite,2,$89.99,$179.98,pending
103369,2026-04-03,Wayne Enterprises,East,Gadget X,11,"$2,150.00","$23,650.00",Shipped
103370,13/04/2026,Acme Corp,New York,Gizmo Mini,4,$45.00,$180.00,SHIPPED
103371,2026-04-05,Stark Industries,West,Gadget X,9,"$2,150.00","$19,350.00",SHIPPED
103372,2026-04-06,Vehement Capital,nyc,Widget Pro,22,"$1,234.50","$27,159.00",Shipped
103373,13/04/2026,Hooli,west,Widget Lite,14,$89.99,"$1,259.86",shipped
103374,Apr 8 2026,Wayne Enterprises,East,Gadget X,23,"$2,150.00","$49,450.00",Pending
103375,13/04/2026,Soylent Co,nyc,Widget Pro,25,"$1,234.50","$30,862.50",Pending
103376,2026-04-10,Stark Industries,west,Gadget X,8,"$2,150.00","$17,200.00",pending
103377,13/04/2026,Initech,NYC,Gizmo Mini,8,$45.00,$360.00,pending
103378,Apr 12 2026,Globex Incorporated,west,Gizmo Mini,27,$45.00,"$1,215.00",pending
103379,13/04/2026,Umbrella Ltd,n-y-c,Gizmo Mini,18,$45.00,$810.00,Pending
103380,14/04/2026,Stark Industries,west,Gadget X,18,"$2,150.00","$38,700.00",Shipped
103381,15/04/2026,Globex Incorporated,East,Gadget X,15,"$2,150.00","$32,250.00",Pending
103382,2026-04-16,Stark Industries,East,Widget Pro,3,"$1,234.50","$3,703.50",Pending
103383,Apr 17 2026,Acme Corp,East,Gizmo Mini,11,$45.00,$495.00,Pending
103384,2026-04-18,Globex Incorporated,East,Gadget X,2,"$2,150.00","$4,300.00",shipped
103385,2026-04-19,Umbrella Ltd,West,Widget Lite,18,$89.99,"$1,619.82",shipped
103386,2026-04-20,Vehement Capital,NYC,Widget Lite,28,$89.99,"$2,519.72",Shipped
103387,2026-04-21,Massive Dynamic,nyc,Gadget X,7,"$2,150.00","$15,050.00",pending
103388,2026-04-22,Hooli,East,Gadget X,2,"$2,150.00","$4,300.00",pending
103389,2026-04-23,Umbrella Ltd,East,Widget Pro,5,"$1,234.50","$6,172.50",Pending
103390,2026-04-24,Wayne Enterprises,East,Gadget X,4,"$2,150.00","$8,600.00",pending
103391,Apr 25 2026,Globex Incorporated,n-y-c,Gadget X,3,"$2,150.00","$6,450.00",pending
103392,2026-04-26,Globex Incorporated,New York,Gizmo Mini,11,$45.00,$495.00,shipped
103393,2026-04-27,Massive Dynamic,New York,Gizmo Mini,21,$45.00,$945.00,pending
103394,2026-04-28,Acme Corp,west,Gadget X,7,"$2,150.00","$15,050.00",shipped
103395,13/03/2026,Hooli,West,Gizmo Mini,19,$45.00,$855.00,Pending
103396,13/03/2026,Hooli,East,Widget Pro,22,"$1,234.50","$27,159.00",shipped
103397,2026-03-03,Hooli,East,Widget Lite,20,$89.99,"$1,799.80",Shipped
103398,2026-03-04,Hooli,West,Gadget X,16,"$2,150.00","$34,400.00",Pending
103399,2026-03-05,Wayne Enterprises,East,Widget Pro,2,"$1,234.50","$2,469.00",pending
103400,2026-03-06,Umbrella Ltd,East,Widget Lite,17,$89.99,"$1,529.83",Pending
103401,13/03/2026,Massive Dynamic,n-y-c,Gizmo Mini,27,$45.00,"$1,215.00",pending
103402,2026-03-08,Acme Corp,West,Gadget X,22,"$2,150.00","$47,300.00",Shipped
103403,2026-03-09,Acme Corp,nyc,Widget Pro,5,"$1,234.50","$6,172.50",pending
103404,2026-03-10,Wayne Enterprises,NYC,Widget Pro,13,"$1,234.50","$16,048.50",shipped
103405,2026-03-11,Massive Dynamic,East,Widget Pro,11,"$1,234.50","$13,579.50",SHIPPED
103406,Mar 12 2026,Globex Incorporated,East,Gizmo Mini,3,$45.00,$135.00,Pending
103407,2026-03-13,Wayne Enterprises,East,Widget Pro,30,"$1,234.50","$37,035.00",shipped
103408,2026-03-14,Initech,NYC,Gadget X,14,"$2,150.00","$30,100.00",Pending
103409,2026-03-15,Stark Industries,West,Widget Pro,24,"$1,234.50","$29,628.00",shipped
103410,2026-03-16,Initech,NYC,Gadget X,3,"$2,150.00","$6,450.00",pending
103411,2026-03-17,Hooli,East,Gadget X,8,"$2,150.00","$17,200.00",pending
103412,18/03/2026,Acme Corp,New York,Widget Lite,14,$89.99,"$1,259.86",SHIPPED
103413,19/03/2026,Initech,West,Gadget X,25,"$2,150.00","$53,750.00",Pending
103414,2026-03-20,Massive Dynamic,East,Gizmo Mini,13,$45.00,$585.00,Shipped
103415,2026-03-21,Initech,n-y-c,Gizmo Mini,3,$45.00,$135.00,Pending
103416,Mar 22 2026,Acme Corp,west,Widget Pro,15,"$1,234.50","$18,517.50",shipped
103417,23/03/2026,Stark Industries,East,Gizmo Mini,20,$45.00,$900.00,pending
103418,2026-03-24,Wayne Enterprises,nyc,Gadget X,2,"$2,150.00","$4,300.00",Pending
103419,Mar 25 2026,Acme Corp,East,Widget Pro,12,"$1,234.50","$14,814.00",SHIPPED
103420,2026-03-26,Globex Incorporated,NYC,Gadget X,12,"$2,150.00","$25,800.00",shipped
103421,2026-03-27,Wayne Enterprises,west,Widget Pro,6,"$1,234.50","$7,407.00",pending
103422,2026-03-28,Soylent Co,East,Gizmo Mini,26,$45.00,"$1,170.00",Pending
103423,2026-04-01,Umbrella Ltd,west,Widget Lite,7,$89.99,$629.93,pending
103424,2026-04-02,Massive Dynamic,nyc,Gadget X,25,"$2,150.00","$53,750.00",Pending
103425,2026-04-03,Acme Corp,n-y-c,Widget Pro,22,"$1,234.50","$27,159.00",Pending
103426,13/04/2026,Soylent Co,East,Gadget X,22,"$2,150.00","$47,300.00",Pending
103427,2026-04-05,Globex Incorporated,East,Gizmo Mini,29,$45.00,"$1,305.00",shipped
103428,2026-04-06,Acme Corp,New York,Gadget X,27,"$2,150.00","$58,050.00",Pending
103429,2026-04-07,Initech,East,Widget Lite,21,$89.99,"$1,889.79",pending
103430,2026-04-08,Globex Incorporated,East,Gizmo Mini,12,$45.00,$540.00,SHIPPED
103431,2026-04-09,Initech,New York,Gadget X,21,"$2,150.00","$45,150.00",Shipped
103432,2026-04-10,Soylent Co,west,Gizmo Mini,14,$45.00,$630.00,Pending
103433,2026-04-11,Globex Incorporated,New York,Widget Pro,17,"$1,234.50","$20,986.50",pending
103434,2026-04-12,Initech,New York,Gizmo Mini,17,$45.00,$765.00,Pending
103435,2026-04-13,Stark Industries,nyc,Widget Lite,11,$89.99,$989.89,Pending
103436,14/04/2026,Wayne Enterprises,East,Gadget X,25,"$2,150.00","$53,750.00",Shipped
103437,2026-04-15,Umbrella Ltd,west,Widget Pro,8,"$1,234.50","$9,876.00",SHIPPED
103438,2026-04-16,Soylent Co,New York,Widget Lite,30,$89.99,"$2,699.70",pending
103439,Apr 17 2026,Acme Corp,East,Widget Pro,17,"$1,234.50","$20,986.50",Shipped
103440,18/04/2026,Hooli,west,Gadget X,20,"$2,150.00","$43,000.00",pending
103441,Apr 19 2026,Soylent Co,nyc,Widget Pro,26,"$1,234.50","$32,097.00",pending
103442,2026-04-20,Stark Industries,West,Gizmo Mini,30,$45.00,"$1,350.00",SHIPPED
103443,21/04/2026,Umbrella Ltd,East,Widget Pro,21,"$1,234.50","$26,124.50",Shipped
103444,2026-04-22,Stark Industries,n-y-c,Widget Pro,10,"$1,234.50","$12,345.00",pending
103444,2026-04-22, Stark Industries ,N-Y-C,Widget Pro,10,"$1,234.50","$12,345.00",pending
103445,2026-04-24,Umbrella Ltd,West,Gizmo Mini,14,$45.00,$630.00,Shipped
103446,2026-04-25,Umbrella Ltd,west,Gadget X,29,"$2,150.00","$62,350.00",shipped
103447,2026-04-26,Acme Corp,nyc,Gadget X,25,"$2,150.00","$53,750.00",pending
103448,Apr 27 2026,Stark Industries,East,Widget Lite,18,$89.99,"$1,619.82",pending
103449,2026-04-28,Soylent Co,East,Widget Pro,5,"$1,234.50","$6,172.50",Shipped
103450,2026-03-01,Vehement Capital,n-y-c,Widget Lite,26,$89.99,"$2,339.74",Shipped
103451,2026-03-02,Stark Industries,NYC,Widget Lite,21,$89.99,"$1,889.79",Pending
103452,Mar 3 2026,Initech,West,Widget Lite,18,$89.99,"$1,619.82",SHIPPED
103452,Mar 3 2026,Initech,West,Widget Lite,18,$89.99,"$1,619.82",SHIPPED
103453,Mar 5 2026,Wayne Enterprises,West,Widget Pro,5,"$1,234.50","$6,172.50",Shipped
103454,13/03/2026,Umbrella Ltd,west,Gizmo Mini,7,$45.00,$315.00,pending
103455,2026-03-07,Wayne Enterprises,NYC,Widget Pro,19,"$1,234.50","$23,455.50",shipped
103456,2026-03-08,Initech,East,Widget Lite,20,$89.99,"$1,799.80",Pending
103457,13/03/2026,Wayne Enterprises,nyc,Gizmo Mini,21,$45.00,$945.00,shipped
103458,2026-03-10,Soylent Co,nyc,Gadget X,5,"$2,150.00","$10,750.00",Pending
103459,2026-03-11,Wayne Enterprises,New York,Widget Pro,23,"$1,234.50","$28,393.50",shipped
103460,13/03/2026,Umbrella Ltd,East,Gadget X,19,"$2,150.00","$40,850.00",shipped
103461,2026-03-13,Stark Industries,n-y-c,Widget Pro,29,"$1,234.50","$35,800.50",shipped
103462,2026-03-14,Acme Corp,West,Widget Lite,15,$89.99,"$1,349.85",shipped
103463,15/03/2026,Soylent Co,west,Widget Lite,23,$89.99,"$2,069.77",Shipped
103464,2026-03-16,Hooli,East,Widget Lite,29,$89.99,"$2,609.71",SHIPPED
103465,2026-03-17,Acme Corp,New York,Gizmo Mini,11,$45.00,$495.00,Pending
103466,2026-03-18,Stark Industries,n-y-c,Gadget X,24,"$2,150.00","$51,600.00",Pending
103467,2026-03-19,Initech,west,Gizmo Mini,16,$45.00,$720.00,shipped
103468,2026-03-20,Globex Incorporated,East,Gadget X,27,"$2,150.00","$58,050.00",Pending
103469,21/03/2026,Acme Corp,NYC,Widget Pro,29,"$1,234.50","$35,800.50",Shipped
103470,2026-03-22,Vehement Capital,West,Gizmo Mini,19,$45.00,$855.00,shipped
103471,Mar 23 2026,Massive Dynamic,East,Widget Lite,30,$89.99,"$2,699.70",Pending
103472,2026-03-24,Initech,New York,Widget Pro,14,"$1,234.50","$17,283.00",Shipped
103473,2026-03-25,Umbrella Ltd,East,Gadget X,17,"$2,150.00","$36,550.00",Shipped
103474,Mar 26 2026,Initech,NYC,Gadget X,4,"$2,150.00","$8,600.00",pending
103475,2026-03-27,Wayne Enterprises,west,Widget Pro,21,"$1,234.50","$25,924.50",Pending
103476,2026-03-28,Stark Industries,East,Widget Pro,25,"$1,234.50","$30,862.50",Shipped
103477,2026-04-01,Wayne Enterprises,nyc,Gadget X,2,"$2,150.00","$4,300.00",pending
103478,2026-04-02,Wayne Enterprises,East,Gadget X,12,"$2,150.00","$25,800.00",shipped
103479,2026-04-03,Soylent Co,n-y-c,Gadget X,1,"$2,150.00","$2,150.00",pending
103480,2026-04-04,Wayne Enterprises,East,Gadget X,30,"$2,150.00","$64,930.00",pending
103481,2026-04-05,Globex Incorporated,East,Widget Pro,2,"$1,234.50","$2,469.00",Pending
103482,13/04/2026,Massive Dynamic,New York,Widget Lite,28,$89.99,"$2,519.72",Pending
103483,2026-04-07,Umbrella Ltd,west,Widget Pro,23,"$1,234.50","$28,393.50",shipped
103484,2026-04-08,Hooli,nyc,Widget Pro,8,"$1,234.50","$9,876.00",Shipped
103485,2026-04-09,Massive Dynamic,East,Gadget X,26,"$2,150.00","$55,900.00",Shipped
103486,13/04/2026,Acme Corp,west,Gadget X,27,"$2,150.00","$58,050.00",Pending
103487,2026-04-11,Massive Dynamic,East,Gizmo Mini,26,$45.00,"$1,170.00",shipped
103488,2026-04-12,Massive Dynamic,NYC,Gizmo Mini,4,$45.00,$180.00,pending
103489,2026-04-13,Globex Incorporated,West,Gizmo Mini,14,$45.00,$630.00,SHIPPED
103490,2026-04-14,Soylent Co,West,Widget Lite,27,$89.99,"$2,429.73",pending
103491,2026-04-15,Massive Dynamic,n-y-c,Widget Lite,28,$89.99,"$2,519.72",shipped
103492,16/04/2026,Massive Dynamic,East,Widget Pro,11,"$1,234.50","$13,579.50",Pending
103493,2026-04-17,Vehement Capital,West,Widget Pro,14,"$1,234.50","$17,283.00",pending
103494,Apr 18 2026,Hooli,NYC,Widget Pro,30,"$1,234.50","$37,465.00",Pending
103495,19/04/2026,Acme Corp,East,Widget Pro,27,"$1,234.50","$33,331.50",pending
103496,2026-04-20,Acme Corp,West,Gadget X,21,"$2,150.00","$45,150.00",SHIPPED
103497,2026-04-21,Stark Industries,NYC,Widget Lite,17,$89.99,"$1,529.83",Pending
103498,2026-04-22,Massive Dynamic,West,Widget Lite,15,$89.99,"$1,349.85",shipped
103499,2026-04-23,Initech,nyc,Widget Pro,11,"$1,234.50","$13,579.50",Pending
103500,Apr 24 2026,Hooli,East,Gizmo Mini,13,$45.00,$585.00,SHIPPED
103501,Apr 25 2026,Soylent Co,n-y-c,Widget Pro,18,"$1,234.50","$22,221.00",SHIPPED
103502,2026-04-26,Acme Corp,East,Gadget X,13,"$2,150.00","$27,950.00",pending
103503,Apr 27 2026,Umbrella Ltd,NYC,Widget Pro,7,"$1,234.50","$8,641.50",Pending
103504,2026-04-28,Vehement Capital,NYC,Gizmo Mini,7,$45.00,$315.00,pending
103505,Mar 1 2026,Soylent Co,west,Gizmo Mini,17,$45.00,$765.00,Shipped
103506,Mar 2 2026,Wayne Enterprises,n-y-c,Widget Pro,13,"$1,234.50","$16,048.50",shipped
103507,2026-03-03,Hooli,west,Widget Lite,28,$89.99,"$2,519.72",shipped
103508,2026-03-04,Stark Industries,West,Gizmo Mini,18,$45.00,$810.00,Shipped
103509,13/03/2026,Stark Industries,west,Widget Pro,16,"$1,234.50","$19,752.00",pending
103510,2026-03-06,Vehement Capital,East,Gadget X,14,"$2,150.00","$30,100.00",SHIPPED
103511,Mar 7 2026,Wayne Enterprises,west,Gizmo Mini,16,$45.00,$720.00,Pending
103512,2026-03-08,Massive Dynamic,NYC,Widget Pro,30,"$1,234.50","$37,035.00",pending
103513,2026-03-09,Vehement Capital,nyc,Gadget X,30,"$2,150.00","$64,500.00",Pending
103514,2026-03-10,Hooli,East,Gizmo Mini,15,$45.00,$675.00,SHIPPED
103515,2026-03-11,Initech,n-y-c,Gizmo Mini,18,$45.00,$810.00,pending
103516,2026-03-12,Initech,East,Widget Pro,7,"$1,234.50","$8,641.50",SHIPPED
103517,2026-03-13,Hooli,west,Widget Lite,29,$89.99,"$2,609.71",shipped
103518,2026-03-14,Globex Incorporated,west,Gadget X,9,"$2,150.00","$19,350.00",Pending
103519,2026-03-15,Wayne Enterprises,west,Gizmo Mini,16,$45.00,$720.00,Pending
103520,Mar 16 2026,Soylent Co,west,Gadget X,7,"$2,150.00","$15,050.00",SHIPPED
103521,2026-03-17,Hooli,New York,Gadget X,7,"$2,150.00","$15,050.00",SHIPPED
103522,2026-03-18,Wayne Enterprises,n-y-c,Widget Lite,29,$89.99,"$2,609.71",pending
103523,Mar 19 2026,Vehement Capital,nyc,Widget Pro,4,"$1,234.50","$4,938.00",Pending
103524,2026-03-20,Umbrella Ltd,n-y-c,Widget Lite,30,$89.99,"$2,699.70",pending
103525,2026-03-21,Vehement Capital,west,Widget Lite,30,$89.99,"$2,699.70",pending
103526,2026-03-22,Wayne Enterprises,East,Gadget X,17,"$2,150.00","$36,550.00",SHIPPED
103527,23/03/2026,Initech,West,Gadget X,7,"$2,150.00","$15,050.00",pending
103528,2026-03-24,Soylent Co,west,Widget Lite,25,89.99 USD,"$2,249.75",Shipped
103529,25/03/2026,Hooli,West,Widget Lite,15,$89.99,"$1,349.85",pending
103530,26/03/2026,Umbrella Ltd,New York,Widget Lite,14,$89.99,"$1,259.86",pending
103531,2026-03-27,Umbrella Ltd,East,Gadget X,30,"$2,150.00","$64,500.00",Shipped
103532,2026-03-28,Hooli,West,Widget Lite,19,$89.99,"$1,709.81",Pending
103533,Apr 1 2026,Soylent Co,west,Widget Pro,19,"$1,234.50","$23,455.50",pending
103534,13/04/2026,Globex Incorporated,New York,Widget Lite,20,$89.99,"$1,799.80",SHIPPED
103535,2026-04-03,Soylent Co,n-y-c,Gizmo Mini,21,$45.00,$945.00,Pending
103536,2026-04-04,Globex Incorporated,nyc,Widget Pro,29,"$1,234.50","$35,800.50",Pending
103537,13/04/2026,Wayne Enterprises,East,Widget Pro,4,"$1,234.50","$4,938.00",pending
103538,2026-04-06,Massive Dynamic,NYC,Widget Lite,4,$89.99,$359.96,Pending
103539,Apr 7 2026,Initech,west,Widget Lite,17,$89.99,"$1,529.83",pending
103540,2026-04-08,Initech,New York,Gadget X,15,"$2,150.00","$32,250.00",shipped
103541,2026-04-09,Vehement Capital,west,Widget Lite,5,$89.99,$449.95,pending
103542,13/04/2026,Globex Incorporated,East,Widget Pro,29,"$1,234.50","$35,800.50",Shipped
103543,2026-04-11,Acme Corp,n-y-c,Widget Lite,6,$89.99,$539.94,pending
103544,2026-04-12,Acme Corp,East,Gadget X,12,"$2,150.00","$25,800.00",Shipped
103545,2026-04-13,Globex Incorporated,west,Widget Pro,28,"$1,234.50","$34,566.00",pending
103546,2026-04-14,Umbrella Ltd,NYC,Gadget X,11,"$2,150.00","$23,650.00",shipped
103547,2026-04-15,Soylent Co,New York,Gadget X,16,"$2,150.00","$34,400.00",shipped
103548,Apr 16 2026,Vehement Capital,West,Gadget X,4,"$2,150.00","$8,600.00",pending
103549,2026-04-17,Vehement Capital,west,Gadget X,27,"$2,150.00","$58,050.00",SHIPPED
103550,18/04/2026,Hooli,West,Widget Lite,15,$89.99,"$1,349.85",Shipped
103551,2026-04-19,Soylent Co,West,Widget Lite,13,$89.99,"$1,169.87",shipped
103552,20/04/2026,Hooli,west,Gadget X,27,"$2,150.00","$58,050.00",Shipped
103553,2026-04-21,Soylent Co,west,Gadget X,7,"$2,150.00","$15,050.00",pending
103554,22/04/2026,Stark Industries,East,Widget Pro,7,"$1,234.50","$8,641.50",pending
103555,2026-04-23,Massive Dynamic,West,Widget Lite,23,$89.99,"$2,069.77",shipped
103556,2026-04-24,Acme Corp,west,Widget Lite,9,$89.99,$809.91,SHIPPED
103557,2026-04-25,Initech,East,Gadget X,9,"$2,150.00","$19,350.00",Pending
103558,2026-04-26,Umbrella Ltd,n-y-c,Gadget X,19,"$2,150.00","$40,850.00",Pending
103559,27/04/2026,Acme Corp,New York,Widget Pro,29,"$1,234.50","$35,800.50",pending
103560,2026-04-28,Stark Industries,NYC,Gizmo Mini,2,$45.00,$90.00,shipped
103561,13/03/2026,Acme Corp,West,Gadget X,13,"$2,150.00","$27,950.00",Pending
103562,2026-03-02,Acme Corp,n-y-c,Gadget X,5,"$2,150.00","$10,750.00",shipped
103563,13/03/2026,Hooli,East,Widget Lite,21,$89.99,"$1,889.79",Shipped
103564,13/03/2026,Vehement Capital,East,Widget Pro,17,"$1,234.50","$20,986.50",pending
103565,2026-03-05,Massive Dynamic,West,Widget Pro,8,"$1,234.50","$9,876.00",shipped
103566,2026-03-06,Massive Dynamic,West,Gadget X,4,"$2,150.00","$8,600.00",Shipped
103567,2026-03-07,Umbrella Ltd,west,Gizmo Mini,17,$45.00,$765.00,shipped
103568,13/03/2026,Umbrella Ltd,nyc,Gizmo Mini,18,$45.00,$810.00,Pending
103569,2026-03-09,Acme Corp,west,Gizmo Mini,4,$45.00,$180.00,Pending
103570,2026-03-10,Globex Incorporated,NYC,Gadget X,2,"$2,150.00","$4,300.00",SHIPPED
103571,Mar 11 2026,Massive Dynamic,west,Widget Pro,19,"$1,234.50","$23,455.50",shipped
103572,2026-03-12,Vehement Capital,East,Gadget X,4,"$2,150.00","$8,600.00",SHIPPED
103573,2026-03-13,Stark Industries,west,Widget Lite,13,$89.99,"$1,169.87",Shipped
103574,2026-03-14,Hooli,New York,Gizmo Mini,1,$45.00,$45.00,SHIPPED
103575,2026-03-15,Vehement Capital,n-y-c,Widget Lite,10,$89.99,$899.90,SHIPPED
103576,2026-03-16,Stark Industries,East,Gadget X,25,"$2,150.00","$53,750.00",shipped
103577,2026-03-17,Globex Incorporated,west,Widget Pro,12,"$1,234.50","$14,814.00",shipped
103578,2026-03-18,Vehement Capital,n-y-c,Widget Pro,23,"$1,234.50","$28,393.50",pending
103579,2026-03-19,Globex Incorporated,East,Gizmo Mini,,$45.00,$90.00,Pending
103580,20/03/2026,Stark Industries,West,Gadget X,20,"$2,150.00","$43,000.00",shipped
103581,2026-03-21,Acme Corp,west,Widget Pro,2,"$1,234.50","$2,469.00",Pending
103582,22/03/2026,Wayne Enterprises,n-y-c,Widget Lite,21,$89.99,"$1,889.79",Shipped
103583,2026-03-23,Hooli,East,Gadget X,19,"$2,150.00","$40,850.00",Pending
103584,2026-03-24,Vehement Capital,West,Gizmo Mini,5,$45.00,$225.00,SHIPPED
103585,2026-03-25,Globex Incorporated,East,Gadget X,12,"$2,150.00","$25,800.00",Pending
103586,26/03/2026,Acme Corp,NYC,Gadget X,2,"$2,150.00","$4,300.00",Shipped
103587,2026-03-27,Stark Industries,west,Widget Lite,26,$89.99,"$2,339.74",Shipped
103588,2026-03-28,Stark Industries,west,Widget Lite,18,$89.99,"$1,619.82",Shipped
103589,2026-04-01,Massive Dynamic,East,Widget Lite,5,$89.99,$449.95,Shipped
103590,2026-04-02,Stark Industries,West,Widget Pro,9,"$1,234.50","$11,110.50",Pending
103591,2026-04-03,Hooli,East,Gadget X,2,"$2,150.00","$4,300.00",Pending
103592,Apr 4 2026,Stark Industries,East,Gizmo Mini,25,$45.00,"$1,125.00",shipped
103593,Apr 5 2026,Stark Industries,n-y-c,Widget Pro,10,"$1,234.50","$12,345.00",Shipped
103594,2026-04-06,Globex Incorporated,NYC,Widget Pro,17,"$1,234.50","$20,986.50",SHIPPED
103595,2026-04-07,Globex Incorporated,west,Widget Pro,6,"$1,234.50","$7,407.00",shipped
103596,2026-04-08,Soylent Co,East,Gadget X,25,"$2,150.00","$53,750.00",pending
103597,2026-04-09,Globex Incorporated,East,Gizmo Mini,12,$45.00,$540.00,pending
103598,2026-04-10,Wayne Enterprises,n-y-c,Widget Lite,24,$89.99,"$2,159.76",Shipped
103599,2026-04-11,Wayne Enterprises,nyc,Gizmo Mini,7,$45.00,$315.00,pending
103600,2026-04-12,Stark Industries,West,Widget Pro,5,"$1,234.50","$6,172.50",shipped
103601,2026-04-13,Umbrella Ltd,East,Widget Lite,22,$89.99,"$1,979.78",pending
103602,2026-04-14,Stark Industries,East,Gizmo Mini,28,$45.00,"$1,260.00",pending
103603,15/04/2026,Wayne Enterprises,New York,Widget Lite,5,$89.99,$449.95,pending
103604,2026-04-16,Stark Industries,West,Gizmo Mini,18,$45.00,$810.00,Pending
103605,2026-04-17,Acme Corp,East,Gadget X,23,"$2,150.00","$49,450.00",pending
103606,2026-04-18,Acme Corp,West,Gadget X,3,"$2,150.00","$6,450.00",shipped
103607,2026-04-19,Acme Corp,West,Gadget X,9,"$2,150.00","$19,350.00",shipped
103608,2026-04-20,Wayne Enterprises,East,Widget Pro,8,"$1,234.50","$9,876.00",Pending
103609,2026-04-21,Hooli,west,Gadget X,4,"$2,150.00","$8,600.00",Pending
103610,2026-04-22,Massive Dynamic,n-y-c,Widget Pro,1,"$1,234.50","$1,234.50",Pending
103611,2026-04-23,Umbrella Ltd,West,Widget Pro,26,"$1,234.50","$32,097.00",SHIPPED
103612,2026-04-24,Acme Corp,nyc,Gadget X,19,"$2,150.00","$40,850.00",pending
103613,25/04/2026,Umbrella Ltd,west,Widget Lite,19,$89.99,"$1,709.81",shipped
103614,2026-04-26,Globex Incorporated,west,Gizmo Mini,2,$45.00,$90.00,pending
103615,2026-04-27,Soylent Co,West,Widget Pro,13,"$1,234.50","$16,048.50",SHIPPED
103616,Apr 28 2026,Hooli,East,Widget Pro,6,"$1,234.50","$7,407.00",SHIPPED
103617,2026-03-01,Initech,west,Gadget X,3,"$2,150.00","$6,450.00",Shipped
103618,2026-03-02,Stark Industries,East,Gadget X,11,"$2,150.00","$23,650.00",Shipped
103619,2026-03-03,Wayne Enterprises,East,Gadget X,7,"$2,150.00","$15,050.00",shipped
103620,2026-03-04,Globex Incorporated,East,Gadget X,22,"$2,150.00","$47,300.00",pending
103621,13/03/2026,Wayne Enterprises,East,Gizmo Mini,30,$45.00,"$1,350.00",Pending
103622,Mar 6 2026,Hooli,West,Widget Lite,15,$89.99,"$1,349.85",SHIPPED
103623,13/03/2026,Umbrella Ltd,West,Gadget X,3,"$2,150.00","$6,450.00",Pending
103624,2026-03-08,Acme Corp,East,Widget Lite,26,$89.99,"$2,339.74",pending
103625,2026-03-09,Umbrella Ltd,East,Gadget X,14,"$2,150.00","$30,100.00",Pending
103626,Mar 10 2026,Wayne Enterprises,East,Gizmo Mini,12,$45.00,$540.00,pending
103627,2026-03-11,Vehement Capital,west,Gadget X,28,"$2,150.00","$60,200.00",Pending
103628,2026-03-12,Vehement Capital,East,Gadget X,9,"$2,150.00","$19,350.00",Shipped
103629,13/03/2026,Vehement Capital,West,Widget Lite,29,$89.99,"$2,609.71",SHIPPED
103630,2026-03-14,Globex Incorporated,East,Widget Lite,29,$89.99,"$2,609.71",Pending
103631,2026-03-15,Massive Dynamic,New York,Gadget X,19,"$2,150.00","$40,850.00",SHIPPED
103632,16/03/2026,Initech,NYC,Widget Pro,19,"$1,234.50","$23,455.50",Pending
103633,Mar 17 2026,Massive Dynamic,New York,Widget Pro,28,"$1,234.50","$34,566.00",Pending
103634,Mar 18 2026,Stark Industries,East,Gizmo Mini,26,$45.00,"$1,170.00",Shipped
103635,2026-03-19,Globex Incorporated,NYC,Gadget X,8,"$2,150.00","$17,200.00",SHIPPED
103636,2026-03-20,Initech,west,Gadget X,23,"$2,150.00","$49,450.00",pending
103637,2026-03-21,Wayne Enterprises,East,Widget Pro,25,"$1,234.50","$30,862.50",SHIPPED
103638,2026-03-22,Wayne Enterprises,East,Widget Lite,7,$89.99,$629.93,Shipped
103639,2026-03-23,Globex Incorporated,East,Widget Pro,3,"$1,234.50","$3,703.50",SHIPPED
103640,24/03/2026,Stark Industries,nyc,Gadget X,4,"$2,150.00","$8,600.00",Pending
103641,2026-03-25,Wayne Enterprises,East,Widget Pro,18,"$1,234.50","$22,221.00",shipped
103642,26/03/2026,Massive Dynamic,West,Gadget X,17,"$2,150.00","$36,550.00",Shipped
103643,2026-03-27,Acme Corp,New York,Gadget X,14,"$2,150.00","$30,100.00",Pending
103644,2026-03-28,Wayne Enterprises,nyc,Widget Lite,4,$89.99,$359.96,pending
103645,2026-04-01,Stark Industries,nyc,Widget Lite,6,$89.99,$539.94,Pending
103646,13/04/2026,Acme Corp,west,Widget Pro,11,"$1,234.50","$13,579.50",shipped
103647,2026-04-03,Globex Incorporated,n-y-c,Gizmo Mini,7,$45.00,$315.00,shipped
103648,Apr 4 2026,Soylent Co,nyc,Gizmo Mini,8,$45.00,$360.00,Pending
103649,2026-04-05,Vehement Capital,west,Gizmo Mini,25,$45.00,"$1,125.00",SHIPPED
103650,13/04/2026,Stark Industries,West,Widget Pro,6,"$1,234.50","$7,407.00",pending
103651,2026-04-07,Wayne Enterprises,East,Widget Lite,30,$89.99,"$2,699.70",pending
103652,13/04/2026,Vehement Capital,West,Gadget X,10,"$2,150.00","$21,500.00",Pending
103653,2026-04-09,Hooli,East,Widget Lite,20,$89.99,"$1,799.80",pending
103654,2026-04-10,Soylent Co,East,Gizmo Mini,3,$45.00,$135.00,pending
103655,Apr 11 2026,Vehement Capital,West,Widget Pro,9,"$1,234.50","$11,110.50",Shipped
103656,2026-04-12,Globex Incorporated,East,Gadget X,13,"$2,150.00","$27,950.00",SHIPPED
103657,13/04/2026,Massive Dynamic,East,Gizmo Mini,10,$45.00,$450.00,pending
103658,2026-04-14,Globex Incorporated,west,Gizmo Mini,6,$45.00,$270.00,shipped
103659,2026-04-15,Initech,East,Widget Lite,17,$89.99,"$1,529.83",SHIPPED
103660,2026-04-16,Globex Incorporated,East,Gadget X,5,"$2,150.00","$10,750.00",SHIPPED
103661,2026-04-17,Vehement Capital,nyc,Widget Pro,25,"$1,234.50","$30,862.50",Pending
103662,2026-04-18,Acme Corp,East,Widget Pro,27,"$1,234.50","$33,331.50",pending
103663,2026-04-19,Wayne Enterprises,East,Gadget X,25,"$2,150.00","$53,750.00",pending
103664,2026-04-20,Stark Industries,East,Gizmo Mini,19,$45.00,$855.00,pending
103665,2026-04-21,Globex Incorporated,West,Widget Pro,18,"$1,234.50","$22,221.00",Pending
103666,2026-04-22,Wayne Enterprises,East,Gadget X,5,"$2,150.00","$10,750.00",Shipped
103667,23/04/2026,Acme Corp,n-y-c,Widget Pro,10,"$1,234.50","$12,345.00",pending
103668,2026-04-24,Soylent Co,East,Widget Lite,24,$89.99,"$2,159.76",Pending
103669,2026-04-25,Acme Corp,East,Gizmo Mini,30,$45.00,"$1,350.00",SHIPPED
103670,2026-04-26,Vehement Capital,East,Gadget X,1,"$2,150.00","$2,150.00",Pending
103671,2026-04-27,Initech,New York,Widget Pro,22,"$1,234.50","$27,159.00",pending
103672,2026-04-28,Wayne Enterprises,East,Gizmo Mini,9,$45.00,$405.00,pending
103673,13/03/2026,Vehement Capital,NYC,Widget Pro,5,"$1,234.50","$6,172.50",shipped
103674,2026-03-02,Acme Corp,west,Gadget X,4,"$2,150.00","$8,600.00",shipped
103675,2026-03-03,Acme Corp,NYC,Widget Lite,30,$89.99,"$2,699.70",Shipped
103676,2026-03-04,Globex Incorporated,NYC,Widget Lite,10,$89.99,$899.90,Shipped
103677,2026-03-05,Massive Dynamic,n-y-c,Widget Lite,10,$89.99,$899.90,shipped
103678,2026-03-06,Initech,NYC,Widget Lite,10,$89.99,$899.90,Pending
103679,2026-03-07,Acme Corp,west,Gadget X,19,"$2,150.00","$40,850.00",shipped
103680,13/03/2026,Hooli,East,Gizmo Mini,23,$45.00,"$1,035.00",Pending
103681,13/03/2026,Stark Industries,west,Widget Pro,6,"$1,234.50","$7,407.00",Pending
103682,Mar 10 2026,Soylent Co,East,Gadget X,28,"$2,150.00","$60,200.00",Shipped
103683,13/03/2026,Wayne Enterprises,New York,Gadget X,17,"$2,150.00","$36,550.00",pending
103684,2026-03-12,Umbrella Ltd,West,Widget Pro,10,"$1,234.50","$12,345.00",SHIPPED
103685,Mar 13 2026,Massive Dynamic,New York,Gadget X,2,"$2,150.00","$4,300.00",Pending
103686,2026-03-14,Initech,West,Gizmo Mini,20,$45.00,$900.00,Pending
103687,15/03/2026,Wayne Enterprises,nyc,Gadget X,29,"$2,150.00","$62,350.00",shipped
103688,16/03/2026,Soylent Co,East,Widget Pro,24,"$1,234.50","$29,628.00",Pending
103689,2026-03-17,Soylent Co,west,Widget Lite,30,$89.99,"$2,699.70",shipped
103690,2026-03-18,Massive Dynamic,west,Gadget X,24,"$2,150.00","$51,600.00",pending
103690,2026-03-18, Massive Dynamic ,WEST,Gadget X,24,"$2,150.00","$51,600.00",pending
103691,2026-03-20,Massive Dynamic,East,Widget Lite,29,$89.99,"$2,609.71",Shipped
103692,2026-03-21,Hooli,nyc,Gizmo Mini,27,$45.00,"$1,215.00",Pending
103693,22/03/2026,Massive Dynamic,n-y-c,Widget Pro,29,"$1,234.50","$35,800.50",Shipped
103694,Mar 23 2026,Globex Incorporated,East,Widget Lite,13,$89.99,"$1,169.87",pending
103695,24/03/2026,Wayne Enterprises,West,Gizmo Mini,11,$45.00,$495.00,shipped
103696,Mar 25 2026,Globex Incorporated,West,Gizmo Mini,26,$45.00,"$1,170.00",Pending
103697,2026-03-26,Stark Industries,West,Gizmo Mini,6,$45.00,$270.00,Shipped
103698,27/03/2026,Globex Incorporated,East,Widget Pro,12,"$1,234.50","$14,814.00",Shipped
103699,2026-03-28,Soylent Co,West,Widget Pro,1,"$1,234.50","$1,234.50",Pending
103700,2026-04-01,Wayne Enterprises,west,Widget Pro,25,"$1,234.50","$30,862.50",shipped
103701,2026-04-02,Globex Incorporated,west,Widget Lite,7,$89.99,$629.93,SHIPPED
103702,13/04/2026,Wayne Enterprises,West,Widget Lite,21,$89.99,"$1,889.79",shipped
103703,2026-04-04,Stark Industries,West,Gizmo Mini,22,$45.00,$990.00,SHIPPED
103704,2026-04-05,Initech,west,Gizmo Mini,18,$45.00,$810.00,Shipped
103705,Apr 6 2026,Soylent Co,west,Widget Lite,21,$89.99,"$1,889.79",Shipped
103706,Apr 7 2026,Umbrella Ltd,west,Gadget X,18,"$2,150.00","$38,700.00",pending
103707,Apr 8 2026,Stark Industries,nyc,Gizmo Mini,8,$45.00,$360.00,Shipped
103708,13/04/2026,Hooli,n-y-c,Gizmo Mini,21,$45.00,$945.00,pending
103709,Apr 10 2026,Stark Industries,West,Widget Lite,26,$89.99,"$2,339.74",shipped
103710,2026-04-11,Hooli,East,Gizmo Mini,19,$45.00,$855.00,Pending
103711,Apr 12 2026,Wayne Enterprises,East,Widget Pro,5,"$1,234.50","$6,172.50",pending
103712,Apr 13 2026,Massive Dynamic,NYC,Widget Lite,8,$89.99,$719.92,pending
103713,2026-04-14,Globex Incorporated,west,Gadget X,19,"$2,150.00","$40,850.00",shipped
103714,2026-04-15,Initech,nyc,Widget Lite,-10,$89.99,-$899.90,cancelled
103715,2026-04-16,Globex Incorporated,East,Gadget X,28,"$2,150.00","$60,200.00",SHIPPED
103716,2026-04-17,Globex Incorporated,West,Widget Lite,4,$89.99,$359.96,SHIPPED
103717,2026-04-18,Initech,East,Widget Lite,22,$89.99,"$1,979.78",pending
103718,2026-04-19,Initech,East,Widget Lite,19,$89.99,"$1,709.81",Shipped
103719,2026-04-20,Stark Industries,East,Widget Lite,7,$89.99,$629.93,SHIPPED
103720,21/04/2026,Hooli,West,Widget Lite,3,$89.99,$269.97,shipped
103721,2026-04-22,Wayne Enterprises,West,Gadget X,20,"$2,150.00","$43,000.00",pending
103722,2026-04-23,Soylent Co,West,Widget Pro,23,"$1,234.50","$28,393.50",SHIPPED
103723,2026-04-24,Vehement Capital,East,Widget Lite,26,$89.99,"$2,339.74",Shipped
103724,2026-04-25,Vehement Capital,East,Gadget X,20,"$2,150.00","$43,000.00",pending
103725,2026-04-26,Umbrella Ltd,nyc,Gizmo Mini,28,$45.00,"$1,260.00",Pending
103726,2026-04-27,Stark Industries,East,Gadget X,-28,"$2,150.00","-$60,200.00",cancelled
103727,2026-04-28,Soylent Co,East,Gadget X,23,"$2,150.00","$49,450.00",pending
103728,2026-03-01,Soylent Co,west,Gadget X,26,"$2,150.00","$55,900.00",pending
103729,2026-03-02,Globex Incorporated,East,Gizmo Mini,24,$45.00,"$1,080.00",SHIPPED
103730,2026-03-03,Wayne Enterprises,NYC,Gizmo Mini,27,$45.00,"$1,215.00",pending
103731,13/03/2026,Vehement Capital,n-y-c,Widget Pro,21,"$1,234.50","$25,924.50",pending
103732,13/03/2026,Massive Dynamic,East,Gizmo Mini,3,$45.00,$135.00,shipped
103733,13/03/2026,Hooli,East,Gizmo Mini,12,$45.00,$540.00,pending
103734,2026-03-07,Wayne Enterprises,west,Widget Pro,6,"$1,234.50","$7,407.00",Shipped
103735,2026-03-08,Initech,NYC,Gizmo Mini,25,$45.00,"$1,125.00",pending
103736,2026-03-09,Massive Dynamic,East,Widget Lite,2,$89.99,$179.98,SHIPPED
103737,2026-03-10,Wayne Enterprises,west,Widget Pro,5,"$1,234.50","$6,172.50",shipped
103738,Mar 11 2026,Soylent Co,East,Widget Lite,30,$89.99,"$2,699.70",Shipped
103739,2026-03-12,Vehement Capital,west,Widget Pro,5,"$1,234.50","$6,172.50",Pending
103740,2026-03-13,Umbrella Ltd,nyc,Widget Pro,14,"1,234.50 USD","$17,283.00",SHIPPED
103741,2026-03-14,Soylent Co,East,Widget Pro,8,"$1,234.50","$9,876.00",pending
103742,2026-03-15,Initech,New York,Gadget X,18,"$2,150.00","$38,700.00",shipped
103743,2026-03-16,Stark Industries,West,Widget Pro,14,"$1,234.50","$17,283.00",Shipped
103744,17/03/2026,Soylent Co,west,Gizmo Mini,18,$45.00,$810.00,shipped
103745,2026-03-18,Massive Dynamic,East,Widget Lite,21,$89.99,"$1,889.79",pending
103746,19/03/2026,Globex Incorporated,East,Widget Pro,16,"$1,234.50","$19,752.00",Pending
103747,2026-03-20,Initech,West,Gizmo Mini,23,$45.00,"$1,035.00",pending
103748,2026-03-21,Massive Dynamic,New York,Gadget X,29,"$2,150.00","$62,350.00",pending
103749,2026-03-22,Hooli,West,Widget Pro,12,"$1,234.50","$14,814.00",Pending
103750,23/03/2026,Hooli,East,Widget Lite,27,$89.99,"$2,429.73",Pending
103751,2026-03-24,Umbrella Ltd,n-y-c,Gadget X,2,"$2,150.00","$4,300.00",Shipped
103752,2026-03-25,Globex Incorporated,East,Widget Lite,7,$89.99,$629.93,Pending
103753,2026-03-26,Stark Industries,New York,Gizmo Mini,25,$45.00,"$1,125.00",Pending
103754,Mar 27 2026,Umbrella Ltd,East,Widget Lite,15,$89.99,"$1,349.85",Pending
103755,28/03/2026,Massive Dynamic,East,Widget Lite,5,$89.99,$449.95,pending
103756,2026-04-01,Globex Incorporated,New York,Gizmo Mini,16,$45.00,$720.00,Shipped
103757,2026-04-02,Globex Incorporated,NYC,Gadget X,24,"$2,150.00","$51,600.00",pending
103758,2026-04-03,Hooli,NYC,Gizmo Mini,16,$45.00,$720.00,shipped
103759,2026-04-04,Initech,New York,Gizmo Mini,28,$45.00,"$1,260.00",pending
103760,2026-04-05,Massive Dynamic,NYC,Gadget X,6,"$2,150.00","$12,900.00",pending
103761,2026-04-06,Umbrella Ltd,East,Widget Pro,29,"$1,234.50","$35,800.50",Pending
103762,13/04/2026,Soylent Co,East,Widget Lite,9,$89.99,$809.91,SHIPPED
103763,13/04/2026,Hooli,west,Gadget X,13,"$2,150.00","$27,950.00",shipped
103764,13/04/2026,Umbrella Ltd,west,Widget Lite,4,$89.99,$359.96,Shipped
103765,2026-04-10,Vehement Capital,nyc,Widget Lite,26,$89.99,"$2,339.74",Pending
103766,2026-04-11,Initech,East,Gizmo Mini,25,$45.00,"$1,125.00",Pending
103767,2026-04-12,Hooli,East,Widget Pro,21,"$1,234.50","$25,924.50",pending
103768,13/04/2026,Stark Industries,west,Gizmo Mini,7,$45.00,$315.00,pending
103769,14/04/2026,Acme Corp,East,Gadget X,4,"$2,150.00","$8,600.00",pending
103770,2026-04-15,Vehement Capital,NYC,Gizmo Mini,3,$45.00,$135.00,SHIPPED
103771,16/04/2026,Globex Incorporated,East,Gadget X,8,"$2,150.00","$17,200.00",pending
103772,2026-04-17,Acme Corp,East,Widget Lite,10,$89.99,$899.90,Pending
103773,2026-04-18,Globex Incorporated,west,Gadget X,9,"$2,150.00","$19,350.00",Pending
103774,2026-04-19,Stark Industries,East,Gadget X,20,"$2,150.00","$43,000.00",SHIPPED
103775,2026-04-20,Wayne Enterprises,west,Gizmo Mini,16,$45.00,$720.00,shipped
103776,2026-04-21,Globex Incorporated,New York,Gadget X,11,"$2,150.00","$24,080.00",Pending
103777,2026-04-22,Initech,west,Gadget X,12,"$2,150.00","$25,800.00",Pending
103778,2026-04-23,Massive Dynamic,n-y-c,Widget Pro,21,"$1,234.50","$25,924.50",Pending
103779,2026-04-24,Wayne Enterprises,West,Gizmo Mini,16,$45.00,$720.00,shipped
103780,2026-04-25,Soylent Co,NYC,Widget Pro,6,"$1,234.50","$7,407.00",Pending
103781,26/04/2026,Globex Incorporated,East,Widget Pro,21,"$1,234.50","$25,924.50",shipped
103782,2026-04-27,Initech,nyc,Gizmo Mini,2,$45.00,$90.00,pending
103783,2026-04-28,Hooli,NYC,Gizmo Mini,8,$45.00,$360.00,shipped
103784,13/03/2026,Initech,East,Gadget X,6,"$2,150.00","$12,900.00",Shipped
103785,2026-03-02,Initech,New York,Gadget X,1,"$2,150.00","$2,150.00",Shipped
103786,2026-03-03,Wayne Enterprises,n-y-c,Widget Pro,25,"$1,234.50","$30,862.50",SHIPPED
103787,2026-03-04,Massive Dynamic,West,Widget Lite,3,$89.99,$269.97,SHIPPED
103788,2026-03-05,Globex Incorporated,west,Widget Pro,4,"$1,234.50","$4,938.00",SHIPPED
103789,13/03/2026,Wayne Enterprises,NYC,Widget Pro,20,"$1,234.50","$24,690.00",SHIPPED
103790,13/03/2026,Vehement Capital,nyc,Widget Lite,1,$89.99,$89.99,Pending
103791,13/03/2026,Massive Dynamic,NYC,Gizmo Mini,11,$45.00,$495.00,Pending
103792,2026-03-09,Soylent Co,New York,Widget Pro,7,"$1,234.50","$8,641.50",SHIPPED
103793,2026-03-10,Massive Dynamic,west,Widget Pro,24,"$1,234.50","$29,628.00",Pending
103794,2026-03-11,Massive Dynamic,East,Gizmo Mini,24,$45.00,"$1,080.00",shipped
103795,2026-03-12,Stark Industries,New York,Gadget X,30,"$2,150.00","$64,500.00",SHIPPED
103796,2026-03-13,Hooli,west,Gadget X,22,"$2,150.00","$47,300.00",shipped
103797,2026-03-14,Globex Incorporated,East,Gadget X,5,"$2,150.00","$10,750.00",pending
103798,15/03/2026,Hooli,n-y-c,Gizmo Mini,19,$45.00,$855.00,Pending
103799,Mar 16 2026,Soylent Co,nyc,Widget Pro,12,"$1,234.50","$14,814.00",pending
103800,2026-03-17,Stark Industries,n-y-c,Widget Lite,17,$89.99,"$1,529.83",pending
103801,2026-03-18,Wayne Enterprises,New York,Gizmo Mini,5,$45.00,$225.00,Pending
103802,2026-03-19,Wayne Enterprises,west,Widget Lite,19,$89.99,"$1,709.81",SHIPPED
103803,2026-03-20,Soylent Co,New York,Widget Lite,4,$89.99,$359.96,SHIPPED
103804,2026-03-21,Initech,East,Widget Pro,7,"$1,234.50","$8,641.50",Pending
103805,2026-03-22,Initech,East,Gizmo Mini,9,$45.00,$405.00,pending
103806,2026-03-23,Vehement Capital,nyc,Gadget X,23,"$2,150.00","$49,450.00",SHIPPED
103807,2026-03-24,Initech,West,Widget Lite,27,$89.99,"$2,429.73",Pending
103808,25/03/2026,Vehement Capital,New York,Gadget X,20,"$2,150.00","$43,000.00",Pending
103809,2026-03-26,Stark Industries,East,Gadget X,3,"$2,150.00","$6,450.00",Pending
103809,2026-03-26,Stark Industries,East,Gadget X,3,"$2,150.00","$6,450.00",Pending
103810,2026-03-28,Soylent Co,New York,Gadget X,7,"$2,150.00","$15,050.00",Pending
103811,13/04/2026,Hooli,West,Widget Pro,27,"$1,234.50","$33,331.50",pending
103812,2026-04-02,Stark Industries,West,Gadget X,17,"$2,150.00","$36,550.00",pending
103813,2026-04-03,Initech,n-y-c,Gadget X,12,"$2,150.00","$25,800.00",Shipped
103814,2026-04-04,Acme Corp,East,Widget Pro,3,"$1,234.50","$3,703.50",Pending
103815,2026-04-05,Vehement Capital,East,Widget Lite,14,$89.99,"$1,259.86",Pending
103816,Apr 6 2026,Hooli,East,Widget Lite,4,$89.99,$359.96,SHIPPED
103817,2026-04-07,Hooli,West,Widget Lite,8,$89.99,$719.92,SHIPPED
103818,2026-04-08,Globex Incorporated,west,Widget Pro,8,"$1,234.50","$9,876.00",shipped
103819,13/04/2026,Vehement Capital,West,Gadget X,16,"$2,150.00","$34,400.00",shipped
103820,13/04/2026,Hooli,West,Gizmo Mini,14,$45.00,$630.00,Pending
103821,2026-04-11,Umbrella Ltd,East,Gadget X,27,"$2,150.00","$58,050.00",shipped
103822,13/04/2026,Wayne Enterprises,nyc,Widget Lite,3,$89.99,$269.97,pending
103823,Apr 13 2026,Globex Incorporated,East,Widget Lite,14,$89.99,"$1,259.86",Pending
103824,2026-04-14,Stark Industries,East,Gadget X,8,"$2,150.00","$17,200.00",SHIPPED
103824,2026-04-14, Stark Industries ,EAST,Gadget X,8,"$2,150.00","$17,200.00",SHIPPED
103825,2026-04-16,Wayne Enterprises,nyc,Widget Lite,30,$89.99,"$2,699.70",shipped
103826,2026-04-17,Wayne Enterprises,East,Widget Lite,11,$89.99,$989.89,pending
103827,2026-04-18,Vehement Capital,west,Gadget X,21,"$2,150.00","$45,150.00",pending
103828,2026-04-19,Initech,East,Widget Pro,11,"$1,234.50","$13,579.50",pending
103829,2026-04-20,Soylent Co,West,Widget Lite,19,$89.99,"$1,709.81",pending
103830,2026-04-21,Acme Corp,n-y-c,Widget Pro,8,"$1,234.50","$9,876.00",SHIPPED
103831,22/04/2026,Globex Incorporated,nyc,Widget Lite,19,$89.99,"$1,909.81",pending
103832,23/04/2026,Initech,East,Gadget X,1,"$2,150.00","$2,150.00",Shipped
103833,24/04/2026,Initech,n-y-c,Gizmo Mini,2,$45.00,$90.00,pending
103834,25/04/2026,Umbrella Ltd,west,Gadget X,2,"$2,150.00","$4,300.00",SHIPPED
103835,2026-04-26,Soylent Co,East,Widget Pro,14,"$1,234.50","$17,283.00",pending
103836,27/04/2026,Vehement Capital,East,Gizmo Mini,20,$45.00,$900.00,pending
103837,28/04/2026,Vehement Capital,New York,Gadget X,11,"$2,150.00","$23,650.00",pending
103838,Mar 1 2026,Globex Incorporated,west,Gadget X,28,"$2,150.00","$60,200.00",Pending
103839,2026-03-02,Initech,n-y-c,Gizmo Mini,28,$45.00,"$1,260.00",SHIPPED
103840,2026-03-03,Hooli,west,Widget Pro,22,"$1,234.50","$27,159.00",Shipped
103841,2026-03-04,Umbrella Ltd,East,Gadget X,26,"$2,150.00","$55,900.00",Shipped
103842,13/03/2026,Wayne Enterprises,New York,Gadget X,14,"$2,150.00","$30,100.00",Shipped
103843,2026-03-06,Wayne Enterprises,West,Gadget X,9,"$2,150.00","$19,350.00",pending
103844,13/03/2026,Vehement Capital,NYC,Widget Lite,21,$89.99,"$1,889.79",Pending
103845,2026-03-08,Globex Incorporated,West,Widget Pro,5,"$1,234.50","$6,172.50",Shipped
103846,Mar 9 2026,Globex Incorporated,west,Widget Pro,15,"$1,234.50","$18,517.50",pending
103847,Mar 10 2026,Soylent Co,East,Widget Lite,3,$89.99,$269.97,SHIPPED
103848,Mar 11 2026,Umbrella Ltd,East,Widget Pro,22,"$1,234.50","$27,589.00",pending
103849,2026-03-12,Soylent Co,NYC,Widget Lite,15,$89.99,"$1,349.85",Pending
103850,2026-03-13,Initech,NYC,Gadget X,28,"$2,150.00","$60,200.00",Shipped
103851,2026-03-14,Initech,West,Gizmo Mini,22,$45.00,$990.00,Pending
103852,2026-03-15,Soylent Co,New York,Widget Lite,28,$89.99,"$2,519.72",Pending
103853,16/03/2026,Soylent Co,East,Widget Pro,20,"$1,234.50","$24,690.00",pending
103854,2026-03-17,Massive Dynamic,West,Widget Pro,17,"$1,234.50","$20,986.50",Shipped
103855,18/03/2026,Wayne Enterprises,n-y-c,Widget Pro,23,"$1,234.50","$28,393.50",SHIPPED
103856,Mar 19 2026,Globex Incorporated,New York,Gizmo Mini,17,$45.00,$765.00,Shipped
103857,20/03/2026,Acme Corp,West,Gadget X,30,"$2,150.00","$64,500.00",shipped
103858,2026-03-21,Umbrella Ltd,West,Gizmo Mini,25,$45.00,"$1,125.00",Shipped
103859,2026-03-22,Umbrella Ltd,West,Gadget X,25,"$2,150.00","$53,750.00",shipped
103860,2026-03-23,Stark Industries,New York,Gadget X,10,"$2,150.00","$21,500.00",Pending
103861,Mar 24 2026,Hooli,n-y-c,Gadget X,4,"$2,150.00","$8,600.00",Shipped
103862,2026-03-25,Initech,n-y-c,Gadget X,2,"$2,150.00","$4,300.00",pending
103863,2026-03-26,Soylent Co,West,Gadget X,2,"$2,150.00","$4,300.00",Pending
103864,2026-03-27,Globex Incorporated,East,Gizmo Mini,22,$45.00,$990.00,Pending
103865,28/03/2026,Hooli,west,Gizmo Mini,25,$45.00,"$1,125.00",Pending
103866,2026-04-01,Wayne Enterprises,West,Widget Pro,5,"$1,234.50","$6,172.50",pending
103867,13/04/2026,Umbrella Ltd,East,Gadget X,25,"$2,150.00","$53,750.00",pending
103868,2026-04-03,,west,Gadget X,6,"$2,150.00","$12,900.00",SHIPPED
103869,13/04/2026,Umbrella Ltd,New York,Widget Lite,14,$89.99,"$1,259.86",shipped
103870,2026-04-05,Hooli,n-y-c,Gadget X,15,"$2,150.00","$32,250.00",Shipped
103871,2026-04-06,Massive Dynamic,NYC,Gizmo Mini,20,$45.00,$900.00,SHIPPED
103872,Apr 7 2026,Soylent Co,East,Widget Pro,28,"$1,234.50","$34,566.00",pending
103873,2026-04-08,Soylent Co,n-y-c,Widget Lite,18,$89.99,"$1,619.82",Shipped
103874,13/04/2026,Massive Dynamic,west,Widget Pro,12,"$1,234.50","$14,814.00",Shipped
103875,13/04/2026,Acme Corp,NYC,Widget Pro,26,"$1,234.50","$32,097.00",Shipped
103876,2026-04-11,Globex Incorporated,West,Widget Lite,26,$89.99,"$2,339.74",pending
103877,13/04/2026,Hooli,East,Widget Pro,28,"$1,234.50","$34,566.00",SHIPPED
103878,2026-04-13,Soylent Co,NYC,Gadget X,20,"$2,150.00","$43,000.00",Pending
103879,2026-04-14,Acme Corp,NYC,Gizmo Mini,20,$45.00,$900.00,pending
103880,15/04/2026,Stark Industries,NYC,Gizmo Mini,25,$45.00,"$1,125.00",pending
103881,2026-04-16,Umbrella Ltd,East,Gadget X,1,"$2,150.00","$2,150.00",SHIPPED
103882,2026-04-17,Acme Corp,East,Gadget X,13,"$2,150.00","$27,950.00",pending
103883,2026-04-18,Wayne Enterprises,West,Widget Lite,20,$89.99,"$1,799.80",SHIPPED
103884,19/04/2026,Vehement Capital,East,Widget Pro,22,"$1,234.50","$27,159.00",pending
103885,2026-04-20,Globex Incorporated,East,Gadget X,2,"$2,150.00","$4,300.00",Pending
103886,2026-04-21,Acme Corp,East,Widget Lite,18,$89.99,"$1,619.82",Shipped
103887,2026-04-22,Stark Industries,nyc,Widget Lite,8,$89.99,$719.92,Shipped
103888,23/04/2026,Soylent Co,west,Gadget X,8,"$2,150.00","$17,200.00",Pending
103889,Apr 24 2026,Massive Dynamic,NYC,Widget Pro,15,"$1,234.50","$18,517.50",Pending
103890,Apr 25 2026,Hooli,west,Gizmo Mini,9,$45.00,$405.00,Shipped
103891,Apr 26 2026,Vehement Capital,west,Widget Lite,24,$89.99,"$2,159.76",Shipped
103892,2026-04-27,Acme Corp,n-y-c,Gadget X,1,"$2,150.00","$2,150.00",Shipped
103893,2026-04-28,Hooli,West,Widget Lite,17,$89.99,"$1,529.83",shipped
103894,2026-03-01,Massive Dynamic,West,Gizmo Mini,1,$45.00,$45.00,pending
103895,2026-03-02,Massive Dynamic,West,Gizmo Mini,19,$45.00,$855.00,Shipped
103896,2026-03-03,Umbrella Ltd,n-y-c,Widget Lite,9,$89.99,$809.91,Shipped
103897,13/03/2026,Umbrella Ltd,NYC,Widget Lite,1,$89.99,$89.99,Pending
103898,2026-03-05,Hooli,west,Widget Pro,5,"$1,234.50","$6,172.50",SHIPPED
103899,2026-03-06,Umbrella Ltd,New York,Widget Lite,11,$89.99,$989.89,pending
103900,13/03/2026,Initech,East,Widget Pro,18,"$1,234.50","$22,221.00",SHIPPED
103901,Mar 8 2026,Initech,East,Gadget X,10,"$2,150.00","$21,500.00",SHIPPED
103902,2026-03-09,Massive Dynamic,nyc,Gizmo Mini,23,$45.00,"$1,035.00",pending
103903,2026-03-10,Wayne Enterprises,NYC,Widget Pro,15,"$1,234.50","$18,517.50",pending
103904,2026-03-11,Umbrella Ltd,west,Gadget X,-4,"$2,150.00","-$8,600.00",cancelled
103905,2026-03-12,Wayne Enterprises,west,Widget Lite,1,$89.99,$89.99,pending
103906,Mar 13 2026,Umbrella Ltd,NYC,Widget Lite,4,$89.99,$359.96,SHIPPED
103907,14/03/2026,Soylent Co,west,Gadget X,21,"$2,150.00","$45,150.00",shipped
103908,2026-03-15,Massive Dynamic,west,Gadget X,13,"$2,150.00","$27,950.00",pending
103909,2026-03-16,Umbrella Ltd,west,Gadget X,13,"$2,150.00","$27,950.00",Shipped
103910,2026-03-17,Soylent Co,West,Widget Pro,17,"$1,234.50","$20,986.50",Shipped
103911,2026-03-18,Wayne Enterprises,nyc,Widget Pro,5,"$1,234.50","$6,172.50",shipped
103912,2026-03-19,Initech,New York,Gizmo Mini,26,$45.00,"$1,170.00",Pending
103913,20/03/2026,Hooli,East,Widget Pro,5,"$1,234.50","$6,172.50",shipped
103914,2026-03-21,Soylent Co,New York,Widget Pro,30,"$1,234.50","$37,035.00",pending
103915,2026-03-22,Stark Industries,west,Widget Lite,6,$89.99,$539.94,Pending
103916,2026-03-23,Acme Corp,west,Widget Lite,3,$89.99,$269.97,shipped
103917,2026-03-24,Stark Industries,East,Widget Pro,17,"$1,234.50","$20,986.50",SHIPPED
103918,2026-03-25,Hooli,west,Gizmo Mini,7,$45.00,$315.00,pending
103919,2026-03-26,Soylent Co,west,Widget Pro,6,"$1,234.50","$7,407.00",Shipped
103920,2026-03-27,Initech,West,Gadget X,27,"$2,150.00","$58,050.00",SHIPPED
103921,Mar 28 2026,Wayne Enterprises,nyc,Widget Pro,24,"$1,234.50","$29,628.00",pending
103922,13/04/2026,Massive Dynamic,West,Widget Pro,22,"$1,234.50","$27,159.00",Pending
103923,2026-04-02,Acme Corp,NYC,Widget Pro,18,"$1,234.50","$22,221.00",SHIPPED
103924,13/04/2026,Stark Industries,nyc,Widget Lite,13,$89.99,"$1,169.87",Pending
103925,13/04/2026,Stark Industries,West,Gadget X,21,"$2,150.00","$45,150.00",Pending
103926,2026-04-05,Stark Industries,New York,Widget Lite,9,$89.99,$809.91,SHIPPED
103927,13/04/2026,Soylent Co,East,Gadget X,2,"$2,150.00","$4,300.00",SHIPPED
103928,2026-04-07,Massive Dynamic,n-y-c,Widget Pro,12,"$1,234.50","$14,814.00",Shipped
103928,2026-04-07, Massive Dynamic ,N-Y-C,Widget Pro,12,"$1,234.50","$14,814.00",Shipped
103929,13/04/2026,Vehement Capital,East,Widget Lite,12,$89.99,"$1,079.88",Shipped
103930,2026-04-10,Vehement Capital,New York,Gadget X,7,"$2,150.00","$15,050.00",shipped
103931,2026-04-11,Wayne Enterprises,West,Gadget X,29,"$2,150.00","$62,350.00",pending
103932,2026-04-12,Vehement Capital,East,Gadget X,21,"$2,150.00","$45,150.00",pending
103933,2026-04-13,Hooli,n-y-c,Widget Lite,21,$89.99,"$1,889.79",Pending
103934,14/04/2026,Acme Corp,East,Widget Lite,3,$89.99,$269.97,pending
103935,15/04/2026,Massive Dynamic,East,Widget Lite,29,$89.99,"$2,609.71",shipped
103936,16/04/2026,Umbrella Ltd,East,Gadget X,26,"$2,150.00","$55,900.00",Shipped
103937,17/04/2026,Acme Corp,nyc,Gizmo Mini,11,$45.00,$495.00,Shipped
103938,2026-04-18,Wayne Enterprises,East,Gizmo Mini,26,$45.00,"$1,170.00",Pending
103939,2026-04-19,Initech,New York,Widget Lite,1,$89.99,$89.99,SHIPPED
103940,2026-04-20,Stark Industries,East,Gizmo Mini,3,$45.00,$135.00,Shipped
103941,2026-04-21,Stark Industries,west,Gizmo Mini,3,$45.00,$135.00,pending
103942,2026-04-22,Globex Incorporated,New York,Widget Pro,24,"$1,234.50","$29,628.00",Pending
103943,23/04/2026,Soylent Co,NYC,Widget Pro,4,"$1,234.50","$4,938.00",pending
103944,24/04/2026,Soylent Co,West,Gadget X,12,"$2,150.00","$25,800.00",pending
103945,2026-04-25,Hooli,East,Gadget X,17,"$2,150.00","$36,550.00",SHIPPED
103946,2026-04-26,Vehement Capital,NYC,Gadget X,8,"$2,150.00","$17,200.00",SHIPPED
103947,27/04/2026,Wayne Enterprises,West,Gizmo Mini,20,$45.00,$900.00,pending
103948,Apr 28 2026,Initech,New York,Gizmo Mini,28,$45.00,"$1,260.00",SHIPPED
103949,2026-03-01,Massive Dynamic,East,Gadget X,30,"$2,150.00","$64,500.00",pending
103950,2026-03-02,Wayne Enterprises,nyc,Widget Pro,18,"$1,234.50","$22,221.00",shipped
103951,2026-03-03,Initech,West,Gizmo Mini,29,$45.00,"$1,305.00",shipped
103952,2026-03-04,Umbrella Ltd,East,Widget Lite,25,$89.99,"$2,249.75",Pending
103953,2026-03-05,Hooli,NYC,Gizmo Mini,18,$45.00,$810.00,pending
103954,Mar 6 2026,Initech,West,Gizmo Mini,30,$45.00,"$1,350.00",shipped
103955,13/03/2026,Wayne Enterprises,west,Gizmo Mini,3,$45.00,$135.00,pending
103956,Mar 8 2026,Umbrella Ltd,East,Widget Lite,21,$89.99,"$1,889.79",SHIPPED
103957,2026-03-09,Stark Industries,New York,Gadget X,22,"$2,150.00","$47,300.00",Shipped
103958,Mar 10 2026,Acme Corp,West,Gizmo Mini,23,$45.00,"$1,035.00",SHIPPED
103959,Mar 11 2026,Globex Incorporated,East,Widget Lite,6,$89.99,$539.94,pending
103960,2026-03-12,Initech,West,Gizmo Mini,9,$45.00,$405.00,SHIPPED
103961,13/03/2026,Initech,New York,Widget Lite,6,$89.99,$539.94,pending
103962,2026-03-14,Globex Incorporated,n-y-c,Widget Lite,2,$89.99,$179.98,SHIPPED
103963,2026-03-15,Vehement Capital,New York,Gadget X,6,"$2,150.00","$12,900.00",Shipped
103964,2026-03-16,Globex Incorporated,nyc,Widget Lite,27,$89.99,"$2,429.73",pending
103965,2026-03-17,Acme Corp,n-y-c,Gadget X,23,"$2,150.00","$49,450.00",shipped
103966,2026-03-18,Wayne Enterprises,west,Widget Pro,21,"$1,234.50","$25,924.50",shipped
103967,19/03/2026,Soylent Co,west,Gizmo Mini,5,$45.00,$225.00,Pending
103968,2026-03-20,Stark Industries,west,Gizmo Mini,2,$45.00,$90.00,pending
103969,2026-03-21,Acme Corp,East,Gizmo Mini,24,$45.00,"$1,080.00",pending
103970,Mar 22 2026,Soylent Co,nyc,Gizmo Mini,16,$45.00,$720.00,Shipped
103971,2026-03-23,Massive Dynamic,n-y-c,Widget Pro,14,"$1,234.50","$17,283.00",Pending
103972,2026-03-24,Soylent Co,East,Gadget X,6,"$2,150.00","$12,900.00",pending
103973,2026-03-25,Acme Corp,East,Gizmo Mini,9,$45.00,$405.00,SHIPPED
103974,Mar 26 2026,Wayne Enterprises,NYC,Widget Pro,20,"$1,234.50","$24,690.00",pending
103975,2026-03-27,Umbrella Ltd,West,Widget Pro,27,"$1,234.50","$33,331.50",shipped
103976,2026-03-28,Umbrella Ltd,west,Gizmo Mini,19,$45.00,$855.00,Shipped
103977,13/04/2026,Acme Corp,East,Widget Lite,17,$89.99,"$1,529.83",SHIPPED
103978,2026-04-02,Hooli,west,Widget Pro,7,"$1,234.50","$8,641.50",SHIPPED
103979,2026-04-03,Stark Industries,East,Widget Pro,27,"$1,234.50","$33,331.50",shipped
103980,2026-04-04,Soylent Co,East,Widget Lite,8,$89.99,$719.92,Pending
103981,2026-04-05,Globex Incorporated,west,Gadget X,5,"$2,150.00","$10,750.00",pending
103982,Apr 6 2026,Globex Incorporated,East,Widget Lite,27,$89.99,"$2,429.73",SHIPPED
103983,2026-04-07,Hooli,East,Widget Pro,8,"$1,234.50","$9,876.00",shipped
103984,2026-04-08,Soylent Co,East,Widget Lite,25,$89.99,"$2,249.75",pending
103985,2026-04-09,Stark Industries,East,Widget Lite,28,$89.99,"$2,519.72",shipped
103986,2026-04-10,Globex Incorporated,west,Gadget X,1,"$2,150.00","$2,150.00",shipped
103987,2026-04-11,Umbrella Ltd,west,Gadget X,2,"$2,150.00","$4,300.00",SHIPPED
103988,Apr 12 2026,Wayne Enterprises,East,Gizmo Mini,8,$45.00,$360.00,pending
103989,13/04/2026,Umbrella Ltd,East,Widget Pro,7,"$1,234.50","$8,641.50",Pending
103990,2026-04-14,Massive Dynamic,East,Widget Pro,19,"$1,234.50","$23,455.50",shipped
103991,Apr 15 2026,Stark Industries,East,Widget Pro,9,"$1,234.50","$11,110.50",shipped
103992,Apr 16 2026,Initech,West,Gadget X,9,"$2,150.00","$19,350.00",Shipped
103993,2026-04-17,Soylent Co,west,Widget Lite,21,$89.99,"$1,889.79",Pending
103994,2026-04-18,Vehement Capital,New York,Widget Pro,22,"$1,234.50","$27,159.00",Pending
103995,2026-04-19,Vehement Capital,West,Widget Pro,17,"$1,234.50","$20,986.50",Shipped
103996,2026-04-20,Acme Corp,East,Widget Lite,13,$89.99,"$1,169.87",Shipped
103997,2026-04-21,Hooli,East,Widget Pro,22,"$1,234.50","$27,159.00",Pending
103998,2026-04-22,Acme Corp,west,Widget Lite,23,$89.99,"$2,069.77",shipped
103999,2026-04-23,Globex Incorporated,NYC,Widget Lite,22,$89.99,"$1,979.78",Shipped
104000,2026-04-24,Umbrella Ltd,East,Widget Lite,21,$89.99,"$1,889.79",shipped
104001,2026-04-25,Globex Incorporated,East,Gadget X,10,"$2,150.00","$21,500.00",Pending
104002,Apr 26 2026,Acme Corp,East,Gadget X,27,"$2,150.00","$58,050.00",Pending
104003,2026-04-27,Hooli,n-y-c,Gizmo Mini,2,$45.00,$90.00,Pending
104004,2026-04-28,Umbrella Ltd,West,Widget Lite,6,$89.99,$539.94,pending
104005,2026-03-01,Massive Dynamic,East,Widget Lite,26,$89.99,"$2,339.74",shipped
104006,13/03/2026,Globex Incorporated,East,Gadget X,17,"$2,150.00","$36,550.00",Shipped
104007,Mar 3 2026,Umbrella Ltd,East,Gadget X,29,"$2,150.00","$62,350.00",Pending
104008,13/03/2026,Acme Corp,west,Gadget X,28,"$2,150.00","$60,200.00",SHIPPED
104009,2026-03-05,Stark Industries,East,Widget Pro,2,"$1,234.50","$2,469.00",SHIPPED
104010,13/03/2026,Stark Industries,East,Widget Pro,12,"$1,234.50","$14,814.00",SHIPPED
104011,13/03/2026,Wayne Enterprises,East,Widget Lite,7,$89.99,$629.93,shipped
104012,2026-03-08,Initech,East,Gizmo Mini,16,$45.00,$720.00,pending
104013,2026-03-09,Wayne Enterprises,West,Widget Lite,29,$89.99,"$2,609.71",pending
104014,2026-03-10,Umbrella Ltd,New York,Widget Lite,2,$89.99,$179.98,SHIPPED
104015,2026-03-11,Umbrella Ltd,nyc,Gadget X,14,"$2,150.00","$30,100.00",shipped
104016,13/03/2026,Soylent Co,East,Widget Pro,16,"$1,234.50","$19,752.00",shipped
104017,2026-03-13,Acme Corp,West,Gizmo Mini,19,$45.00,$855.00,Pending
104018,2026-03-14,Massive Dynamic,west,Widget Pro,19,"$1,234.50","$23,455.50",shipped
104019,2026-03-15,Umbrella Ltd,n-y-c,Gizmo Mini,23,$45.00,"$1,035.00",shipped
104020,2026-03-16,Soylent Co,NYC,Widget Lite,30,$89.99,"$2,699.70",pending
104021,17/03/2026,Hooli,n-y-c,Widget Lite,22,$89.99,"$1,979.78",Shipped
104022,18/03/2026,Umbrella Ltd,nyc,Gizmo Mini,7,$45.00,$315.00,Shipped
104023,2026-03-19,Massive Dynamic,n-y-c,Widget Lite,14,$89.99,"$1,259.86",pending
104024,2026-03-20,Massive Dynamic,East,Widget Lite,16,$89.99,"$1,439.84",SHIPPED
104025,2026-03-21,Wayne Enterprises,East,Widget Lite,21,$89.99,"$1,889.79",shipped
104026,2026-03-22,Vehement Capital,nyc,Widget Lite,30,$89.99,"$2,699.70",shipped
104027,23/03/2026,Umbrella Ltd,East,Gadget X,7,"$2,150.00","$15,050.00",Pending
104028,2026-03-24,Massive Dynamic,west,Gadget X,18,"$2,150.00","$38,700.00",SHIPPED
104029,2026-03-25,Umbrella Ltd,East,Gadget X,2,"$2,150.00","$4,300.00",pending
104030,26/03/2026,Acme Corp,West,Gadget X,22,"$2,150.00","$47,300.00",Pending
104031,27/03/2026,Acme Corp,west,Widget Lite,6,$89.99,$539.94,shipped
104032,28/03/2026,Globex Incorporated,west,Widget Pro,4,"$1,234.50","$4,938.00",Shipped
104033,2026-04-01,Initech,NYC,Widget Pro,12,"$1,234.50","$14,814.00",pending
104034,2026-04-02,Hooli,west,Gizmo Mini,8,$45.00,$360.00,Shipped
104035,13/04/2026,Stark Industries,nyc,Gadget X,14,"$2,150.00","$30,100.00",shipped
104036,2026-04-04,Vehement Capital,West,Widget Pro,21,"$1,234.50","$25,924.50",Shipped
104037,2026-04-05,Vehement Capital,New York,Gadget X,24,"$2,150.00","$51,600.00",shipped
104038,2026-04-06,Umbrella Ltd,East,Widget Pro,27,"$1,234.50","$33,331.50",Pending
104039,2026-04-07,Initech,NYC,Gizmo Mini,23,$45.00,"$1,035.00",shipped
104040,2026-04-08,Stark Industries,East,Widget Lite,5,$89.99,$449.95,Shipped
104041,13/04/2026,Hooli,West,Gizmo Mini,30,$45.00,"$1,350.00",SHIPPED
104042,2026-04-10,Hooli,West,Gadget X,28,"$2,150.00","$60,200.00",shipped
104043,2026-04-11,Soylent Co,west,Widget Lite,25,$89.99,"$2,249.75",Pending
104044,2026-04-12,Initech,New York,Gadget X,20,"$2,150.00","$43,000.00",pending
104045,2026-04-13,Stark Industries,East,Widget Pro,1,"$1,234.50","$1,234.50",pending
104046,Apr 14 2026,Stark Industries,nyc,Gizmo Mini,25,$45.00,"$1,125.00",Shipped
104047,2026-04-15,Acme Corp,NYC,Gadget X,24,"$2,150.00","$51,600.00",Pending
104048,2026-04-16,Vehement Capital,West,Gizmo Mini,20,$45.00,$900.00,Shipped
104049,2026-04-17,Hooli,West,Widget Pro,4,"$1,234.50","$4,938.00",Pending
104050,2026-04-18,Acme Corp,west,Widget Lite,13,$89.99,"$1,169.87",pending
104051,2026-04-19,Wayne Enterprises,west,Widget Lite,3,$89.99,$269.97,pending
104052,Apr 20 2026,Initech,west,Gadget X,1,"$2,150.00","$2,150.00",shipped
104053,2026-04-21,Acme Corp,nyc,Gadget X,15,"$2,150.00","$32,250.00",Pending
104054,Apr 22 2026,Acme Corp,nyc,Gadget X,2,"$2,150.00","$4,300.00",Pending
104055,23/04/2026,Massive Dynamic,East,Widget Pro,8,"$1,234.50","$9,876.00",Pending
104056,2026-04-24,Hooli,nyc,Widget Pro,23,"$1,234.50","$28,393.50",SHIPPED
104057,2026-04-25,Soylent Co,New York,Gadget X,29,"$2,150.00","$62,350.00",Pending
104058,2026-04-26,Globex Incorporated,n-y-c,Gadget X,2,"$2,150.00","$4,300.00",SHIPPED
104059,Apr 27 2026,Globex Incorporated,West,Widget Lite,11,$89.99,$989.89,Pending
104060,2026-04-28,Hooli,East,Widget Lite,19,$89.99,"$1,709.81",pending
104061,2026-03-01,Massive Dynamic,NYC,Gizmo Mini,28,$45.00,"$1,260.00",Shipped
104062,2026-03-02,Acme Corp,East,Gadget X,10,"$2,150.00","$21,500.00",pending
104063,2026-03-03,Hooli,East,Gizmo Mini,20,$45.00,$900.00,pending
104064,2026-03-04,Initech,East,Gizmo Mini,20,$45.00,$900.00,pending
104065,Mar 5 2026,Wayne Enterprises,n-y-c,Gizmo Mini,18,$45.00,$810.00,shipped
104066,2026-03-06,Massive Dynamic,west,Widget Pro,27,"$1,234.50","$33,331.50",SHIPPED
104067,2026-03-07,Acme Corp,East,Widget Lite,18,$89.99,"$1,619.82",Pending
104068,2026-03-08,Globex Incorporated,New York,Widget Lite,26,$89.99,"$2,339.74",Pending
104069,2026-03-09,Wayne Enterprises,n-y-c,Gadget X,29,"$2,150.00","$62,350.00",Shipped
104070,2026-03-10,Globex Incorporated,East,Widget Pro,15,"$1,234.50","$18,517.50",pending
104071,2026-03-11,Globex Incorporated,West,Widget Lite,19,$89.99,"$1,709.81",Shipped
104072,2026-03-12,Initech,West,Gadget X,2,"$2,150.00","$4,300.00",Pending
104073,2026-03-13,Acme Corp,New York,Gizmo Mini,9,$45.00,$405.00,Shipped
104074,2026-03-14,Initech,west,Widget Pro,4,"$1,234.50","$4,938.00",Shipped
104075,2026-03-15,Soylent Co,West,Widget Lite,14,$89.99,"$1,259.86",Shipped
104076,2026-03-16,Umbrella Ltd,East,Widget Lite,6,$89.99,$539.94,SHIPPED
104077,2026-03-17,Vehement Capital,West,Gizmo Mini,1,$45.00,$45.00,pending
104078,2026-03-18,,New York,Gadget X,18,"$2,150.00","$38,700.00",SHIPPED
104079,2026-03-19,Umbrella Ltd,East,Widget Lite,4,$89.99,$359.96,Pending
104080,2026-03-20,Vehement Capital,nyc,Widget Lite,26,$89.99,"$2,339.74",Pending
104081,2026-03-21,Globex Incorporated,New York,Widget Lite,11,$89.99,$989.89,SHIPPED
104082,2026-03-22,Initech,East,Widget Pro,24,"$1,234.50","$29,628.00",Pending
104083,2026-03-23,Globex Incorporated,NYC,Gadget X,17,"$2,150.00","$36,550.00",Pending
104084,2026-03-24,Umbrella Ltd,New York,Gizmo Mini,30,$45.00,"$1,350.00",Shipped
104084,2026-03-24,Umbrella Ltd,New York,Gizmo Mini,30,$45.00,"$1,350.00",Shipped
104085,26/03/2026,Umbrella Ltd,NYC,Widget Pro,15,"$1,234.50","$18,517.50",Shipped
104086,2026-03-27,Wayne Enterprises,New York,Widget Lite,18,$89.99,"$1,619.82",shipped
104087,2026-03-28,Hooli,East,Widget Pro,18,"$1,234.50","$22,221.00",pending
104088,2026-04-01,Hooli,nyc,Gadget X,6,"$2,150.00","$12,900.00",SHIPPED
104089,Apr 2 2026,Massive Dynamic,East,Widget Pro,13,"$1,234.50","$16,048.50",pending
104090,Apr 3 2026,Soylent Co,East,Gizmo Mini,14,$45.00,$630.00,pending
104091,2026-04-04,Wayne Enterprises,West,Gadget X,14,"$2,150.00","$30,100.00",pending
104092,13/04/2026,Initech,New York,Gadget X,1,"$2,150.00","$2,150.00",SHIPPED
104093,2026-04-06,Massive Dynamic,East,Gadget X,28,"$2,150.00","$60,200.00",shipped
104094,2026-04-07,Wayne Enterprises,East,Gizmo Mini,2,$45.00,$90.00,Pending
104094,2026-04-07, Wayne Enterprises ,EAST,Gizmo Mini,2,$45.00,$90.00,Pending
104095,2026-04-09,Globex Incorporated,west,Widget Pro,8,"$1,234.50","$9,876.00",shipped
104096,13/04/2026,Wayne Enterprises,West,Gizmo Mini,6,$45.00,$270.00,Pending
104097,2026-04-11,Globex Incorporated,west,Gadget X,24,"$2,150.00","$51,600.00",SHIPPED
104098,Apr 12 2026,Soylent Co,West,Gizmo Mini,22,$45.00,$990.00,pending
104099,2026-04-13,Umbrella Ltd,East,Gadget X,27,"$2,150.00","$58,050.00",SHIPPED
104100,2026-04-14,Umbrella Ltd,East,Widget Pro,4,"$1,234.50","$4,938.00",pending
104101,15/04/2026,Umbrella Ltd,East,Gadget X,10,"$2,150.00","$21,500.00",Pending
104102,2026-04-16,Initech,NYC,Gadget X,2,"$2,150.00","$4,300.00",Pending
104103,17/04/2026,Initech,n-y-c,Widget Lite,8,$89.99,$719.92,shipped
104104,18/04/2026,Acme Corp,west,Gadget X,10,"$2,150.00","$21,500.00",Pending
104105,2026-04-19,Soylent Co,n-y-c,Widget Lite,10,$89.99,$899.90,pending
104106,2026-04-20,Massive Dynamic,West,Widget Lite,29,$89.99,"$2,609.71",pending
104107,21/04/2026,Globex Incorporated,East,Gadget X,8,"$2,150.00","$17,200.00",pending
104108,2026-04-22,Vehement Capital,NYC,Gizmo Mini,27,$45.00,"$1,215.00",shipped
104109,23/04/2026,Acme Corp,New York,Widget Pro,1,"$1,234.50","$1,234.50",Shipped
104110,2026-04-24,Hooli,west,Widget Lite,8,$89.99,$719.92,pending
104111,2026-04-25,Vehement Capital,East,Gadget X,19,"$2,150.00","$40,850.00",shipped
104112,2026-04-26,Soylent Co,East,Widget Pro,24,"$1,234.50","$29,628.00",shipped
104113,2026-04-27,Massive Dynamic,East,Gadget X,22,"$2,150.00","$47,300.00",shipped
104114,2026-04-28,Soylent Co,west,Widget Lite,2,$89.99,$179.98,Shipped
104115,13/03/2026,Wayne Enterprises,west,Gadget X,10,"$2,150.00","$21,500.00",Shipped
104116,2026-03-02,Globex Incorporated,East,Widget Pro,11,"$1,234.50","$13,579.50",Shipped
104117,2026-03-03,Wayne Enterprises,NYC,Gadget X,2,"$2,150.00","$4,300.00",Shipped
104118,2026-03-04,Massive Dynamic,NYC,Widget Pro,17,"$1,234.50","$20,986.50",pending
104119,2026-03-05,Umbrella Ltd,East,Widget Lite,27,$89.99,"$2,429.73",SHIPPED
104120,2026-03-06,Wayne Enterprises,New York,Widget Pro,23,"$1,234.50","$28,393.50",Pending
104121,2026-03-07,Massive Dynamic,East,Widget Lite,13,$89.99,"$1,169.87",pending
104122,2026-03-08,Globex Incorporated,East,Widget Lite,24,$89.99,"$2,159.76",Pending
104123,Mar 9 2026,Hooli,West,Gadget X,13,"$2,150.00","$27,950.00",Pending
104124,2026-03-10,Stark Industries,West,Widget Lite,4,$89.99,$359.96,shipped
104125,2026-03-11,Globex Incorporated,nyc,Gadget X,19,"$2,150.00","$40,850.00",shipped
104126,Mar 12 2026,Globex Incorporated,East,Gizmo Mini,28,$45.00,"$1,260.00",SHIPPED
104127,Mar 13 2026,Umbrella Ltd,West,Gadget X,28,"$2,150.00","$60,200.00",Pending
104128,2026-03-14,Massive Dynamic,west,Widget Lite,15,$89.99,"$1,349.85",shipped
104129,2026-03-15,Wayne Enterprises,west,Gadget X,5,"$2,150.00","$10,750.00",Shipped
104130,2026-03-16,Soylent Co,New York,Widget Lite,15,$89.99,"$1,349.85",SHIPPED
104131,2026-03-17,Umbrella Ltd,East,Widget Pro,9,"$1,234.50","$11,110.50",Shipped
104132,2026-03-18,Wayne Enterprises,East,Widget Lite,15,$89.99,"$1,349.85",pending
104133,2026-03-19,Initech,n-y-c,Widget Lite,9,$89.99,$809.91,shipped
104134,2026-03-20,Vehement Capital,East,Gadget X,14,"$2,150.00","$30,100.00",Pending
104135,2026-03-21,Initech,East,Widget Lite,7,$89.99,$629.93,Pending
104136,22/03/2026,Wayne Enterprises,East,Gizmo Mini,4,$45.00,$180.00,SHIPPED
104137,23/03/2026,Globex Incorporated,East,Gizmo Mini,11,$45.00,$495.00,shipped
104138,2026-03-24,Hooli,East,Widget Pro,1,"$1,234.50","$1,234.50",Pending
104139,2026-03-25,Massive Dynamic,nyc,Gizmo Mini,8,$45.00,$360.00,Shipped
104140,2026-03-26,Massive Dynamic,New York,Widget Lite,1,$89.99,$89.99,Pending
104141,27/03/2026,Hooli,West,Gizmo Mini,17,$45.00,$765.00,Shipped
104142,2026-03-28,Massive Dynamic,n-y-c,Widget Lite,6,$89.99,$539.94,Shipped
104143,Apr 1 2026,Vehement Capital,West,Widget Pro,19,"$1,234.50","$23,455.50",SHIPPED
104144,Apr 2 2026,Soylent Co,West,Widget Pro,16,"$1,234.50","$19,752.00",SHIPPED
104145,13/04/2026,Acme Corp,west,Widget Lite,17,$89.99,"$1,529.83",Pending
104146,2026-04-04,Globex Incorporated,west,Gizmo Mini,13,$45.00,$585.00,shipped
104147,2026-04-05,Initech,West,Gadget X,27,"$2,150.00","$58,050.00",Pending
104148,2026-04-06,Soylent Co,nyc,Widget Pro,2,"$1,234.50","$2,469.00",shipped
104149,13/04/2026,Vehement Capital,west,Widget Lite,3,$89.99,$269.97,shipped
104150,Apr 8 2026,Massive Dynamic,East,Gizmo Mini,2,$45.00,$90.00,Pending
104151,13/04/2026,Soylent Co,East,Widget Lite,5,$89.99,$449.95,Pending
104152,2026-04-10,Globex Incorporated,west,Widget Lite,3,$89.99,$269.97,Shipped
104153,2026-04-11,Acme Corp,New York,Widget Pro,21,"$1,234.50","$25,924.50",Pending
104154,2026-04-12,Soylent Co,West,Gizmo Mini,21,$45.00,$945.00,shipped
104155,13/04/2026,Massive Dynamic,East,Widget Lite,6,$89.99,$539.94,Pending
104156,2026-04-14,Globex Incorporated,west,Widget Pro,15,"$1,234.50","$18,517.50",SHIPPED
104157,2026-04-15,Hooli,East,Widget Lite,25,$89.99,"$2,249.75",Pending
104158,2026-04-16,Umbrella Ltd,nyc,Gadget X,22,"$2,150.00","$47,300.00",Shipped
104159,2026-04-17,Hooli,west,Widget Pro,11,"$1,234.50","$13,579.50",pending
104160,2026-04-18,Hooli,NYC,Widget Pro,4,"$1,234.50","$4,938.00",pending
104161,19/04/2026,Soylent Co,West,Widget Lite,4,$89.99,$359.96,Shipped
104162,2026-04-20,Wayne Enterprises,East,Gizmo Mini,25,$45.00,"$1,125.00",pending
104163,2026-04-21,Massive Dynamic,East,Widget Pro,23,"$1,234.50","$28,393.50",pending
104164,2026-04-22,Massive Dynamic,East,Gizmo Mini,10,$45.00,$450.00,shipped
104165,2026-04-23,Vehement Capital,NYC,Widget Pro,3,"$1,234.50","$3,703.50",SHIPPED
104166,2026-04-24,Stark Industries,New York,Widget Lite,29,$89.99,"$2,609.71",Shipped
104167,2026-04-25,Umbrella Ltd,East,Gizmo Mini,30,$45.00,"$1,350.00",Shipped
104168,26/04/2026,Vehement Capital,nyc,Gizmo Mini,16,$45.00,$720.00,Pending
104169,Apr 27 2026,Initech,West,Widget Pro,22,"$1,234.50","$27,159.00",shipped
104170,28/04/2026,Globex Incorporated,West,Gadget X,5,"$2,150.00","$10,750.00",pending
104171,2026-03-01,Wayne Enterprises,West,Widget Lite,,$89.99,"$1,889.79",Pending
104172,2026-03-02,Vehement Capital,nyc,Widget Pro,22,"$1,234.50","$27,159.00",Shipped
104173,2026-03-03,Globex Incorporated,NYC,Widget Lite,14,$89.99,"$1,259.86",Shipped
104174,13/03/2026,Wayne Enterprises,west,Gadget X,3,"$2,150.00","$6,880.00",Pending
104175,13/03/2026,Hooli,west,Widget Lite,20,$89.99,"$1,799.80",Pending
104176,Mar 6 2026,Massive Dynamic,East,Gizmo Mini,25,$45.00,"$1,125.00",Pending
104177,2026-03-07,Umbrella Ltd,East,Gadget X,20,"$2,150.00","$43,000.00",Pending
104178,2026-03-08,Vehement Capital,West,Gadget X,10,"$2,150.00","$21,500.00",Pending
104179,2026-03-09,Vehement Capital,East,Gizmo Mini,1,$45.00,$45.00,Pending
104180,Mar 10 2026,Soylent Co,n-y-c,Gizmo Mini,12,$45.00,$540.00,Pending
104181,Mar 11 2026,Massive Dynamic,East,Gadget X,5,"$2,150.00","$10,750.00",shipped
104182,Mar 12 2026,Acme Corp,west,Widget Pro,1,"$1,234.50","$1,234.50",shipped
104183,2026-03-13,Globex Incorporated,East,Widget Pro,29,"$1,234.50","$35,800.50",SHIPPED
104184,2026-03-14,Stark Industries,East,Gizmo Mini,7,$45.00,$315.00,shipped
104185,15/03/2026,Stark Industries,East,Widget Pro,16,"$1,234.50","$19,752.00",Shipped
104186,2026-03-16,Globex Incorporated,East,Gizmo Mini,19,$45.00,$855.00,SHIPPED
104187,2026-03-17,Vehement Capital,West,Widget Pro,5,"$1,234.50","$6,172.50",pending
104188,2026-03-18,Wayne Enterprises,nyc,Widget Pro,16,"$1,234.50","$19,752.00",SHIPPED
104189,2026-03-19,Vehement Capital,west,Gizmo Mini,7,$45.00,$315.00,SHIPPED
104190,20/03/2026,Stark Industries,nyc,Gadget X,11,"$2,150.00","$23,650.00",Pending
104191,21/03/2026,Wayne Enterprises,West,Widget Pro,25,"$1,234.50","$30,862.50",shipped
104192,2026-03-22,Soylent Co,East,Widget Pro,8,"$1,234.50","$9,876.00",Pending
104193,2026-03-23,Initech,west,Gizmo Mini,1,$45.00,$45.00,Pending
104194,24/03/2026,Vehement Capital,west,Widget Lite,29,$89.99,"$2,609.71",Shipped
104195,2026-03-25,Initech,west,Widget Lite,2,$89.99,$179.98,Shipped
104196,2026-03-26,Globex Incorporated,East,Gadget X,5,"$2,150.00","$10,750.00",SHIPPED
104197,Mar 27 2026,Globex Incorporated,East,Gadget X,16,"$2,150.00","$34,400.00",shipped
104198,2026-03-28,Wayne Enterprises,n-y-c,Gizmo Mini,30,$45.00,"$1,350.00",Shipped
104199,2026-04-01,Vehement Capital,West,Widget Pro,3,"$1,234.50","$3,703.50",Pending
104200,2026-04-02,Initech,nyc,Gizmo Mini,6,$45.00,$270.00,pending
104201,Apr 3 2026,Stark Industries,East,Widget Pro,11,"$1,234.50","$13,579.50",Pending
104202,2026-04-04,Stark Industries,East,Gadget X,19,"$2,150.00","$40,850.00",Pending
104203,Apr 5 2026,Globex Incorporated,West,Gizmo Mini,23,$45.00,"$1,035.00",Pending
104204,2026-04-06,Initech,East,Widget Lite,22,$89.99,"$1,979.78",Shipped
104205,2026-04-07,Initech,East,Gadget X,26,"$2,150.00","$55,900.00",shipped
104206,2026-04-08,Vehement Capital,West,Gizmo Mini,29,$45.00,"$1,305.00",SHIPPED
104207,2026-04-09,Umbrella Ltd,East,Gizmo Mini,2,$45.00,$90.00,shipped
104208,13/04/2026,Wayne Enterprises,nyc,Widget Pro,12,"$1,234.50","$14,814.00",shipped
104209,13/04/2026,Stark Industries,west,Gizmo Mini,10,$45.00,$450.00,Pending
104210,2026-04-12,Massive Dynamic,East,Widget Pro,10,"$1,234.50","$12,345.00",Pending
104211,2026-04-13,Umbrella Ltd,East,Gadget X,21,"$2,150.00","$45,150.00",Pending
104212,14/04/2026,Stark Industries,East,Gizmo Mini,28,$45.00,"$1,260.00",shipped
104213,2026-04-15,Umbrella Ltd,East,Gadget X,7,"$2,150.00","$15,050.00",Shipped
104214,2026-04-16,Vehement Capital,west,Gizmo Mini,13,$45.00,$585.00,pending
104215,17/04/2026,Massive Dynamic,n-y-c,Widget Lite,26,$89.99,"$2,339.74",Pending
104216,2026-04-18,Acme Corp,East,Widget Lite,6,$89.99,$539.94,Pending
104217,2026-04-19,Soylent Co,East,Widget Lite,11,$89.99,$989.89,Pending
104218,2026-04-20,Hooli,West,Gizmo Mini,21,$45.00,$945.00,pending
104219,2026-04-21,Globex Incorporated,nyc,Widget Lite,25,$89.99,"$2,249.75",shipped
104220,2026-04-22,Vehement Capital,East,Widget Pro,13,"$1,234.50","$16,048.50",pending
104221,23/04/2026,Acme Corp,East,Widget Pro,14,"$1,234.50","$17,283.00",shipped
104222,2026-04-24,Acme Corp,West,Widget Lite,17,$89.99,"$1,529.83",Shipped
104223,2026-04-25,Massive Dynamic,East,Gadget X,30,"$2,150.00","$64,500.00",pending
104224,2026-04-26,Vehement Capital,East,Gizmo Mini,7,$45.00,$315.00,Shipped
104225,27/04/2026,Stark Industries,nyc,Gadget X,26,"$2,150.00","$55,900.00",SHIPPED
104226,Apr 28 2026,Globex Incorporated,West,Gizmo Mini,13,$45.00,$585.00,pending
104226,Apr 28 2026,Globex Incorporated,West,Gizmo Mini,13,$45.00,$585.00,pending
104227,2026-03-02,Massive Dynamic,west,Widget Lite,29,$89.99,"$2,609.71",Pending
104228,13/03/2026,Vehement Capital,West,Widget Lite,25,$89.99,"$2,249.75",shipped
104229,2026-03-04,Massive Dynamic,East,Gadget X,14,"$2,150.00","$30,100.00",Shipped
104230,2026-03-05,Globex Incorporated,East,Gizmo Mini,15,$45.00,$675.00,shipped
104231,13/03/2026,,East,Widget Pro,12,"$1,234.50","$14,814.00",Shipped
104232,2026-03-07,Acme Corp,East,Widget Pro,6,"$1,234.50","$7,407.00",Pending
104233,13/03/2026,Soylent Co,East,Widget Pro,14,"$1,234.50","$17,283.00",Shipped
104234,2026-03-09,Umbrella Ltd,nyc,Gizmo Mini,7,$45.00,$315.00,Shipped
104235,Mar 10 2026,Globex Incorporated,East,Widget Pro,30,"$1,234.50","$37,035.00",pending
104236,Mar 11 2026,Stark Industries,New York,Widget Pro,16,"$1,234.50","$19,752.00",Shipped
104237,13/03/2026,Massive Dynamic,East,Widget Lite,6,$89.99,$539.94,Shipped
104238,2026-03-13,Acme Corp,West,Widget Lite,15,$89.99,"$1,349.85",SHIPPED
104239,Mar 14 2026,Initech,West,Widget Pro,27,"$1,234.50","$33,331.50",Pending
104240,2026-03-15,,west,Gizmo Mini,10,$45.00,$450.00,Shipped
104241,16/03/2026,Acme Corp,West,Gizmo Mini,9,$45.00,$405.00,Shipped
104242,2026-03-17,Umbrella Ltd,East,Gizmo Mini,14,$45.00,$630.00,SHIPPED
104243,2026-03-18,Vehement Capital,NYC,Gadget X,9,"$2,150.00","$19,350.00",Pending
104244,Mar 19 2026,Umbrella Ltd,West,Gadget X,25,"$2,150.00","$53,750.00",Pending
104245,2026-03-20,Soylent Co,East,Widget Pro,29,"$1,234.50","$35,800.50",shipped
104246,2026-03-21,Massive Dynamic,West,Gizmo Mini,19,$45.00,$855.00,Shipped
104247,2026-03-22,Acme Corp,NYC,Widget Pro,9,"$1,234.50","$11,110.50",SHIPPED
104248,23/03/2026,Hooli,nyc,Widget Lite,14,$89.99,"$1,259.86",Shipped
104249,2026-03-24,Massive Dynamic,East,Gizmo Mini,28,$45.00,"$1,260.00",Shipped
104250,2026-03-25,Stark Industries,East,Gizmo Mini,24,$45.00,"$1,080.00",Shipped
104251,2026-03-26,Globex Incorporated,west,Gadget X,17,"$2,150.00","$36,550.00",shipped
104252,2026-03-27,Wayne Enterprises,East,Widget Lite,27,$89.99,"$2,429.73",Shipped
104253,2026-03-28,Wayne Enterprises,New York,Gizmo Mini,2,$45.00,$90.00,Shipped
104254,2026-04-01,Soylent Co,west,Gizmo Mini,10,$45.00,$450.00,pending
104255,13/04/2026,Acme Corp,nyc,Widget Pro,26,"$1,234.50","$32,097.00",pending
104256,13/04/2026,Initech,NYC,Gizmo Mini,7,$45.00,$315.00,Pending
104257,2026-04-04,Initech,nyc,Gizmo Mini,3,$45.00,$135.00,shipped
104258,2026-04-05,Wayne Enterprises,East,Widget Lite,10,$89.99,$899.90,shipped
104259,2026-04-06,Globex Incorporated,West,Widget Pro,11,"$1,234.50","$13,579.50",pending
104260,2026-04-07,Initech,East,Gadget X,20,"$2,150.00","$43,000.00",shipped
104261,Apr 8 2026,Soylent Co,n-y-c,Gadget X,18,"$2,150.00","$38,700.00",pending
104262,2026-04-09,Soylent Co,East,Widget Lite,18,$89.99,"$1,619.82",Shipped
104263,2026-04-10,Umbrella Ltd,East,Gadget X,16,"$2,150.00","$34,600.00",shipped
104264,2026-04-11,Hooli,West,Widget Lite,22,$89.99,"$1,979.78",SHIPPED
104265,2026-04-12,Umbrella Ltd,New York,Gadget X,1,"$2,150.00","$2,150.00",shipped
104266,2026-04-13,Umbrella Ltd,west,Gizmo Mini,23,$45.00,"$1,035.00",Pending
104266,2026-04-13, Umbrella Ltd ,WEST,Gizmo Mini,23,$45.00,"$1,035.00",Pending
104267,2026-04-15,Globex Incorporated,west,Widget Pro,15,"$1,234.50","$18,517.50",shipped
104268,2026-04-16,Stark Industries,West,Widget Lite,6,$89.99,$539.94,SHIPPED
104269,2026-04-17,Umbrella Ltd,East,Gadget X,20,"$2,150.00","$43,000.00",pending
104270,2026-04-18,Soylent Co,East,Gizmo Mini,7,$45.00,$315.00,Pending
104271,19/04/2026,Acme Corp,west,Gizmo Mini,22,$45.00,$990.00,SHIPPED
104272,2026-04-20,Initech,New York,Widget Pro,28,"$1,234.50","$34,566.00",shipped
104273,2026-04-21,Wayne Enterprises,west,Gizmo Mini,28,$45.00,"$1,260.00",pending
104274,2026-04-22,Initech,West,Widget Pro,12,"$1,234.50","$14,814.00",shipped
104275,23/04/2026,Hooli,East,Gadget X,21,"$2,150.00","$45,150.00",SHIPPED
104276,2026-04-24,Wayne Enterprises,West,Widget Pro,23,"$1,234.50","$28,393.50",Pending
104277,25/04/2026,Wayne Enterprises,n-y-c,Gizmo Mini,2,$45.00,$90.00,pending
104278,2026-04-26,Hooli,west,Gizmo Mini,7,$45.00,$315.00,shipped
104279,27/04/2026,Wayne Enterprises,n-y-c,Gadget X,5,"$2,150.00","$10,750.00",pending
104280,2026-04-28,Wayne Enterprises,west,Widget Lite,21,$89.99,"$1,889.79",SHIPPED
104281,2026-03-01,Globex Incorporated,west,Gadget X,6,"$2,150.00","$12,900.00",pending
104282,Mar 2 2026,Initech,NYC,Widget Lite,26,$89.99,"$2,339.74",pending
104283,2026-03-03,Globex Incorporated,East,Gadget X,5,"$2,150.00","$10,750.00",shipped
104284,2026-03-04,Massive Dynamic,New York,Widget Lite,20,$89.99,"$1,799.80",SHIPPED
104285,2026-03-05,Hooli,East,Gadget X,9,"$2,150.00","$19,350.00",shipped
104286,13/03/2026,Wayne Enterprises,west,Widget Pro,20,"$1,234.50","$24,690.00",Pending
104287,13/03/2026,Acme Corp,west,Gadget X,24,"$2,150.00","$51,600.00",Pending
104288,2026-03-08,Initech,n-y-c,Widget Pro,18,"$1,234.50","$22,221.00",pending
104289,Mar 9 2026,Wayne Enterprises,NYC,Gadget X,26,"$2,150.00","$55,900.00",Pending
104290,13/03/2026,Massive Dynamic,East,Widget Pro,25,"1,234.50 USD","$30,862.50",pending
104291,13/03/2026,Hooli,East,Widget Pro,3,"$1,234.50","$3,703.50",pending
104292,Mar 12 2026,Soylent Co,East,Gizmo Mini,5,$45.00,$225.00,Pending
104293,2026-03-13,Umbrella Ltd,East,Gizmo Mini,25,$45.00,"$1,125.00",Pending
104294,2026-03-14,Soylent Co,n-y-c,Gizmo Mini,10,$45.00,$450.00,pending
104295,15/03/2026,Acme Corp,west,Gadget X,4,"$2,150.00","$8,600.00",pending
104296,16/03/2026,Wayne Enterprises,East,Gizmo Mini,30,$45.00,"$1,350.00",Shipped
104297,Mar 17 2026,,East,Gadget X,7,"$2,150.00","$15,050.00",pending
104298,2026-03-18,Vehement Capital,East,Widget Lite,14,$89.99,"$1,259.86",Pending
104299,2026-03-19,Globex Incorporated,nyc,Gadget X,20,"$2,150.00","$43,000.00",shipped
104300,2026-03-20,Stark Industries,west,Gizmo Mini,2,$45.00,$90.00,pending
104301,2026-03-21,Massive Dynamic,west,Widget Pro,22,"$1,234.50","$27,159.00",pending
104302,2026-03-22,Umbrella Ltd,NYC,Widget Lite,10,$89.99,$899.90,Pending
104303,2026-03-23,Hooli,NYC,Gizmo Mini,16,$45.00,$720.00,SHIPPED
104304,2026-03-24,Umbrella Ltd,East,Widget Pro,13,"$1,234.50","$16,048.50",Pending
104305,2026-03-25,Massive Dynamic,NYC,Gizmo Mini,4,$45.00,$180.00,pending
104306,2026-03-26,Umbrella Ltd,West,Widget Pro,23,"$1,234.50","$28,393.50",Shipped
104307,2026-03-27,Vehement Capital,East,Gadget X,13,"$2,150.00","$27,950.00",Shipped
104308,2026-03-28,Initech,East,Widget Pro,23,"$1,234.50","$28,393.50",Shipped
104309,13/04/2026,Acme Corp,East,Widget Pro,24,"$1,234.50","$29,628.00",SHIPPED
104310,13/04/2026,Soylent Co,New York,Widget Pro,20,"$1,234.50","$24,690.00",SHIPPED
104311,2026-04-03,Globex Incorporated,East,Widget Lite,29,$89.99,"$2,609.71",pending
104312,2026-04-04,Acme Corp,West,Gizmo Mini,23,$45.00,"$1,035.00",Shipped
104313,2026-04-05,Umbrella Ltd,East,Gizmo Mini,16,$45.00,$720.00,Pending
104314,2026-04-06,Initech,East,Widget Lite,12,$89.99,"$1,079.88",pending
104315,2026-04-07,Stark Industries,West,Gadget X,5,"$2,150.00","$10,750.00",Pending
104316,Apr 8 2026,Soylent Co,NYC,Widget Lite,9,$89.99,$809.91,pending
104317,13/04/2026,Wayne Enterprises,East,Gadget X,6,"$2,150.00","$12,900.00",SHIPPED
104318,13/04/2026,Acme Corp,west,Gizmo Mini,18,$45.00,$810.00,pending
104319,13/04/2026,Vehement Capital,New York,Widget Lite,12,$89.99,"$1,079.88",Shipped
104320,2026-04-12,Vehement Capital,East,Gadget X,18,"$2,150.00","$38,700.00",pending
104321,2026-04-13,Stark Industries,East,Gadget X,28,"$2,150.00","$60,200.00",pending
104322,2026-04-14,Wayne Enterprises,East,Widget Lite,20,$89.99,"$1,799.80",shipped
104323,15/04/2026,Soylent Co,East,Gadget X,17,"$2,150.00","$36,550.00",Pending
104324,2026-04-16,Globex Incorporated,West,Widget Lite,12,$89.99,"$1,079.88",shipped
104325,17/04/2026,Stark Industries,West,Gadget X,25,"$2,150.00","$53,750.00",SHIPPED
104326,18/04/2026,Globex Incorporated,East,Widget Lite,10,$89.99,$899.90,Shipped
104327,2026-04-19,Soylent Co,west,Gadget X,24,"$2,150.00","$51,600.00",shipped
104328,2026-04-20,Massive Dynamic,NYC,Gadget X,24,"$2,150.00","$51,600.00",pending
104329,2026-04-21,Soylent Co,New York,Widget Lite,9,$89.99,$809.91,Shipped
104330,2026-04-22,Vehement Capital,n-y-c,Widget Pro,27,"$1,234.50","$33,331.50",SHIPPED
104331,2026-04-23,Hooli,NYC,Gadget X,6,"$2,150.00","$12,900.00",pending
104332,24/04/2026,Initech,west,Gadget X,6,"$2,150.00","$12,900.00",Shipped
104333,25/04/2026,Acme Corp,West,Widget Lite,17,$89.99,"$1,529.83",SHIPPED
104334,2026-04-26,Globex Incorporated,East,Gadget X,3,"$2,150.00","$6,450.00",SHIPPED
104335,2026-04-27,Vehement Capital,n-y-c,Gizmo Mini,26,$45.00,"$1,170.00",SHIPPED
104336,2026-04-28,Wayne Enterprises,NYC,Widget Pro,5,"$1,234.50","$6,172.50",pending
104337,13/03/2026,Massive Dynamic,East,Gadget X,8,"$2,150.00","$17,200.00",Shipped
104338,Mar 2 2026,Vehement Capital,nyc,Widget Pro,14,"$1,234.50","$17,283.00",shipped
104339,2026-03-03,Massive Dynamic,nyc,Gadget X,6,"2,150.00 USD","$12,900.00",pending
104340,2026-03-04,Umbrella Ltd,NYC,Gizmo Mini,24,$45.00,"$1,080.00",pending
104341,2026-03-05,Acme Corp,n-y-c,Widget Pro,23,"$1,234.50","$28,393.50",pending
104342,2026-03-06,Stark Industries,West,Gadget X,7,"$2,150.00","$15,050.00",shipped
104343,2026-03-07,Umbrella Ltd,n-y-c,Widget Lite,10,$89.99,$899.90,SHIPPED
104344,13/03/2026,Umbrella Ltd,west,Widget Pro,26,"$1,234.50","$32,097.00",shipped
104345,2026-03-09,Wayne Enterprises,west,Gadget X,7,"$2,150.00","$15,050.00",shipped
104346,13/03/2026,Soylent Co,nyc,Gadget X,19,"$2,150.00","$40,850.00",Pending
104347,13/03/2026,Hooli,New York,Widget Lite,4,$89.99,$359.96,SHIPPED
104348,Mar 12 2026,Umbrella Ltd,n-y-c,Widget Pro,11,"$1,234.50","$13,579.50",Shipped
104349,2026-03-13,Globex Incorporated,west,Gizmo Mini,26,$45.00,"$1,170.00",SHIPPED
104350,2026-03-14,Hooli,NYC,Widget Lite,17,$89.99,"$1,529.83",pending
104351,2026-03-15,Vehement Capital,East,Gadget X,19,"$2,150.00","$40,850.00",SHIPPED
104352,2026-03-16,Hooli,East,Widget Pro,29,"$1,234.50","$35,800.50",Shipped
104353,2026-03-17,Hooli,West,Widget Pro,5,"$1,234.50","$6,172.50",SHIPPED
104354,18/03/2026,Stark Industries,East,Widget Lite,1,$89.99,$89.99,SHIPPED
104355,2026-03-19,Wayne Enterprises,East,Gizmo Mini,28,$45.00,"$1,260.00",pending
104356,2026-03-20,Umbrella Ltd,nyc,Widget Pro,30,"$1,234.50","$37,035.00",Pending
104357,2026-03-21,Globex Incorporated,NYC,Widget Pro,3,"$1,234.50","$3,703.50",Pending
104358,22/03/2026,Stark Industries,East,Widget Pro,24,"$1,234.50","$29,628.00",shipped
104359,23/03/2026,Acme Corp,west,Widget Pro,20,"$1,234.50","$24,690.00",shipped
104360,2026-03-24,Wayne Enterprises,NYC,Gadget X,7,"$2,150.00","$15,050.00",SHIPPED
104361,25/03/2026,Acme Corp,East,Gadget X,15,"$2,150.00","$32,250.00",SHIPPED
104362,2026-03-26,Initech,nyc,Gizmo Mini,12,$45.00,$540.00,Shipped
104363,2026-03-27,Globex Incorporated,West,Gizmo Mini,12,$45.00,$540.00,shipped
104364,28/03/2026,Initech,East,Gizmo Mini,3,$45.00,$135.00,shipped
104365,2026-04-01,Massive Dynamic,West,Widget Lite,6,$89.99,$539.94,shipped
104366,Apr 2 2026,Umbrella Ltd,West,Widget Pro,4,"$1,234.50","$4,938.00",pending
104367,Apr 3 2026,Massive Dynamic,East,Gizmo Mini,10,$45.00,$450.00,Shipped
104368,2026-04-04,Stark Industries,west,Widget Pro,7,"$1,234.50","$8,641.50",shipped
104369,2026-04-05,Vehement Capital,nyc,Widget Lite,11,$89.99,$989.89,pending
104370,2026-04-06,Acme Corp,NYC,Widget Pro,3,"$1,234.50","$3,703.50",pending
104371,Apr 7 2026,Stark Industries,New York,Gadget X,22,"$2,150.00","$47,300.00",Shipped
104372,2026-04-08,Initech,East,Widget Lite,21,$89.99,"$1,889.79",Pending
104373,Apr 9 2026,Globex Incorporated,NYC,Gadget X,18,"$2,150.00","$38,700.00",Pending
104374,2026-04-10,Acme Corp,west,Widget Lite,30,$89.99,"$2,699.70",SHIPPED
104375,2026-04-11,Massive Dynamic,East,Gizmo Mini,26,$45.00,"$1,170.00",pending
104376,13/04/2026,Wayne Enterprises,west,Gizmo Mini,26,$45.00,"$1,170.00",SHIPPED
104377,2026-04-13,Initech,New York,Gadget X,15,"$2,150.00","$32,250.00",Pending
104378,2026-04-14,Vehement Capital,New York,Widget Pro,18,"$1,234.50","$22,221.00",shipped
104379,2026-04-15,Vehement Capital,East,Widget Pro,21,"$1,234.50","$25,924.50",pending
104380,2026-04-16,Acme Corp,East,Gadget X,6,"$2,150.00","$12,900.00",shipped
104381,2026-04-17,Stark Industries,East,Widget Lite,5,$89.99,$449.95,SHIPPED
104382,2026-04-18,Vehement Capital,West,Widget Pro,20,"$1,234.50","$24,690.00",SHIPPED
104383,2026-04-19,Massive Dynamic,East,Gizmo Mini,13,$45.00,$585.00,shipped
104384,2026-04-20,Wayne Enterprises,west,Widget Pro,10,"$1,234.50","$12,345.00",Pending
104385,21/04/2026,Acme Corp,west,Widget Pro,22,"$1,234.50","$27,159.00",SHIPPED
104386,22/04/2026,Umbrella Ltd,West,Widget Pro,20,"$1,234.50","$24,690.00",shipped
104387,2026-04-23,Soylent Co,East,Gadget X,10,"$2,150.00","$21,500.00",SHIPPED
104388,2026-04-24,Wayne Enterprises,East,Widget Lite,19,$89.99,"$1,709.81",Pending
104388,2026-04-24,Wayne Enterprises,East,Widget Lite,19,$89.99,"$1,709.81",Pending
104389,26/04/2026,Stark Industries,west,Gadget X,25,"$2,150.00","$53,750.00",Shipped
104390,Apr 27 2026,Vehement Capital,East,Widget Pro,21,"$1,234.50","$25,924.50",Pending
104391,2026-04-28,Acme Corp,West,Widget Pro,12,"$1,234.50","$14,814.00",Shipped
104392,2026-03-01,Initech,NYC,Gizmo Mini,23,$45.00,"$1,035.00",shipped
104393,2026-03-02,Umbrella Ltd,East,Gadget X,15,"$2,150.00","$32,250.00",pending
104394,2026-03-03,Hooli,West,Widget Pro,4,"$1,234.50","$4,938.00",SHIPPED
104395,2026-03-04,Stark Industries,West,Widget Pro,13,"$1,234.50","$16,048.50",Pending
104396,2026-03-05,Vehement Capital,west,Gizmo Mini,24,$45.00,"$1,080.00",Pending
104397,2026-03-06,Acme Corp,West,Widget Lite,4,$89.99,$359.96,Pending
104398,2026-03-07,Hooli,west,Gizmo Mini,27,$45.00,"$1,215.00",shipped
104399,2026-03-08,Wayne Enterprises,East,Gadget X,10,"$2,150.00","$21,500.00",pending
104400,2026-03-09,Umbrella Ltd,west,Widget Lite,9,$89.99,$809.91,Pending
104401,2026-03-10,Hooli,West,Gadget X,8,"$2,150.00","$17,200.00",shipped
104402,2026-03-11,Initech,west,Gadget X,6,"$2,150.00","$12,900.00",SHIPPED
104403,13/03/2026,Hooli,East,Gizmo Mini,26,$45.00,"$1,170.00",Pending
104404,2026-03-13,Vehement Capital,West,Widget Lite,13,$89.99,"$1,169.87",Pending
104405,2026-03-14,Massive Dynamic,NYC,Widget Lite,8,$89.99,$719.92,shipped
104406,2026-03-15,Hooli,West,Widget Lite,12,$89.99,"$1,079.88",pending
104407,Mar 16 2026,Globex Incorporated,n-y-c,Gadget X,26,"$2,150.00","$55,900.00",SHIPPED
104408,2026-03-17,Initech,East,Gizmo Mini,18,$45.00,$810.00,shipped
104409,2026-03-18,Umbrella Ltd,West,Gadget X,3,"$2,150.00","$6,450.00",Shipped
104410,2026-03-19,Umbrella Ltd,nyc,Gadget X,21,"$2,150.00","$45,150.00",Shipped
104411,2026-03-20,Globex Incorporated,East,Gadget X,20,"$2,150.00","$43,000.00",SHIPPED
104412,2026-03-21,Wayne Enterprises,nyc,Widget Lite,10,$89.99,$899.90,SHIPPED
104413,2026-03-22,Wayne Enterprises,East,Widget Lite,30,$89.99,"$2,549.70",SHIPPED
104414,2026-03-23,Hooli,west,Widget Lite,3,$89.99,$269.97,SHIPPED
104415,2026-03-24,Vehement Capital,East,Widget Lite,3,$89.99,$269.97,pending
104416,25/03/2026,Acme Corp,East,Widget Lite,30,$89.99,"$2,699.70",pending
104417,2026-03-26,Soylent Co,East,Widget Lite,10,$89.99,$899.90,Pending
104418,27/03/2026,Hooli,New York,Widget Lite,24,$89.99,"$2,159.76",shipped
104419,Mar 28 2026,Massive Dynamic,nyc,Gizmo Mini,3,$45.00,$135.00,pending
104420,2026-04-01,Stark Industries,New York,Gizmo Mini,1,$45.00,$45.00,Pending
104421,2026-04-02,Initech,west,Gizmo Mini,29,$45.00,"$1,305.00",Pending
104422,2026-04-03,Vehement Capital,East,Widget Pro,15,"$1,234.50","$18,517.50",pending
104423,13/04/2026,Hooli,NYC,Widget Lite,25,$89.99,"$2,249.75",Shipped
104424,2026-04-05,Initech,East,Gadget X,29,"$2,150.00","$62,350.00",Pending
104425,2026-04-06,Globex Incorporated,West,Gadget X,13,"$2,150.00","$27,950.00",Shipped
104426,Apr 7 2026,Soylent Co,west,Gadget X,16,"$2,150.00","$34,400.00",pending
104427,2026-04-08,Initech,New York,Gadget X,28,"$2,150.00","$60,200.00",Pending
104428,13/04/2026,Vehement Capital,East,Widget Lite,19,$89.99,"$1,709.81",SHIPPED
104429,2026-04-10,Hooli,East,Widget Pro,12,"$1,234.50","$14,814.00",shipped
104430,2026-04-11,Umbrella Ltd,nyc,Gadget X,17,"$2,150.00","$36,550.00",shipped
104431,13/04/2026,Stark Industries,East,Widget Pro,6,"$1,234.50","$7,407.00",SHIPPED
104432,2026-04-13,Wayne Enterprises,East,Gadget X,12,"$2,150.00","$25,800.00",shipped
104433,2026-04-14,Wayne Enterprises,East,Gizmo Mini,10,$45.00,$450.00,pending
104434,2026-04-15,Umbrella Ltd,East,Widget Pro,13,"$1,234.50","$16,048.50",pending
104435,2026-04-16,Acme Corp,East,Widget Lite,25,$89.99,"$2,249.75",Pending
104436,17/04/2026,Globex Incorporated,East,Widget Pro,11,"$1,234.50","$13,579.50",pending
104437,2026-04-18,Massive Dynamic,n-y-c,Gadget X,27,"$2,150.00","$58,050.00",SHIPPED
104438,19/04/2026,Hooli,East,Widget Lite,25,$89.99,"$2,249.75",pending
104439,Apr 20 2026,Globex Incorporated,west,Widget Pro,3,"$1,234.50","$3,703.50",Shipped
104440,2026-04-21,Massive Dynamic,West,Gizmo Mini,12,$45.00,$540.00,SHIPPED
104441,2026-04-22,Hooli,New York,Gizmo Mini,11,$45.00,$495.00,pending
104442,2026-04-23,Initech,west,Widget Pro,5,"$1,234.50","$6,172.50",shipped
104443,24/04/2026,Hooli,East,Gadget X,9,"$2,150.00","$19,350.00",SHIPPED
104444,2026-04-25,Vehement Capital,West,Gadget X,29,"$2,150.00","$62,350.00",pending
104445,2026-04-26,Umbrella Ltd,New York,Gadget X,29,"$2,150.00","$62,350.00",Pending
104446,2026-04-27,Initech,nyc,Widget Lite,30,$89.99,"$2,699.70",Shipped
104447,2026-04-28,Stark Industries,East,Widget Pro,12,"$1,234.50","$14,814.00",pending
104448,2026-03-01,Vehement Capital,East,Gizmo Mini,10,$45.00,$450.00,SHIPPED
104449,13/03/2026,Globex Incorporated,East,Widget Pro,8,"$1,234.50","$9,876.00",pending
104450,13/03/2026,Acme Corp,nyc,Gizmo Mini,29,$45.00,"$1,305.00",shipped
104451,2026-03-04,Stark Industries,west,Widget Pro,4,"$1,234.50","$4,938.00",pending
104452,2026-03-05,Soylent Co,East,Gizmo Mini,25,$45.00,"$1,125.00",SHIPPED
104453,2026-03-06,Initech,East,Widget Lite,12,$89.99,"$1,079.88",Shipped
104454,2026-03-07,Hooli,west,Widget Lite,12,$89.99,"$1,079.88",Pending
104455,2026-03-08,Massive Dynamic,New York,Gadget X,1,"$2,150.00","$2,150.00",shipped
104456,2026-03-09,Massive Dynamic,East,Widget Pro,30,"$1,234.50","$37,035.00",Pending
104457,2026-03-10,Globex Incorporated,nyc,Widget Lite,26,$89.99,"$2,339.74",Pending
104458,2026-03-11,Massive Dynamic,East,Widget Lite,10,$89.99,$899.90,SHIPPED
104459,2026-03-12,Stark Industries,n-y-c,Gadget X,25,"$2,150.00","$53,750.00",SHIPPED
104460,2026-03-13,Wayne Enterprises,East,Gadget X,27,"$2,150.00","$58,050.00",pending
104461,2026-03-14,Globex Incorporated,East,Widget Lite,26,$89.99,"$2,339.74",pending
104462,Mar 15 2026,Soylent Co,nyc,Widget Lite,7,$89.99,$629.93,pending
104463,2026-03-16,Soylent Co,East,Gizmo Mini,13,$45.00,$585.00,pending
104464,2026-03-17,Stark Industries,West,Gizmo Mini,15,$45.00,$675.00,pending
104465,18/03/2026,Stark Industries,East,Gizmo Mini,20,$45.00,$900.00,shipped
104466,2026-03-19,Globex Incorporated,NYC,Widget Lite,29,$89.99,"$2,609.71",pending
104467,20/03/2026,Hooli,East,Gadget X,19,"$2,150.00","$40,850.00",Pending
104468,2026-03-21,Hooli,East,Widget Pro,8,"$1,234.50","$9,876.00",shipped
104469,Mar 22 2026,Soylent Co,n-y-c,Gadget X,21,"$2,150.00","$45,150.00",SHIPPED
104470,2026-03-23,Hooli,New York,Widget Lite,2,$89.99,$179.98,SHIPPED
104471,Mar 24 2026,Hooli,East,Gizmo Mini,29,$45.00,"$1,305.00",SHIPPED
104472,2026-03-25,Wayne Enterprises,nyc,Gadget X,5,"$2,150.00","$10,750.00",pending
104473,26/03/2026,Initech,west,Widget Lite,21,$89.99,"$1,889.79",shipped
104474,27/03/2026,Massive Dynamic,East,Gadget X,28,"$2,150.00","$60,200.00",SHIPPED
104475,Mar 28 2026,Wayne Enterprises,New York,Widget Pro,26,"$1,234.50","$32,097.00",pending
104476,2026-04-01,Stark Industries,nyc,Widget Lite,16,$89.99,"$1,439.84",pending
104477,Apr 2 2026,Umbrella Ltd,nyc,Gizmo Mini,21,$45.00,$945.00,pending
104478,2026-04-03,Stark Industries,NYC,Gizmo Mini,27,$45.00,"$1,215.00",pending
104479,2026-04-04,Vehement Capital,East,Gadget X,24,"$2,150.00","$51,600.00",Shipped
104480,2026-04-05,Massive Dynamic,East,Widget Lite,29,$89.99,"$2,609.71",SHIPPED
104481,13/04/2026,Acme Corp,NYC,Gizmo Mini,12,$45.00,$540.00,pending
104482,2026-04-07,Umbrella Ltd,East,Gadget X,12,"$2,150.00","$25,800.00",SHIPPED
104483,2026-04-08,Acme Corp,NYC,Gizmo Mini,20,$45.00,$900.00,Pending
104484,2026-04-09,Initech,west,Widget Pro,12,"$1,234.50","$14,814.00",Pending
104485,13/04/2026,Vehement Capital,New York,Gadget X,12,"$2,150.00","$25,800.00",SHIPPED
104486,13/04/2026,Wayne Enterprises,west,Widget Lite,28,$89.99,"$2,519.72",SHIPPED
104487,2026-04-12,Stark Industries,West,Gadget X,21,"$2,150.00","$45,150.00",SHIPPED
104488,2026-04-13,Umbrella Ltd,west,Widget Pro,27,"$1,234.50","$33,331.50",shipped
104489,Apr 14 2026,Acme Corp,nyc,Widget Pro,29,"$1,234.50","$35,800.50",Pending
104490,2026-04-15,Umbrella Ltd,west,Gizmo Mini,22,$45.00,$990.00,pending
104491,2026-04-16,Wayne Enterprises,n-y-c,Widget Pro,22,"$1,234.50","$27,159.00",Pending
104492,Apr 17 2026,Stark Industries,west,Gadget X,17,"$2,150.00","$36,550.00",Pending
104493,2026-04-18,Massive Dynamic,East,Gizmo Mini,5,$45.00,$225.00,pending
104494,Apr 19 2026,Hooli,East,Widget Lite,2,$89.99,$179.98,pending
104495,2026-04-20,Hooli,East,Widget Lite,18,$89.99,"$1,619.82",shipped
104496,2026-04-21,Initech,west,Gadget X,7,"$2,150.00","$15,050.00",shipped
104497,22/04/2026,Acme Corp,West,Gadget X,10,"$2,150.00","$21,500.00",shipped
104498,23/04/2026,Initech,East,Gizmo Mini,22,$45.00,$990.00,pending
104499,24/04/2026,Soylent Co,NYC,Widget Lite,9,$89.99,$809.91,Pending
104500,25/04/2026,Globex Incorporated,West,Widget Pro,23,"$1,234.50","$28,393.50",pending
104501,26/04/2026,Globex Incorporated,west,Gizmo Mini,9,$45.00,$405.00,Shipped
104502,2026-04-27,Vehement Capital,East,Gizmo Mini,3,$45.00,$135.00,Shipped
104503,28/04/2026,Vehement Capital,East,Widget Lite,5,$89.99,$449.95,Pending
104504,2026-03-01,Massive Dynamic,East,Widget Pro,9,"$1,234.50","$11,110.50",Pending
104505,2026-03-02,Wayne Enterprises,East,Widget Lite,16,$89.99,"$1,439.84",Shipped
104506,Mar 3 2026,Wayne Enterprises,west,Gizmo Mini,27,$45.00,"$1,215.00",shipped
104507,2026-03-04,Acme Corp,West,Gizmo Mini,25,$45.00,"$1,125.00",pending
104508,2026-03-05,Hooli,East,Widget Lite,27,$89.99,"$2,429.73",SHIPPED
104509,13/03/2026,Massive Dynamic,NYC,Widget Lite,8,$89.99,$719.92,Shipped
104510,2026-03-07,Wayne Enterprises,n-y-c,Gizmo Mini,4,$45.00,$180.00,shipped
104511,2026-03-08,Wayne Enterprises,nyc,Widget Pro,25,"$1,234.50","$30,862.50",Pending
104512,13/03/2026,Massive Dynamic,West,Gadget X,3,"$2,150.00","$6,450.00",SHIPPED
104513,2026-03-10,Initech,West,Widget Lite,2,$89.99,$179.98,pending
104514,2026-03-11,Hooli,New York,Widget Pro,13,"$1,234.50","$16,048.50",shipped
104515,Mar 12 2026,Initech,East,Gadget X,24,"$2,150.00","$51,600.00",Pending
104516,2026-03-13,Wayne Enterprises,west,Widget Pro,8,"$1,234.50","$9,876.00",Pending
104517,2026-03-14,Acme Corp,West,Gizmo Mini,30,$45.00,"$1,350.00",SHIPPED
104518,2026-03-15,Soylent Co,West,Gizmo Mini,7,$45.00,$315.00,pending
104519,2026-03-16,Soylent Co,West,Gizmo Mini,24,$45.00,"$1,080.00",Pending
104520,2026-03-17,Umbrella Ltd,west,Widget Lite,2,$89.99,$179.98,pending
104521,2026-03-18,Hooli,East,Widget Lite,3,$89.99,$269.97,pending
104522,19/03/2026,Globex Incorporated,East,Gadget X,7,"$2,150.00","$15,050.00",SHIPPED
104523,2026-03-20,Stark Industries,East,Widget Lite,22,$89.99,"$1,979.78",SHIPPED
104524,2026-03-21,Soylent Co,East,Widget Lite,1,$89.99,$89.99,shipped
104525,2026-03-22,Massive Dynamic,west,Gadget X,26,"$2,150.00","$55,900.00",shipped
104526,2026-03-23,Initech,East,Widget Lite,6,$89.99,$539.94,Pending
104527,2026-03-24,Hooli,East,Gadget X,19,"$2,150.00","$40,850.00",shipped
104528,2026-03-25,Stark Industries,West,Gadget X,8,"$2,150.00","$17,200.00",Shipped
104529,26/03/2026,Wayne Enterprises,n-y-c,Gizmo Mini,24,$45.00,"$1,080.00",Pending
104530,2026-03-27,Vehement Capital,West,Gadget X,27,"$2,150.00","$58,050.00",Pending
104531,2026-03-28,Stark Industries,East,Widget Lite,29,$89.99,"$2,609.71",Shipped
104532,13/04/2026,Hooli,East,Gadget X,6,"$2,150.00","$12,900.00",Pending
104533,Apr 2 2026,Stark Industries,East,Gadget X,11,"$2,150.00","$23,650.00",Shipped
104534,2026-04-03,Massive Dynamic,New York,Gadget X,14,"$2,150.00","$30,100.00",Pending
104535,2026-04-04,Massive Dynamic,East,Gizmo Mini,20,$45.00,$900.00,Pending
104536,2026-04-05,Umbrella Ltd,NYC,Gizmo Mini,29,$45.00,"$1,305.00",Pending
104537,2026-04-06,Initech,west,Gizmo Mini,29,$45.00,"$1,305.00",shipped
104538,13/04/2026,Globex Incorporated,West,Widget Pro,3,"$1,234.50","$3,703.50",Pending
104539,2026-04-08,Globex Incorporated,n-y-c,Widget Lite,20,$89.99,"$1,799.80",Pending
104540,2026-04-09,Umbrella Ltd,East,Widget Pro,20,"$1,234.50","$24,690.00",shipped
104541,2026-04-10,Stark Industries,East,Widget Lite,2,$89.99,$179.98,pending
104542,Apr 11 2026,Initech,west,Widget Pro,9,"$1,234.50","$11,110.50",Pending
104543,2026-04-12,Hooli,NYC,Widget Pro,15,"$1,234.50","$18,517.50",Pending
104544,Apr 13 2026,Acme Corp,West,Gizmo Mini,8,$45.00,$360.00,Pending
104545,14/04/2026,Wayne Enterprises,East,Gadget X,25,"$2,150.00","$53,750.00",Shipped
104546,2026-04-15,Stark Industries,East,Gizmo Mini,29,$45.00,"$1,305.00",Pending
104547,2026-04-16,Wayne Enterprises,West,Widget Pro,7,"$1,234.50","$8,641.50",Shipped
104548,2026-04-17,Globex Incorporated,nyc,Widget Pro,27,"$1,234.50","$33,331.50",shipped
104549,2026-04-18,Globex Incorporated,East,Gadget X,5,"$2,150.00","$10,750.00",SHIPPED
104550,Apr 19 2026,Globex Incorporated,NYC,Gadget X,10,"$2,150.00","$21,500.00",Shipped
104551,20/04/2026,Acme Corp,East,Widget Pro,29,"$1,234.50","$35,800.50",SHIPPED
104552,2026-04-21,Acme Corp,East,Widget Pro,10,"$1,234.50","$12,345.00",shipped
104553,2026-04-22,,west,Widget Lite,23,$89.99,"$2,069.77",pending
104554,2026-04-23,Soylent Co,n-y-c,Gizmo Mini,3,$45.00,$135.00,pending
104555,2026-04-24,Wayne Enterprises,west,Gizmo Mini,22,$45.00,$990.00,pending
104556,2026-04-25,Globex Incorporated,West,Gizmo Mini,23,$45.00,"$1,035.00",Pending
104557,2026-04-26,Soylent Co,East,Widget Pro,23,"$1,234.50","$28,393.50",SHIPPED
104558,2026-04-27,Umbrella Ltd,n-y-c,Gadget X,21,"$2,150.00","$45,150.00",pending
104559,2026-04-28,Hooli,west,Widget Pro,26,"$1,234.50","$32,097.00",Pending
104560,Mar 1 2026,Massive Dynamic,n-y-c,Gizmo Mini,7,$45.00,$315.00,Pending
104561,2026-03-02,Hooli,East,Gadget X,21,"$2,150.00","$45,150.00",Pending
104562,2026-03-03,Vehement Capital,East,Gadget X,24,"$2,150.00","$51,600.00",Pending
104563,2026-03-04,Initech,NYC,Widget Lite,1,$89.99,$89.99,SHIPPED
104564,2026-03-05,Hooli,West,Widget Pro,29,"$1,234.50","$35,800.50",shipped
104565,2026-03-06,Hooli,East,Gizmo Mini,29,$45.00,"$1,305.00",shipped
104566,2026-03-07,Umbrella Ltd,west,Widget Lite,25,$89.99,"$2,249.75",Shipped
104567,2026-03-08,Stark Industries,NYC,Widget Pro,7,"$1,234.50","$8,641.50",SHIPPED
104568,2026-03-09,Massive Dynamic,nyc,Gadget X,6,"$2,150.00","$12,900.00",SHIPPED
104569,2026-03-10,Acme Corp,East,Widget Pro,30,"$1,234.50","$37,035.00",SHIPPED
104570,2026-03-11,Vehement Capital,west,Widget Lite,11,$89.99,$989.89,shipped
104571,2026-03-12,Umbrella Ltd,West,Gizmo Mini,8,$45.00,$360.00,pending
104572,13/03/2026,Initech,west,Gadget X,30,"$2,150.00","$64,500.00",SHIPPED
104573,14/03/2026,Vehement Capital,East,Widget Pro,19,"$1,234.50","$23,455.50",shipped
104574,2026-03-15,Hooli,East,Widget Pro,15,"$1,234.50","$18,517.50",Pending
104575,16/03/2026,Initech,West,Gizmo Mini,1,$45.00,$45.00,Pending
104576,17/03/2026,Hooli,nyc,Gizmo Mini,23,$45.00,"$1,035.00",Pending
104577,18/03/2026,Initech,nyc,Widget Pro,19,"$1,234.50","$23,455.50",pending
104578,2026-03-19,Globex Incorporated,East,Widget Pro,,,,Pending
104579,2026-03-20,Soylent Co,west,Widget Lite,20,$89.99,"$1,799.80",Pending
104580,2026-03-21,Soylent Co,East,Widget Lite,1,$89.99,$89.99,Pending
104581,2026-03-22,Vehement Capital,East,Widget Lite,9,$89.99,$809.91,Pending
104582,2026-03-23,Massive Dynamic,West,Gadget X,11,"$2,150.00","$23,650.00",pending
104583,2026-03-24,Massive Dynamic,west,Widget Lite,5,$89.99,$449.95,pending
104584,Mar 25 2026,Umbrella Ltd,West,Gizmo Mini,27,$45.00,"$1,215.00",shipped
104585,2026-03-26,Globex Incorporated,west,Gizmo Mini,13,$45.00,$585.00,Shipped
104586,2026-03-27,Wayne Enterprises,East,Gadget X,20,"$2,150.00","$43,000.00",SHIPPED
104587,2026-03-28,Globex Incorporated,n-y-c,Gizmo Mini,15,$45.00,$675.00,pending
104588,13/04/2026,Umbrella Ltd,nyc,Widget Lite,28,$89.99,"$2,519.72",Pending
104589,13/04/2026,Soylent Co,west,Widget Pro,29,"$1,234.50","$35,800.50",SHIPPED
104590,2026-04-03,Wayne Enterprises,East,Widget Pro,5,"$1,234.50","$6,172.50",shipped
104591,2026-04-04,Soylent Co,New York,Widget Pro,21,"$1,234.50","$25,924.50",Shipped
104592,2026-04-05,Vehement Capital,nyc,Gizmo Mini,12,$45.00,$540.00,Shipped
104593,2026-04-06,Globex Incorporated,NYC,Widget Pro,13,"$1,234.50","$16,048.50",shipped
104594,2026-04-07,Soylent Co,East,Gadget X,16,"$2,150.00","$34,400.00",Pending
104595,2026-04-08,Hooli,n-y-c,Gizmo Mini,2,$45.00,$90.00,pending
104596,2026-04-09,Wayne Enterprises,East,Gadget X,13,"$2,150.00","$27,950.00",Pending
104597,2026-04-10,Wayne Enterprises,East,Gadget X,17,"$2,150.00","$36,550.00",Shipped
104598,2026-04-11,Vehement Capital,west,Gizmo Mini,7,$45.00,$315.00,Pending
104599,2026-04-12,Soylent Co,New York,Widget Lite,23,$89.99,"$2,069.77",SHIPPED
104600,13/04/2026,Vehement Capital,New York,Widget Lite,7,$89.99,$629.93,Pending
104601,2026-04-14,Stark Industries,New York,Widget Pro,30,"$1,234.50","$37,035.00",Shipped
104602,2026-04-15,Massive Dynamic,west,Gizmo Mini,16,$45.00,$720.00,Pending
104603,2026-04-16,Globex Incorporated,West,Gadget X,14,"$2,150.00","$30,100.00",shipped
104604,2026-04-17,Initech,NYC,Gadget X,26,"$2,150.00","$56,100.00",pending
104605,2026-04-18,Umbrella Ltd,nyc,Gadget X,23,"$2,150.00","$49,450.00",pending
104606,2026-04-19,Stark Industries,West,Widget Pro,1,"$1,234.50","$1,234.50",Shipped
104607,2026-04-20,Acme Corp,East,Gadget X,,"$2,150.00","$60,200.00",pending
104608,Apr 21 2026,Soylent Co,n-y-c,Widget Lite,25,$89.99,"$2,249.75",SHIPPED
104609,22/04/2026,Massive Dynamic,East,Widget Pro,24,"$1,234.50","$29,628.00",SHIPPED
104610,2026-04-23,Globex Incorporated,East,Widget Lite,3,$89.99,$269.97,SHIPPED
104611,2026-04-24,Globex Incorporated,west,Gadget X,14,"$2,150.00","$30,100.00",Pending
104612,Apr 25 2026,Acme Corp,n-y-c,Widget Lite,2,$89.99,$179.98,SHIPPED
104613,2026-04-26,Hooli,nyc,Gizmo Mini,23,$45.00,"$1,035.00",pending
104614,2026-04-27,Wayne Enterprises,West,Gadget X,11,"$2,150.00","$23,650.00",pending
104615,2026-04-28,Vehement Capital,New York,Gizmo Mini,7,$45.00,$315.00,pending
104616,2026-03-01,Umbrella Ltd,West,Widget Pro,23,"$1,234.50","$28,393.50",pending
104617,13/03/2026,Globex Incorporated,n-y-c,Widget Pro,1,"$1,234.50","$1,234.50",Pending
104618,2026-03-03,Initech,East,Widget Pro,19,"$1,234.50","$23,455.50",Pending
104619,2026-03-04,Massive Dynamic,nyc,Widget Lite,26,$89.99,"$2,339.74",Pending
104620,13/03/2026,Globex Incorporated,New York,Widget Pro,21,"$1,234.50","$25,924.50",pending
104621,2026-03-06,Vehement Capital,nyc,Gadget X,19,"$2,150.00","$40,850.00",Pending
104622,2026-03-07,Umbrella Ltd,west,Gadget X,7,"$2,150.00","$15,050.00",SHIPPED
104623,2026-03-08,Umbrella Ltd,West,Gadget X,16,"$2,150.00","$34,400.00",pending
104624,Mar 9 2026,Acme Corp,East,Widget Lite,6,$89.99,$539.94,pending
104625,2026-03-10,Vehement Capital,East,Widget Pro,14,"$1,234.50","$17,283.00",Pending
104626,2026-03-11,Hooli,West,Widget Pro,21,"$1,234.50","$25,924.50",Shipped
104627,2026-03-12,Umbrella Ltd,West,Widget Lite,8,$89.99,$719.92,Pending
104628,Mar 13 2026,Umbrella Ltd,west,Gizmo Mini,20,$45.00,$900.00,shipped
104629,2026-03-14,Initech,East,Gadget X,28,"$2,150.00","$60,200.00",Pending
104630,2026-03-15,Stark Industries,west,Gadget X,15,"$2,150.00","$32,250.00",Pending
104631,2026-03-16,Soylent Co,West,Gizmo Mini,10,$45.00,$450.00,shipped
104632,2026-03-17,Vehement Capital,East,Gizmo Mini,23,$45.00,"$1,035.00",Pending
104633,2026-03-18,Acme Corp,West,Widget Pro,17,"$1,234.50","$20,986.50",Shipped
104634,2026-03-19,Vehement Capital,west,Gadget X,6,"$2,150.00","$12,900.00",SHIPPED
104635,2026-03-20,Soylent Co,nyc,Gizmo Mini,1,$45.00,$45.00,Shipped
104636,2026-03-21,Hooli,West,Gadget X,27,"$2,150.00","$58,050.00",Shipped
104637,22/03/2026,Initech,West,Gadget X,4,"$2,150.00","$8,600.00",Shipped
104638,2026-03-23,Initech,East,Widget Lite,19,$89.99,"$1,709.81",Shipped
104639,2026-03-24,Stark Industries,n-y-c,Gizmo Mini,1,$45.00,$45.00,Pending
104640,2026-03-25,Umbrella Ltd,nyc,Gadget X,20,"$2,150.00","$43,000.00",SHIPPED
104641,Mar 26 2026,Massive Dynamic,nyc,Gadget X,3,"$2,150.00","$6,450.00",Shipped
104642,27/03/2026,Umbrella Ltd,NYC,Widget Lite,15,$89.99,"$1,349.85",pending
104643,28/03/2026,Initech,West,Widget Pro,1,"$1,234.50","$1,234.50",pending
104644,2026-04-01,Globex Incorporated,west,Widget Pro,23,"$1,234.50","$28,393.50",shipped
104645,13/04/2026,Vehement Capital,East,Widget Pro,30,"$1,234.50","$37,035.00",Shipped
104646,13/04/2026,Initech,West,Gadget X,12,"$2,150.00","$25,800.00",Shipped
104647,13/04/2026,Umbrella Ltd,nyc,Widget Lite,6,$89.99,$539.94,pending
104648,2026-04-05,Umbrella Ltd,East,Widget Pro,5,"$1,234.50","$6,172.50",SHIPPED
104649,Apr 6 2026,Stark Industries,East,Widget Lite,19,$89.99,"$1,709.81",shipped
104650,2026-04-07,Soylent Co,New York,Gizmo Mini,3,$45.00,$135.00,shipped
104651,13/04/2026,Vehement Capital,West,Widget Pro,13,"$1,234.50","$16,048.50",pending
104652,13/04/2026,Soylent Co,West,Gadget X,14,"$2,150.00","$30,100.00",pending
104653,2026-04-10,Vehement Capital,East,Gizmo Mini,1,$45.00,$45.00,SHIPPED
104654,2026-04-11,Soylent Co,East,Widget Pro,13,"$1,234.50","$16,048.50",Pending
104655,2026-04-12,Massive Dynamic,New York,Gadget X,10,"$2,150.00","$21,500.00",Pending
104656,2026-04-13,Massive Dynamic,West,Gizmo Mini,8,$45.00,$360.00,pending
104657,2026-04-14,Wayne Enterprises,n-y-c,Widget Pro,4,"$1,234.50","$4,938.00",Pending
104658,2026-04-15,Wayne Enterprises,west,Widget Pro,19,"$1,234.50","$23,455.50",pending
104659,16/04/2026,Massive Dynamic,west,Widget Pro,14,"$1,234.50","$17,283.00",SHIPPED
104660,2026-04-17,Wayne Enterprises,West,Widget Lite,30,$89.99,"$2,699.70",shipped
104661,2026-04-18,Globex Incorporated,West,Widget Pro,21,"$1,234.50","$25,924.50",Shipped
104662,2026-04-19,Hooli,west,Widget Pro,19,"$1,234.50","$23,455.50",pending
104663,2026-04-20,Wayne Enterprises,New York,Gizmo Mini,16,$45.00,$720.00,Pending
104664,2026-04-21,Soylent Co,NYC,Gadget X,30,"$2,150.00","$64,500.00",shipped
104665,2026-04-22,Wayne Enterprises,New York,Gadget X,3,"$2,150.00","$6,450.00",Pending
104666,2026-04-23,Umbrella Ltd,west,Gizmo Mini,2,$45.00,$90.00,pending
104667,2026-04-24,Soylent Co,NYC,Gizmo Mini,30,$45.00,"$1,350.00",Shipped
104667,2026-04-24,Soylent Co,NYC,Gizmo Mini,30,$45.00,"$1,350.00",Shipped
104668,2026-04-26,Acme Corp,New York,Gadget X,17,"$2,150.00","$36,550.00",shipped
104669,2026-04-27,Massive Dynamic,NYC,Gizmo Mini,29,$45.00,"$1,305.00",shipped
104670,2026-04-28,Soylent Co,west,Gizmo Mini,18,$45.00,$810.00,Shipped
104670,2026-04-28, Soylent Co ,WEST,Gizmo Mini,18,$45.00,$810.00,Shipped
104671,2026-03-02,Vehement Capital,East,Widget Lite,16,$89.99,"$1,439.84",pending
104672,2026-03-03,Wayne Enterprises,East,Widget Lite,11,$89.99,$989.89,Shipped
104673,2026-03-04,Massive Dynamic,west,Widget Lite,18,$89.99,"$1,619.82",shipped
104674,2026-03-05,Soylent Co,n-y-c,Widget Pro,17,"$1,234.50","$20,986.50",shipped
104675,2026-03-06,Soylent Co,West,Gizmo Mini,1,$45.00,$45.00,shipped
104676,2026-03-07,Initech,East,Widget Lite,24,$89.99,"$2,159.76",pending
104677,2026-03-08,Massive Dynamic,west,Gadget X,25,"$2,150.00","$53,750.00",SHIPPED
104678,2026-03-09,Umbrella Ltd,west,Widget Pro,15,"$1,234.50","$18,517.50",pending
104679,2026-03-10,Soylent Co,NYC,Gizmo Mini,3,$45.00,$135.00,SHIPPED
104680,2026-03-11,Vehement Capital,nyc,Gadget X,26,"$2,150.00","$55,900.00",Pending
104681,2026-03-12,Stark Industries,East,Widget Lite,3,$89.99,$269.97,shipped
104682,2026-03-13,Initech,New York,Gadget X,22,"$2,150.00","$47,300.00",pending
104683,2026-03-14,Globex Incorporated,west,Gizmo Mini,22,$45.00,$990.00,Shipped
104684,2026-03-15,Wayne Enterprises,East,Widget Pro,29,"$1,234.50","$35,800.50",Pending
104685,2026-03-16,,West,Gadget X,5,"$2,150.00","$10,750.00",shipped
104686,2026-03-17,Soylent Co,West,Widget Lite,29,$89.99,"$2,609.71",shipped
104687,2026-03-18,Stark Industries,NYC,Widget Lite,10,$89.99,$899.90,SHIPPED
104688,2026-03-19,Acme Corp,nyc,Widget Lite,10,$89.99,$899.90,shipped
104689,2026-03-20,Hooli,NYC,Gizmo Mini,20,$45.00,$900.00,Pending
104690,2026-03-21,Wayne Enterprises,n-y-c,Gadget X,2,"$2,150.00","$4,300.00",Shipped
104691,22/03/2026,Vehement Capital,East,Widget Lite,15,$89.99,"$1,349.85",Pending
104692,2026-03-23,Umbrella Ltd,East,Widget Lite,9,$89.99,$809.91,Shipped
104693,24/03/2026,Umbrella Ltd,n-y-c,Gizmo Mini,19,$45.00,$855.00,pending
104694,2026-03-25,Umbrella Ltd,west,Widget Lite,26,$89.99,"$2,339.74",shipped
104695,2026-03-26,Stark Industries,East,Gizmo Mini,8,$45.00,$360.00,Shipped
104696,2026-03-27,Acme Corp,west,Widget Pro,24,"$1,234.50","$29,628.00",Pending
104697,2026-03-28,Massive Dynamic,nyc,Widget Pro,3,"$1,234.50","$3,703.50",Pending
104698,2026-04-01,Acme Corp,East,Widget Lite,22,$89.99,"$1,979.78",Pending
104699,2026-04-02,Wayne Enterprises,East,Widget Lite,3,$89.99,$269.97,SHIPPED
104700,2026-04-03,Acme Corp,East,Widget Lite,-23,$89.99,"-$2,069.77",cancelled
104701,2026-04-04,Hooli,nyc,Gadget X,28,"$2,150.00","$60,200.00",SHIPPED
104702,2026-04-05,Initech,East,Gadget X,9,"$2,150.00","$19,350.00",pending
104703,2026-04-06,Stark Industries,nyc,Widget Pro,9,"$1,234.50","$11,110.50",shipped
104704,2026-04-07,Umbrella Ltd,East,Widget Lite,28,$89.99,"$2,519.72",pending
104705,2026-04-08,Massive Dynamic,East,Gizmo Mini,15,$45.00,$675.00,SHIPPED
104706,2026-04-09,Soylent Co,East,Gizmo Mini,5,$45.00,$225.00,Shipped
104707,2026-04-10,Wayne Enterprises,n-y-c,Widget Lite,18,$89.99,"$1,619.82",SHIPPED
104708,2026-04-11,Wayne Enterprises,East,Widget Pro,21,"$1,234.50","$25,924.50",pending
104709,2026-04-12,Stark Industries,East,Widget Pro,25,"$1,234.50","$30,862.50",SHIPPED
104710,2026-04-13,Acme Corp,East,Gizmo Mini,20,$45.00,$900.00,pending
104711,2026-04-14,Soylent Co,West,Gizmo Mini,29,$45.00,"$1,305.00",pending
104712,2026-04-15,Massive Dynamic,n-y-c,Gadget X,4,"$2,150.00","$8,600.00",shipped
104713,16/04/2026,Wayne Enterprises,West,Gizmo Mini,19,$45.00,$855.00,shipped
104714,17/04/2026,Initech,New York,Widget Lite,3,$89.99,$269.97,pending
104715,2026-04-18,Initech,NYC,Gizmo Mini,23,$45.00,"$1,035.00",SHIPPED
104716,2026-04-19,Wayne Enterprises,East,Widget Pro,20,"$1,234.50","$24,690.00",Pending
104717,20/04/2026,Hooli,nyc,Widget Pro,13,"$1,234.50","$16,048.50",pending
104718,2026-04-21,Initech,n-y-c,Gizmo Mini,13,$45.00,$585.00,SHIPPED
104719,22/04/2026,Massive Dynamic,west,Gizmo Mini,24,$45.00,"$1,080.00",pending
104720,2026-04-23,Umbrella Ltd,west,Widget Pro,23,"$1,234.50","$28,393.50",pending
104721,2026-04-24,Soylent Co,East,Gizmo Mini,25,$45.00,"$1,125.00",SHIPPED
104722,2026-04-25,Wayne Enterprises,West,Widget Pro,26,"$1,234.50","$32,097.00",Pending
104723,26/04/2026,Vehement Capital,East,Widget Pro,6,"$1,234.50","$7,407.00",pending
104724,2026-04-27,Hooli,nyc,Gizmo Mini,9,$45.00,$405.00,pending
104725,2026-04-28,Initech,New York,Widget Pro,5,"$1,234.50","$6,172.50",pending
104726,2026-03-01,Umbrella Ltd,NYC,Gadget X,1,"$2,150.00","$2,150.00",shipped
104727,2026-03-02,Massive Dynamic,East,Gadget X,11,"$2,150.00","$23,650.00",Shipped
104728,2026-03-03,Acme Corp,NYC,Widget Lite,17,$89.99,"$1,529.83",pending
104729,2026-03-04,Acme Corp,NYC,Gadget X,7,"$2,150.00","$15,050.00",shipped
104730,2026-03-05,Massive Dynamic,n-y-c,Gizmo Mini,16,$45.00,$720.00,pending
104731,2026-03-06,Acme Corp,NYC,Widget Pro,28,"$1,234.50","$34,566.00",pending
104732,2026-03-07,Acme Corp,West,Gizmo Mini,4,$45.00,$180.00,shipped
104733,Mar 8 2026,Soylent Co,West,Widget Lite,9,$89.99,$809.91,SHIPPED
104734,2026-03-09,Umbrella Ltd,nyc,Gadget X,14,"$2,150.00","$30,100.00",SHIPPED
104735,2026-03-10,Hooli,West,Gadget X,2,"$2,150.00","$4,300.00",Pending
104736,2026-03-11,Wayne Enterprises,n-y-c,Gizmo Mini,23,$45.00,"$1,035.00",pending
104737,2026-03-12,Massive Dynamic,East,Gizmo Mini,22,$45.00,$990.00,shipped
104738,13/03/2026,Globex Incorporated,East,Gadget X,23,"$2,150.00","$49,450.00",pending
104739,Mar 14 2026,Globex Incorporated,west,Gizmo Mini,29,$45.00,"$1,305.00",Pending
104740,2026-03-15,Vehement Capital,New York,Widget Lite,11,$89.99,$989.89,Pending
104741,16/03/2026,Massive Dynamic,west,Widget Pro,21,"$1,234.50","$25,924.50",pending
104742,2026-03-17,Acme Corp,nyc,Gadget X,30,"$2,150.00","$64,500.00",Pending
104743,2026-03-18,Globex Incorporated,west,Gadget X,18,"$2,150.00","$38,700.00",shipped
104744,2026-03-19,Acme Corp,west,Widget Lite,24,$89.99,"$2,159.76",shipped
104745,20/03/2026,Initech,West,Gizmo Mini,4,$45.00,$180.00,Pending
104746,2026-03-21,Acme Corp,East,Gadget X,8,"$2,150.00","$17,200.00",Pending
104747,2026-03-22,Massive Dynamic,East,Widget Lite,3,$89.99,$269.97,SHIPPED
104748,2026-03-23,Wayne Enterprises,West,Gadget X,4,"$2,150.00","$8,600.00",SHIPPED
104749,2026-03-24,Soylent Co,East,Widget Pro,11,"$1,234.50","$13,579.50",Pending
104750,2026-03-25,Vehement Capital,West,Gizmo Mini,2,$45.00,$90.00,Pending
104751,2026-03-26,Wayne Enterprises,East,Widget Lite,28,$89.99,"$2,519.72",Shipped
104752,2026-03-27,Globex Incorporated,West,Gadget X,10,"$2,150.00","$21,500.00",Pending
104753,2026-03-28,Wayne Enterprises,west,Widget Pro,10,"$1,234.50","$12,345.00",Pending
104754,13/04/2026,Massive Dynamic,East,Gizmo Mini,29,$45.00,"$1,305.00",Pending
104755,2026-04-02,Massive Dynamic,west,Widget Pro,23,"$1,234.50","$28,393.50",pending
104756,13/04/2026,Hooli,nyc,Widget Pro,20,"$1,234.50","$24,690.00",shipped
104757,2026-04-04,Stark Industries,west,Gadget X,11,"$2,150.00","$23,650.00",Shipped
104758,2026-04-05,Massive Dynamic,East,Gadget X,10,"$2,150.00","$21,500.00",Pending
104759,2026-04-06,Soylent Co,west,Gadget X,22,"$2,150.00","$47,300.00",Pending
104759,2026-04-06, Soylent Co ,WEST,Gadget X,22,"$2,150.00","$47,300.00",Pending
104760,Apr 8 2026,Stark Industries,East,Gizmo Mini,,$45.00,$720.00,SHIPPED
104761,2026-04-09,Umbrella Ltd,West,Gadget X,8,"$2,150.00","$17,200.00",Pending
104762,2026-04-10,Stark Industries,west,Widget Pro,17,"$1,234.50","$20,986.50",pending
104763,2026-04-11,Hooli,East,Gizmo Mini,3,$45.00,$135.00,Pending
104764,13/04/2026,Umbrella Ltd,west,Widget Lite,17,$89.99,"$1,529.83",shipped
104765,13/04/2026,Vehement Capital,West,Widget Lite,10,$89.99,$899.90,Shipped
104766,14/04/2026,Massive Dynamic,New York,Widget Lite,25,$89.99,"$2,249.75",Shipped
104767,2026-04-15,Vehement Capital,East,Gizmo Mini,8,$45.00,$360.00,Shipped
104768,2026-04-16,Acme Corp,West,Widget Lite,3,$89.99,$269.97,SHIPPED
104769,2026-04-17,Hooli,East,Gadget X,-27,"$2,150.00","-$58,050.00",cancelled
104770,2026-04-18,Globex Incorporated,East,Widget Lite,14,$89.99,"$1,259.86",pending
104771,2026-04-19,Soylent Co,West,Gizmo Mini,9,$45.00,$405.00,Pending
104772,2026-04-20,Vehement Capital,East,Widget Pro,1,"$1,234.50","$1,234.50",SHIPPED
104773,2026-04-21,Hooli,East,Gadget X,29,"$2,150.00","$62,350.00",shipped
104774,2026-04-22,Globex Incorporated,East,Gizmo Mini,14,$45.00,$630.00,SHIPPED
104775,2026-04-23,Stark Industries,New York,Widget Pro,18,"$1,234.50","$22,221.00",pending
104776,2026-04-24,Hooli,East,Gizmo Mini,21,$45.00,$945.00,pending
104777,2026-04-25,Vehement Capital,West,Gizmo Mini,22,$45.00,$990.00,shipped
104778,2026-04-26,Umbrella Ltd,NYC,Widget Lite,3,$89.99,$269.97,Shipped
104779,Apr 27 2026,Wayne Enterprises,n-y-c,Gizmo Mini,20,$45.00,$900.00,SHIPPED
104780,2026-04-28,Initech,NYC,Widget Pro,27,"$1,234.50","$33,331.50",pending
104781,13/03/2026,Stark Industries,East,Widget Pro,23,"$1,234.50","$28,393.50",Shipped
104782,2026-03-02,Acme Corp,nyc,Widget Lite,6,$89.99,$539.94,pending
104783,2026-03-03,Umbrella Ltd,NYC,Widget Pro,4,"$1,234.50","$4,938.00",pending
104784,2026-03-04,Acme Corp,nyc,Gizmo Mini,11,$45.00,$495.00,SHIPPED
104785,13/03/2026,Stark Industries,East,Gizmo Mini,12,$45.00,$540.00,Pending
104785,13/03/2026, Stark Industries ,EAST,Gizmo Mini,12,$45.00,$540.00,Pending
104786,2026-03-07,Globex Incorporated,west,Gadget X,23,"$2,150.00","$49,450.00",shipped
104787,2026-03-08,Stark Industries,East,Widget Pro,15,"$1,234.50","$18,517.50",pending
104788,2026-03-09,Initech,West,Widget Lite,21,$89.99,"$1,889.79",pending
104789,2026-03-10,Initech,west,Gadget X,19,"$2,150.00","$40,850.00",pending
104790,2026-03-11,Massive Dynamic,n-y-c,Widget Pro,24,"$1,234.50","$29,628.00",pending
104791,13/03/2026,Vehement Capital,East,Widget Pro,12,"$1,234.50","$14,814.00",shipped
104792,2026-03-13,Wayne Enterprises,n-y-c,Widget Pro,10,"$1,234.50","$12,345.00",pending
104793,2026-03-14,Umbrella Ltd,west,Widget Pro,21,"$1,234.50","$25,924.50",SHIPPED
104794,2026-03-15,Soylent Co,west,Widget Pro,10,"$1,234.50","$12,345.00",Pending
104795,2026-03-16,Vehement Capital,NYC,Gizmo Mini,19,$45.00,$855.00,pending
104796,2026-03-17,Massive Dynamic,New York,Gizmo Mini,4,$45.00,$180.00,shipped
104797,2026-03-18,Vehement Capital,west,Gizmo Mini,7,$45.00,$315.00,pending
104798,19/03/2026,Initech,East,Widget Lite,1,$89.99,$89.99,SHIPPED
104799,2026-03-20,Globex Incorporated,NYC,Widget Lite,29,$89.99,"$2,609.71",pending
104800,2026-03-21,Massive Dynamic,East,Widget Pro,22,"$1,234.50","$27,159.00",Pending
104801,22/03/2026,Umbrella Ltd,West,Widget Pro,20,"$1,234.50","$24,690.00",pending
104802,2026-03-23,Massive Dynamic,nyc,Gizmo Mini,3,$45.00,$135.00,shipped
104803,2026-03-24,Massive Dynamic,West,Gadget X,28,"$2,150.00","$60,200.00",SHIPPED
104804,2026-03-25,Initech,West,Widget Lite,2,$89.99,$179.98,shipped
104805,26/03/2026,Vehement Capital,west,Gizmo Mini,19,$45.00,$855.00,SHIPPED
104806,2026-03-27,Soylent Co,East,Gizmo Mini,15,$45.00,$675.00,SHIPPED
104807,28/03/2026,Initech,East,Gadget X,5,"$2,150.00","$10,750.00",Pending
104808,13/04/2026,Stark Industries,west,Widget Lite,13,$89.99,"$1,169.87",pending
104809,2026-04-02,Soylent Co,West,Gizmo Mini,11,$45.00,$495.00,SHIPPED
104810,13/04/2026,Wayne Enterprises,n-y-c,Widget Pro,21,"$1,234.50","$25,924.50",SHIPPED
104811,2026-04-04,Acme Corp,West,Gizmo Mini,23,$45.00,"$1,035.00",Pending
104812,2026-04-05,Vehement Capital,west,Gizmo Mini,3,$45.00,$135.00,Shipped
104813,2026-04-06,Initech,NYC,Widget Lite,13,$89.99,"$1,169.87",Pending
104814,13/04/2026,Soylent Co,NYC,Gizmo Mini,3,$45.00,$135.00,SHIPPED
104815,2026-04-08,Globex Incorporated,East,Gizmo Mini,18,$45.00,$810.00,Pending
104816,2026-04-09,Stark Industries,NYC,Widget Lite,23,$89.99,"$2,069.77",pending
104817,2026-04-10,Umbrella Ltd,West,Widget Lite,23,$89.99,"$2,069.77",pending
104818,2026-04-11,Hooli,west,Widget Lite,3,$89.99,$269.97,Pending
104819,13/04/2026,Acme Corp,west,Widget Pro,15,"$1,234.50","$18,517.50",shipped
104820,2026-04-13,Soylent Co,East,Widget Pro,12,"$1,234.50","$14,814.00",Pending
104821,2026-04-14,Soylent Co,West,Gadget X,14,"$2,150.00","$30,100.00",Pending
104822,2026-04-15,Acme Corp,West,Gizmo Mini,5,$45.00,$225.00,Shipped
104823,2026-04-16,Massive Dynamic,West,Widget Lite,9,$89.99,$809.91,Pending
104824,2026-04-17,Stark Industries,East,Widget Pro,30,"$1,234.50","$37,035.00",SHIPPED
104825,18/04/2026,Acme Corp,west,Gizmo Mini,9,$45.00,$405.00,shipped
104826,2026-04-19,Acme Corp,East,Widget Lite,7,$89.99,$629.93,Pending
104827,2026-04-20,Soylent Co,n-y-c,Widget Pro,25,"$1,234.50","$30,862.50",SHIPPED
104828,2026-04-21,Acme Corp,East,Widget Pro,23,"$1,234.50","$28,393.50",Shipped
104829,2026-04-22,Wayne Enterprises,NYC,Gizmo Mini,22,$45.00,$990.00,pending
104830,2026-04-23,Acme Corp,West,Widget Pro,30,"$1,234.50","$37,035.00",pending
104831,2026-04-24,Soylent Co,East,Widget Lite,20,$89.99,"$1,799.80",shipped
104832,2026-04-25,Hooli,East,Widget Lite,1,$89.99,$89.99,SHIPPED
104833,2026-04-26,Stark Industries,West,Gadget X,4,"$2,150.00","$8,600.00",pending
104834,Apr 27 2026,Globex Incorporated,NYC,Widget Pro,11,"$1,234.50","$13,579.50",Pending
104835,Apr 28 2026,,West,Gizmo Mini,24,$45.00,"$1,080.00",pending
104836,2026-03-01,Umbrella Ltd,East,Widget Pro,24,"$1,234.50","$29,628.00",Pending
104837,13/03/2026,Globex Incorporated,west,Widget Lite,9,$89.99,$809.91,pending
104838,13/03/2026,Hooli,west,Widget Pro,19,"$1,234.50","$23,455.50",Pending
104839,2026-03-04,Acme Corp,East,Gadget X,27,"$2,150.00","$58,050.00",shipped
104840,13/03/2026,Hooli,NYC,Gadget X,24,"$2,150.00","$51,600.00",Pending
104841,13/03/2026,Initech,West,Widget Pro,12,"$1,234.50","$14,814.00",Shipped
104842,13/03/2026,Vehement Capital,NYC,Gadget X,18,"$2,150.00","$38,700.00",pending
104843,2026-03-08,Stark Industries,West,Widget Lite,23,$89.99,"$2,069.77",SHIPPED
104844,2026-03-09,Stark Industries,New York,Widget Lite,2,$89.99,$179.98,Pending
104845,2026-03-10,Vehement Capital,n-y-c,Gadget X,28,"$2,150.00","$60,200.00",SHIPPED
104846,2026-03-11,Globex Incorporated,East,Gadget X,28,"$2,150.00","$60,200.00",Pending
104847,2026-03-12,Umbrella Ltd,West,Gadget X,3,"$2,150.00","$6,450.00",pending
104848,2026-03-13,Massive Dynamic,East,Gizmo Mini,7,$45.00,$315.00,SHIPPED
104849,2026-03-14,Stark Industries,west,Widget Lite,10,$89.99,$899.90,SHIPPED
104850,2026-03-15,Globex Incorporated,NYC,Widget Lite,1,$89.99,$89.99,pending
104851,2026-03-16,Globex Incorporated,nyc,Gizmo Mini,19,$45.00,$855.00,Shipped
104852,2026-03-17,Stark Industries,West,Widget Pro,19,"$1,234.50","$23,455.50",SHIPPED
104853,2026-03-18,Massive Dynamic,west,Gadget X,2,"$2,150.00","$4,300.00",pending
104854,2026-03-19,Globex Incorporated,East,Widget Lite,7,$89.99,$829.93,Pending
104855,2026-03-20,Stark Industries,West,Gizmo Mini,8,$45.00,$360.00,pending
104856,21/03/2026,Hooli,West,Gadget X,9,"$2,150.00","$19,350.00",pending
104857,2026-03-22,Wayne Enterprises,East,Widget Lite,3,$89.99,$269.97,SHIPPED
104858,2026-03-23,Massive Dynamic,East,Gizmo Mini,18,$45.00,$810.00,Shipped
104859,2026-03-24,Vehement Capital,NYC,Widget Lite,30,$89.99,"$2,699.70",Pending
104860,2026-03-25,Hooli,New York,Gizmo Mini,21,$45.00,$945.00,SHIPPED
104861,2026-03-26,Stark Industries,west,Widget Lite,14,$89.99,"$1,259.86",SHIPPED
104862,2026-03-27,Globex Incorporated,West,Gizmo Mini,14,$45.00,$630.00,SHIPPED
104863,2026-03-28,Wayne Enterprises,west,Gizmo Mini,13,$45.00,$585.00,Shipped
104864,2026-04-01,Vehement Capital,East,Gadget X,9,"$2,150.00","$19,350.00",shipped
104865,Apr 2 2026,Massive Dynamic,New York,Widget Pro,16,"$1,234.50","$19,752.00",SHIPPED
104866,Apr 3 2026,Umbrella Ltd,West,Widget Lite,6,$89.99,$539.94,shipped
104867,2026-04-04,Massive Dynamic,East,Widget Pro,30,"$1,234.50","$37,035.00",Pending
104868,2026-04-05,Massive Dynamic,East,Widget Pro,30,"$1,234.50","$37,035.00",Shipped
104869,2026-04-06,Umbrella Ltd,East,Widget Lite,12,$89.99,"$1,079.88",Pending
104870,2026-04-07,Stark Industries,NYC,Gadget X,6,"$2,150.00","$12,900.00",SHIPPED
104871,13/04/2026,Vehement Capital,East,Widget Lite,16,$89.99,"$1,439.84",Shipped
104872,2026-04-09,Stark Industries,west,Gadget X,3,"$2,150.00","$6,450.00",pending
104873,2026-04-10,Stark Industries,west,Gizmo Mini,2,$45.00,$90.00,shipped
104874,2026-04-11,Stark Industries,West,Gizmo Mini,11,$45.00,$495.00,Pending
104875,13/04/2026,Initech,west,Widget Pro,,"$1,234.50","$11,110.50",Pending
104876,Apr 13 2026,Stark Industries,west,Gizmo Mini,8,$45.00,$360.00,pending
104877,14/04/2026,Stark Industries,West,Gadget X,13,"$2,150.00","$27,950.00",shipped
104878,2026-04-15,Initech,west,Widget Lite,15,$89.99,"$1,349.85",SHIPPED
104879,16/04/2026,Initech,West,Gadget X,7,"$2,150.00","$15,050.00",shipped
104880,17/04/2026,Vehement Capital,n-y-c,Widget Lite,15,$89.99,"$1,349.85",pending
104880,17/04/2026, Vehement Capital ,N-Y-C,Widget Lite,15,$89.99,"$1,349.85",pending
104881,2026-04-19,Umbrella Ltd,NYC,Widget Pro,20,"$1,234.50","$24,690.00",pending
104882,2026-04-20,Globex Incorporated,west,Gadget X,22,"$2,150.00","$47,300.00",shipped
104883,Apr 21 2026,Globex Incorporated,West,Widget Lite,1,$89.99,$89.99,Pending
104884,2026-04-22,Wayne Enterprises,East,Gizmo Mini,23,$45.00,"$1,035.00",pending
104885,2026-04-23,Wayne Enterprises,West,Widget Pro,23,"$1,234.50","$28,393.50",SHIPPED
104886,2026-04-24,Initech,West,Gadget X,28,"$2,150.00","$60,200.00",SHIPPED
104887,2026-04-25,Umbrella Ltd,nyc,Widget Lite,12,$89.99,"$1,079.88",pending
104888,26/04/2026,Acme Corp,East,Gizmo Mini,10,$45.00,$450.00,Pending
104889,2026-04-27,Globex Incorporated,n-y-c,Widget Lite,20,$89.99,"$1,799.80",pending
104890,2026-04-28,Globex Incorporated,west,Gizmo Mini,5,$45.00,$225.00,shipped
104891,2026-03-01,Umbrella Ltd,n-y-c,Widget Lite,24,$89.99,"$2,159.76",Pending
104892,13/03/2026,Vehement Capital,New York,Gadget X,5,"$2,150.00","$10,950.00",pending
104893,Mar 3 2026,Wayne Enterprises,East,Gizmo Mini,18,$45.00,$810.00,Pending
104894,2026-03-04,Massive Dynamic,west,Gadget X,6,"$2,150.00","$12,900.00",pending
104895,13/03/2026,Initech,East,Gadget X,4,"$2,150.00","$8,450.00",Pending
104896,Mar 6 2026,Wayne Enterprises,East,Widget Pro,22,"$1,234.50","$27,159.00",shipped
104897,2026-03-07,Vehement Capital,west,Widget Lite,9,$89.99,$809.91,SHIPPED
104898,2026-03-08,Soylent Co,west,Gadget X,25,"$2,150.00","$53,750.00",pending
104899,13/03/2026,Hooli,East,Widget Lite,17,$89.99,"$1,529.83",Pending
104900,13/03/2026,Wayne Enterprises,East,Gadget X,9,"$2,150.00","$19,350.00",Shipped
104901,13/03/2026,Globex Incorporated,East,Widget Lite,13,$89.99,"$1,169.87",shipped
104902,13/03/2026,Initech,West,Gadget X,18,"$2,150.00","$38,700.00",Pending
104903,2026-03-13,Soylent Co,n-y-c,Gadget X,27,"$2,150.00","$58,050.00",pending
104904,2026-03-14,Initech,NYC,Gizmo Mini,10,$45.00,$450.00,SHIPPED
104905,15/03/2026,Wayne Enterprises,East,Widget Lite,19,$89.99,"$1,709.81",SHIPPED
104906,2026-03-16,Hooli,West,Widget Pro,3,"$1,234.50","$3,703.50",Pending
104907,2026-03-17,Umbrella Ltd,East,Widget Lite,17,$89.99,"$1,529.83",shipped
104908,18/03/2026,Vehement Capital,West,Gadget X,1,"$2,150.00","$2,150.00",SHIPPED
104909,2026-03-19,Soylent Co,west,Widget Pro,10,"$1,234.50","$12,345.00",Pending
104910,2026-03-20,Stark Industries,New York,Widget Lite,22,$89.99,"$1,979.78",Pending
104911,2026-03-21,Vehement Capital,nyc,Gizmo Mini,10,$45.00,$450.00,pending
104912,2026-03-22,Soylent Co,NYC,Gizmo Mini,4,$45.00,$180.00,shipped
104913,2026-03-23,Massive Dynamic,East,Widget Lite,19,$89.99,"$1,709.81",Pending
104914,2026-03-24,Stark Industries,NYC,Gadget X,16,"$2,150.00","$34,400.00",Pending
104915,2026-03-25,Acme Corp,New York,Gadget X,26,"$2,150.00","$55,900.00",SHIPPED
104916,2026-03-26,Acme Corp,nyc,Widget Pro,14,"$1,234.50","$17,283.00",SHIPPED
104917,2026-03-27,Initech,NYC,Widget Lite,27,$89.99,"$2,429.73",pending
104918,2026-03-28,Umbrella Ltd,New York,Widget Pro,27,"$1,234.50","$33,331.50",Pending
104919,2026-04-01,Umbrella Ltd,East,Gizmo Mini,1,$45.00,$45.00,Pending
104920,2026-04-02,Initech,west,Gadget X,8,"$2,150.00","$17,200.00",SHIPPED
104921,Apr 3 2026,Soylent Co,n-y-c,Gadget X,4,"$2,150.00","$8,600.00",Shipped
104922,2026-04-04,Soylent Co,East,Gadget X,29,"$2,150.00","$62,350.00",SHIPPED
104923,2026-04-05,Massive Dynamic,East,Gizmo Mini,10,$45.00,$450.00,pending
104924,2026-04-06,Massive Dynamic,West,Widget Pro,23,"$1,234.50","$28,393.50",Shipped
104925,2026-04-07,Wayne Enterprises,East,Gadget X,28,"$2,150.00","$60,200.00",SHIPPED
104926,2026-04-08,Acme Corp,East,Gadget X,28,"$2,150.00","$60,200.00",Pending
104927,2026-04-09,Stark Industries,New York,Widget Lite,23,$89.99,"$2,069.77",Pending
104928,2026-04-10,Umbrella Ltd,East,Widget Lite,15,$89.99,"$1,349.85",shipped
104929,2026-04-11,Hooli,n-y-c,Gadget X,10,"$2,150.00","$21,500.00",Pending
104930,2026-04-12,Initech,East,Widget Lite,4,$89.99,$359.96,shipped
104931,Apr 13 2026,Vehement Capital,n-y-c,Widget Lite,13,$89.99,"$1,169.87",shipped
104932,2026-04-14,Globex Incorporated,NYC,Gizmo Mini,11,$45.00,$495.00,pending
104933,2026-04-15,Stark Industries,East,Widget Lite,10,$89.99,$899.90,Pending
104934,2026-04-16,Globex Incorporated,n-y-c,Widget Pro,18,"$1,234.50","$22,221.00",shipped
104935,2026-04-17,Globex Incorporated,west,Widget Pro,2,"$1,234.50","$2,469.00",Shipped
104936,2026-04-18,Vehement Capital,West,Widget Lite,11,$89.99,$989.89,pending
104937,2026-04-19,Stark Industries,East,Gizmo Mini,17,$45.00,$765.00,pending
104938,2026-04-20,Hooli,west,Gadget X,24,"$2,150.00","$51,600.00",shipped
104939,Apr 21 2026,Initech,west,Gizmo Mini,8,$45.00,$360.00,Pending
104940,22/04/2026,Umbrella Ltd,nyc,Gizmo Mini,4,$45.00,$180.00,SHIPPED
104941,2026-04-23,Globex Incorporated,West,Gadget X,6,"$2,150.00","$12,900.00",SHIPPED
104942,2026-04-24,Initech,East,Gadget X,3,"$2,150.00","$6,450.00",pending
104943,2026-04-25,Wayne Enterprises,west,Widget Pro,27,"$1,234.50","$33,331.50",Shipped
104944,Apr 26 2026,Initech,West,Widget Pro,28,"$1,234.50","$34,566.00",Shipped
104945,2026-04-27,Wayne Enterprises,west,Gizmo Mini,13,$45.00,$585.00,Pending
104946,2026-04-28,Globex Incorporated,west,Gadget X,15,"$2,150.00","$32,250.00",Pending
104947,13/03/2026,Stark Industries,NYC,Widget Pro,18,"$1,234.50","$22,221.00",pending
104948,Mar 2 2026,Acme Corp,East,Widget Pro,11,"$1,234.50","$13,579.50",Pending
104949,2026-03-03,Massive Dynamic,West,Gizmo Mini,5,$45.00,$225.00,SHIPPED
104950,2026-03-04,Hooli,nyc,Gadget X,30,"$2,150.00","$64,500.00",Shipped
104951,2026-03-05,Massive Dynamic,East,Gadget X,9,"$2,150.00","$19,350.00",pending
104952,2026-03-06,Stark Industries,East,Gadget X,25,"$2,150.00","$53,750.00",pending
104953,2026-03-07,Soylent Co,East,Widget Pro,2,"$1,234.50","$2,469.00",shipped
104954,2026-03-08,Acme Corp,East,Widget Pro,27,"$1,234.50","$33,331.50",pending
104955,2026-03-09,Massive Dynamic,East,Widget Lite,24,$89.99,"$2,159.76",pending
104956,2026-03-10,Hooli,NYC,Widget Lite,9,$89.99,$809.91,Pending
104957,Mar 11 2026,Globex Incorporated,West,Gizmo Mini,13,$45.00,$585.00,Shipped
104958,2026-03-12,Stark Industries,East,Gizmo Mini,22,$45.00,$990.00,pending
104959,2026-03-13,Soylent Co,New York,Gadget X,29,"$2,150.00","$62,350.00",SHIPPED
104960,2026-03-14,Umbrella Ltd,NYC,Gadget X,24,"2,150.00 USD","$51,600.00",SHIPPED
104961,15/03/2026,Globex Incorporated,NYC,Widget Lite,8,$89.99,$719.92,Pending
104962,2026-03-16,Wayne Enterprises,n-y-c,Widget Lite,8,$89.99,$719.92,Shipped
104963,2026-03-17,Massive Dynamic,East,Widget Pro,29,"$1,234.50","$35,800.50",pending
104964,2026-03-18,Hooli,West,Gadget X,10,"$2,150.00","$21,500.00",shipped
104965,2026-03-19,Initech,n-y-c,Widget Pro,20,"$1,234.50","$24,690.00",SHIPPED
104966,2026-03-20,Wayne Enterprises,NYC,Gadget X,12,"$2,150.00","$25,800.00",Pending
104967,2026-03-21,Vehement Capital,NYC,Widget Pro,30,"$1,234.50","$37,035.00",pending
104968,2026-03-22,Wayne Enterprises,East,Widget Lite,23,$89.99,"$2,069.77",Pending
104969,2026-03-23,Umbrella Ltd,West,Gadget X,24,"$2,150.00","$51,600.00",Shipped
104970,Mar 24 2026,Initech,nyc,Gizmo Mini,23,$45.00,"$1,035.00",Pending
104971,Mar 25 2026,Massive Dynamic,East,Gizmo Mini,10,$45.00,$450.00,Pending
104972,2026-03-26,Vehement Capital,East,Gizmo Mini,16,$45.00,$720.00,pending
104973,Mar 27 2026,Stark Industries,New York,Widget Pro,11,"$1,234.50","$13,579.50",Pending
104974,2026-03-28,Umbrella Ltd,East,Widget Pro,15,"$1,234.50","$18,517.50",pending
104975,2026-04-01,Stark Industries,East,Widget Lite,10,$89.99,$899.90,pending
104976,13/04/2026,Massive Dynamic,East,Widget Pro,21,"$1,234.50","$25,924.50",SHIPPED
104977,2026-04-03,Hooli,NYC,Gadget X,10,"$2,150.00","$21,500.00",Shipped
104978,2026-04-04,Globex Incorporated,New York,Gadget X,9,"$2,150.00","$19,350.00",shipped
104979,13/04/2026,Vehement Capital,nyc,Gizmo Mini,10,$45.00,$450.00,pending
104980,2026-04-06,Hooli,west,Widget Pro,19,"$1,234.50","$23,455.50",shipped
104981,2026-04-07,Wayne Enterprises,nyc,Gizmo Mini,7,$45.00,$315.00,SHIPPED
104982,13/04/2026,Acme Corp,East,Gizmo Mini,24,$45.00,"$1,080.00",pending
104983,13/04/2026,Globex Incorporated,East,Widget Pro,2,"$1,234.50","$2,469.00",Shipped
104984,13/04/2026,Umbrella Ltd,East,Widget Pro,29,"$1,234.50","$35,800.50",Shipped
104985,2026-04-11,Initech,East,Gadget X,20,"$2,150.00","$43,000.00",pending
104986,13/04/2026,,East,Widget Pro,4,"$1,234.50","$4,938.00",SHIPPED
104987,13/04/2026,Wayne Enterprises,West,Gadget X,6,"$2,150.00","$12,900.00",Shipped
104988,2026-04-14,Wayne Enterprises,New York,Widget Pro,24,"$1,234.50","$29,628.00",Shipped
104989,2026-04-15,Acme Corp,west,Gizmo Mini,3,$45.00,$135.00,SHIPPED
104990,16/04/2026,Stark Industries,NYC,Gadget X,10,"$2,150.00","$21,500.00",pending
104991,2026-04-17,Wayne Enterprises,East,Gadget X,4,"$2,150.00","$8,600.00",SHIPPED
104992,2026-04-18,Initech,East,Widget Pro,7,"$1,234.50","$8,641.50",pending
104993,2026-04-19,Vehement Capital,East,Widget Pro,16,"$1,234.50","$19,752.00",SHIPPED
104994,20/04/2026,Soylent Co,East,Gadget X,3,"$2,150.00","$6,450.00",Pending
104995,2026-04-21,Massive Dynamic,West,Widget Lite,28,$89.99,"$2,519.72",shipped
104996,22/04/2026,Vehement Capital,NYC,Widget Lite,6,$89.99,$539.94,shipped
104997,2026-04-23,Globex Incorporated,nyc,Gizmo Mini,10,$45.00,$450.00,Pending
104998,2026-04-24,Acme Corp,New York,Widget Pro,7,"$1,234.50","$8,641.50",pending
104999,25/04/2026,Massive Dynamic,East,Gizmo Mini,23,$45.00,"$1,035.00",pending
105000,2026-04-26,Globex Incorporated,NYC,Gizmo Mini,17,$45.00,$765.00,pending
105001,2026-04-27,Hooli,n-y-c,Gadget X,9,"$2,150.00","$19,350.00",Pending
105002,2026-04-28,Stark Industries,West,Gadget X,26,"$2,150.00","$55,900.00",Pending
105003,13/03/2026,Vehement Capital,n-y-c,Widget Lite,13,$89.99,"$1,169.87",Shipped
105004,13/03/2026,Hooli,nyc,Gadget X,16,"$2,150.00","$34,400.00",Pending
105005,2026-03-03,Umbrella Ltd,New York,Widget Lite,20,$89.99,"$1,799.80",Shipped
105006,13/03/2026,Stark Industries,nyc,Widget Lite,22,$89.99,"$1,979.78",pending
105007,Mar 5 2026,Vehement Capital,New York,Widget Lite,13,$89.99,"$1,169.87",pending
105008,2026-03-06,Acme Corp,west,Widget Pro,9,"$1,234.50","$11,110.50",SHIPPED
105009,2026-03-07,Globex Incorporated,nyc,Gadget X,24,"$2,150.00","$51,600.00",Pending
105010,2026-03-08,Massive Dynamic,East,Gadget X,18,"$2,150.00","$38,700.00",Pending
105011,2026-03-09,Umbrella Ltd,nyc,Widget Pro,22,"$1,234.50","$27,159.00",SHIPPED
105012,2026-03-10,Stark Industries,New York,Gadget X,8,"$2,150.00","$17,200.00",SHIPPED
105013,2026-03-11,Initech,west,Gadget X,8,"$2,150.00","$17,200.00",Shipped
105014,2026-03-12,Vehement Capital,West,Gizmo Mini,28,$45.00,"$1,260.00",shipped
105015,2026-03-13,Globex Incorporated,East,Gizmo Mini,15,$45.00,$675.00,Shipped
105016,2026-03-14,Initech,East,Gadget X,2,"$2,150.00","$4,300.00",Pending
105017,2026-03-15,Wayne Enterprises,NYC,Gizmo Mini,7,$45.00,$315.00,pending
105018,2026-03-16,Initech,East,Widget Pro,10,"$1,234.50","$12,345.00",pending
105019,2026-03-17,Soylent Co,East,Gadget X,30,"$2,150.00","$64,500.00",shipped
105020,18/03/2026,Initech,East,Gizmo Mini,5,$45.00,$225.00,SHIPPED
105021,19/03/2026,Hooli,n-y-c,Widget Pro,10,"$1,234.50","$12,345.00",pending
105022,20/03/2026,Acme Corp,nyc,Widget Pro,26,"$1,234.50","$32,097.00",pending
105023,2026-03-21,Stark Industries,n-y-c,Gizmo Mini,9,$45.00,$405.00,pending
105024,22/03/2026,Acme Corp,West,Widget Pro,2,"$1,234.50","$2,469.00",Pending
105025,Mar 23 2026,Globex Incorporated,East,Widget Pro,8,"$1,234.50","$9,876.00",Pending
105026,2026-03-24,Globex Incorporated,New York,Gadget X,27,"$2,150.00","$58,050.00",shipped
105027,25/03/2026,Stark Industries,west,Widget Pro,28,"$1,234.50","$34,566.00",pending
105028,2026-03-26,Stark Industries,West,Widget Lite,11,$89.99,$989.89,shipped
105029,2026-03-27,Globex Incorporated,East,Gizmo Mini,21,$45.00,$945.00,pending
105030,2026-03-28,Wayne Enterprises,west,Gadget X,25,"$2,150.00","$53,750.00",pending
105031,2026-04-01,Acme Corp,NYC,Widget Lite,13,$89.99,"$1,169.87",shipped
105032,2026-04-02,Stark Industries,West,Widget Lite,7,$89.99,$629.93,SHIPPED
105033,2026-04-03,Massive Dynamic,west,Widget Pro,16,"$1,234.50","$19,752.00",pending
105034,2026-04-04,Hooli,New York,Widget Pro,29,"$1,234.50","$35,800.50",SHIPPED
105035,13/04/2026,Vehement Capital,East,Gizmo Mini,12,$45.00,$540.00,pending
105036,2026-04-06,Vehement Capital,East,Widget Lite,23,$89.99,"$2,069.77",Pending
105037,13/04/2026,Umbrella Ltd,East,Widget Pro,29,"$1,234.50","$35,800.50",SHIPPED
105038,2026-04-08,Massive Dynamic,NYC,Widget Lite,30,$89.99,"$2,699.70",SHIPPED
105039,2026-04-09,Acme Corp,East,Widget Lite,14,$89.99,"$1,259.86",Pending
105040,Apr 10 2026,Stark Industries,NYC,Gizmo Mini,4,$45.00,$180.00,shipped
105041,2026-04-11,Massive Dynamic,West,Gizmo Mini,12,$45.00,$540.00,Shipped
105042,2026-04-12,Stark Industries,NYC,Gadget X,20,"$2,150.00","$43,000.00",shipped
105043,2026-04-13,Umbrella Ltd,West,Gadget X,8,"$2,150.00","$17,200.00",shipped
105044,2026-04-14,Vehement Capital,west,Gadget X,23,"$2,150.00","$49,450.00",pending
105045,2026-04-15,Wayne Enterprises,NYC,Gizmo Mini,13,$45.00,$585.00,Pending
105046,16/04/2026,Wayne Enterprises,west,Gadget X,5,"$2,150.00","$10,750.00",SHIPPED
105047,2026-04-17,Soylent Co,west,Gadget X,28,"$2,150.00","$60,200.00",Pending
105048,2026-04-18,Umbrella Ltd,West,Widget Pro,5,"$1,234.50","$6,172.50",shipped
105049,2026-04-19,Stark Industries,East,Widget Pro,16,"$1,234.50","$19,752.00",Pending
105050,2026-04-20,Initech,West,Gadget X,22,"$2,150.00","$47,300.00",Shipped
105051,21/04/2026,Hooli,n-y-c,Widget Lite,21,$89.99,"$1,889.79",SHIPPED
105052,Apr 22 2026,Wayne Enterprises,East,Gadget X,16,"$2,150.00","$34,400.00",Shipped
105053,Apr 23 2026,Globex Incorporated,New York,Gadget X,7,"$2,150.00","$15,050.00",shipped
105054,2026-04-24,Umbrella Ltd,East,Widget Lite,14,$89.99,"$1,259.86",shipped
105055,2026-04-25,Umbrella Ltd,nyc,Gizmo Mini,21,$45.00,$945.00,pending
105056,2026-04-26,Massive Dynamic,West,Gizmo Mini,15,$45.00,$675.00,shipped
105057,2026-04-27,Massive Dynamic,East,Gadget X,30,"$2,150.00","$64,500.00",Pending
105058,28/04/2026,Acme Corp,West,Gizmo Mini,16,$45.00,$720.00,pending
105059,2026-03-01,Soylent Co,west,Widget Lite,19,$89.99,"$1,709.81",shipped
105060,2026-03-02,,n-y-c,Gizmo Mini,19,$45.00,$855.00,pending
105061,2026-03-03,Initech,New York,Gadget X,29,"$2,150.00","$62,350.00",Pending
105062,13/03/2026,Hooli,West,Gadget X,25,"$2,150.00","$53,750.00",pending
105063,13/03/2026,Soylent Co,west,Gadget X,18,"$2,150.00","$38,700.00",Pending
105064,2026-03-06,Hooli,East,Gizmo Mini,25,$45.00,"$1,125.00",Shipped
105065,Mar 7 2026,Soylent Co,west,Widget Lite,22,$89.99,"$1,979.78",pending
105066,2026-03-08,Hooli,nyc,Gizmo Mini,23,$45.00,"$1,035.00",shipped
105067,2026-03-09,Wayne Enterprises,west,Gadget X,1,"$2,150.00","$2,150.00",pending
105068,13/03/2026,Globex Incorporated,west,Widget Pro,6,"$1,234.50","$7,407.00",SHIPPED
105069,2026-03-11,Wayne Enterprises,nyc,Widget Pro,17,"$1,234.50","$20,986.50",Pending
105070,13/03/2026,Globex Incorporated,New York,Gizmo Mini,13,$45.00,$585.00,SHIPPED
105071,13/03/2026,Wayne Enterprises,west,Widget Lite,18,$89.99,"$1,619.82",Shipped
105072,2026-03-14,Vehement Capital,NYC,Gadget X,8,"$2,150.00","$17,200.00",SHIPPED
105073,2026-03-15,Globex Incorporated,East,Widget Pro,17,"$1,234.50","$20,986.50",pending
105074,Mar 16 2026,Globex Incorporated,New York,Widget Pro,7,"$1,234.50","$8,641.50",Shipped
105075,17/03/2026,Soylent Co,west,Gadget X,21,"$2,150.00","$45,150.00",SHIPPED
105076,2026-03-18,Umbrella Ltd,nyc,Gizmo Mini,20,$45.00,$900.00,Pending
105077,2026-03-19,,nyc,Widget Pro,7,"$1,234.50","$8,641.50",pending
105078,2026-03-20,Massive Dynamic,NYC,Widget Lite,30,$89.99,"$2,699.70",Shipped
105079,Mar 21 2026,Wayne Enterprises,west,Gizmo Mini,5,$45.00,$225.00,Pending
105080,2026-03-22,Stark Industries,West,Widget Lite,18,$89.99,"$1,619.82",Pending
105081,23/03/2026,Acme Corp,West,Gizmo Mini,4,$45.00,$180.00,pending
105082,2026-03-24,Wayne Enterprises,n-y-c,Gadget X,2,"$2,150.00","$4,300.00",Pending
105083,2026-03-25,Vehement Capital,East,Gizmo Mini,26,$45.00,"$1,170.00",Pending
105084,2026-03-26,Vehement Capital,n-y-c,Widget Pro,10,"$1,234.50","$12,345.00",Pending
105085,2026-03-27,Soylent Co,west,Gizmo Mini,18,$45.00,$810.00,shipped
105086,28/03/2026,Hooli,NYC,Gadget X,27,"$2,150.00","$58,050.00",Shipped
105087,13/04/2026,Soylent Co,NYC,Gadget X,1,"$2,150.00","$2,150.00",Pending
105088,2026-04-02,Acme Corp,n-y-c,Widget Lite,30,$89.99,"$2,699.70",pending
105089,2026-04-03,Wayne Enterprises,East,Widget Lite,11,$89.99,$989.89,pending
105090,2026-04-04,Globex Incorporated,West,Gadget X,23,"$2,150.00","$49,450.00",pending
105091,Apr 5 2026,Soylent Co,East,Widget Lite,6,$89.99,$539.94,Pending
105092,Apr 6 2026,Vehement Capital,East,Gizmo Mini,24,$45.00,"$1,080.00",pending
105093,2026-04-07,Vehement Capital,n-y-c,Widget Lite,17,$89.99,"$1,529.83",Pending
105094,2026-04-08,Umbrella Ltd,n-y-c,Gizmo Mini,28,$45.00,"$1,260.00",pending
105095,13/04/2026,Umbrella Ltd,NYC,Gadget X,3,"$2,150.00","$6,450.00",shipped
105096,2026-04-10,Wayne Enterprises,West,Widget Lite,18,$89.99,"$1,619.82",pending
105097,13/04/2026,Vehement Capital,west,Gadget X,27,"$2,150.00","$58,050.00",Shipped
105098,2026-04-12,Acme Corp,nyc,Gizmo Mini,2,$45.00,$90.00,SHIPPED
105099,2026-04-13,Initech,west,Widget Pro,19,"$1,234.50","$23,455.50",Shipped
105100,2026-04-14,Acme Corp,NYC,Gizmo Mini,23,$45.00,"$1,035.00",Pending
105101,2026-04-15,Wayne Enterprises,west,Widget Pro,7,"$1,234.50","$8,641.50",pending
105102,16/04/2026,Globex Incorporated,west,Widget Pro,1,"$1,234.50","$1,234.50",Pending
105103,2026-04-17,Initech,west,Widget Lite,6,$89.99,$539.94,SHIPPED
105104,Apr 18 2026,Wayne Enterprises,west,Widget Lite,30,$89.99,"$2,699.70",SHIPPED
105105,2026-04-19,Globex Incorporated,nyc,Gadget X,26,"$2,150.00","$55,900.00",Pending
105106,20/04/2026,Globex Incorporated,West,Widget Lite,23,$89.99,"$2,069.77",Pending
105107,2026-04-21,Hooli,East,Gizmo Mini,29,$45.00,"$1,305.00",pending
105108,2026-04-22,Hooli,West,Widget Lite,27,$89.99,"$2,429.73",shipped
105109,2026-04-23,Hooli,New York,Gizmo Mini,16,$45.00,$720.00,Pending
105110,2026-04-24,Stark Industries,East,Gadget X,16,"$2,150.00","$34,400.00",Pending
105111,25/04/2026,Wayne Enterprises,West,Widget Pro,1,"$1,234.50","$1,234.50",pending
105112,2026-04-26,Soylent Co,n-y-c,Gadget X,12,"$2,150.00","$25,800.00",Shipped
105113,27/04/2026,Wayne Enterprises,East,Widget Pro,18,"$1,234.50","$22,221.00",pending
105114,Apr 28 2026,Vehement Capital,n-y-c,Widget Lite,23,$89.99,"$2,069.77",SHIPPED
105115,2026-03-01,Initech,West,Gizmo Mini,2,$45.00,$90.00,shipped
105116,Mar 2 2026,Umbrella Ltd,East,Widget Pro,15,"$1,234.50","$18,517.50",SHIPPED
105117,13/03/2026,Initech,NYC,Widget Lite,30,$89.99,"$2,699.70",Pending
105118,2026-03-04,Stark Industries,west,Widget Lite,25,$89.99,"$2,249.75",SHIPPED
105119,2026-03-05,Massive Dynamic,NYC,Gizmo Mini,30,$45.00,"$1,350.00",SHIPPED
105120,Mar 6 2026,Initech,East,Gadget X,23,"$2,150.00","$49,450.00",pending
105121,2026-03-07,Umbrella Ltd,East,Widget Lite,6,$89.99,$539.94,Shipped
105122,2026-03-08,Massive Dynamic,East,Gizmo Mini,15,$45.00,$675.00,Pending
105123,Mar 9 2026,Hooli,East,Gizmo Mini,27,$45.00,"$1,215.00",shipped
105124,2026-03-10,Soylent Co,East,Gizmo Mini,26,$45.00,"$1,170.00",pending
105125,13/03/2026,Vehement Capital,n-y-c,Gizmo Mini,9,$45.00,$405.00,Pending
105126,2026-03-12,Umbrella Ltd,East,Gizmo Mini,4,$45.00,$180.00,SHIPPED
105127,13/03/2026,Stark Industries,NYC,Widget Pro,21,"$1,234.50","$25,924.50",Pending
105128,2026-03-14,Globex Incorporated,west,Widget Lite,28,$89.99,"$2,519.72",pending
105129,2026-03-15,Wayne Enterprises,East,Gizmo Mini,20,$45.00,$900.00,SHIPPED
105130,2026-03-16,Initech,n-y-c,Widget Pro,30,"$1,234.50","$37,035.00",SHIPPED
105131,2026-03-17,Umbrella Ltd,west,Widget Lite,18,$89.99,"$1,619.82",SHIPPED
105132,2026-03-18,Stark Industries,West,Widget Lite,2,$89.99,$179.98,SHIPPED
105133,19/03/2026,Soylent Co,East,Gadget X,29,"$2,150.00","$62,350.00",shipped
105134,20/03/2026,Initech,n-y-c,Widget Lite,6,$89.99,$539.94,pending
105135,2026-03-21,Massive Dynamic,East,Gadget X,26,"$2,150.00","$55,900.00",Pending
105136,2026-03-22,Vehement Capital,West,Widget Lite,13,$89.99,"$1,169.87",Shipped
105137,2026-03-23,Hooli,New York,Gadget X,15,"$2,150.00","$32,250.00",Shipped
105138,2026-03-24,Hooli,west,Widget Pro,14,"$1,234.50","$17,283.00",Pending
105139,2026-03-25,Vehement Capital,nyc,Gadget X,27,"$2,150.00","$58,050.00",Shipped
105140,2026-03-26,Hooli,west,Widget Lite,4,$89.99,$359.96,Pending
105141,2026-03-27,Hooli,East,Widget Pro,16,"$1,234.50","$19,752.00",Pending
105142,2026-03-28,Umbrella Ltd,East,Widget Lite,6,$89.99,$539.94,shipped
105143,Apr 1 2026,Massive Dynamic,west,Widget Pro,22,"$1,234.50","$27,159.00",shipped
105144,2026-04-02,Vehement Capital,west,Widget Pro,23,"$1,234.50","$28,393.50",shipped
105145,2026-04-03,Acme Corp,nyc,Gizmo Mini,11,$45.00,$495.00,pending
105146,2026-04-04,Soylent Co,NYC,Gizmo Mini,6,$45.00,$270.00,Shipped
105147,13/04/2026,,East,Widget Pro,9,"$1,234.50","$11,110.50",pending
105148,13/04/2026,Wayne Enterprises,West,Gizmo Mini,27,$45.00,"$1,215.00",pending
105149,2026-04-07,Acme Corp,West,Widget Lite,20,$89.99,"$1,799.80",SHIPPED
105150,2026-04-08,Umbrella Ltd,East,Gizmo Mini,23,$45.00,"$1,035.00",shipped
105151,2026-04-09,Soylent Co,west,Widget Lite,9,$89.99,$809.91,pending
105152,2026-04-10,Soylent Co,West,Gadget X,18,"2,150.00 USD","$38,700.00",Pending
105153,Apr 11 2026,Vehement Capital,East,Widget Pro,25,"$1,234.50","$30,862.50",SHIPPED
105154,13/04/2026,Massive Dynamic,NYC,Widget Pro,7,"$1,234.50","$8,641.50",Pending
105155,Apr 13 2026,Acme Corp,New York,Widget Lite,29,$89.99,"$2,609.71",pending
105156,14/04/2026,Umbrella Ltd,East,Widget Lite,24,$89.99,"$2,159.76",pending
105157,2026-04-15,Stark Industries,East,Gadget X,13,"$2,150.00","$27,950.00",pending
105158,2026-04-16,Stark Industries,East,Gadget X,8,"$2,150.00","$17,200.00",Pending
105159,2026-04-17,Vehement Capital,n-y-c,Gadget X,20,"$2,150.00","$43,000.00",pending
105160,18/04/2026,Globex Incorporated,East,Gadget X,21,"2,150.00 USD","$45,150.00",Shipped
105161,2026-04-19,Soylent Co,East,Widget Lite,9,$89.99,$809.91,pending
105161,2026-04-19,Soylent Co,East,Widget Lite,9,$89.99,$809.91,pending
105162,Apr 21 2026,Vehement Capital,East,Widget Lite,27,$89.99,"$2,429.73",pending
105163,22/04/2026,Initech,East,Widget Pro,5,"$1,234.50","$6,172.50",pending
105164,2026-04-23,Soylent Co,East,Gadget X,7,"$2,150.00","$15,050.00",Pending
105165,2026-04-24,Stark Industries,New York,Widget Pro,6,"$1,234.50","$7,407.00",Pending
105166,2026-04-25,Wayne Enterprises,west,Gizmo Mini,11,$45.00,$495.00,Shipped
105167,2026-04-26,Acme Corp,West,Widget Lite,8,$89.99,$719.92,shipped
105168,27/04/2026,Vehement Capital,west,Widget Lite,20,$89.99,"$1,799.80",Pending
105169,2026-04-28,Hooli,New York,Widget Lite,3,$89.99,$269.97,Pending
105170,2026-03-01,Wayne Enterprises,nyc,Gizmo Mini,26,$45.00,"$1,170.00",SHIPPED
105171,2026-03-02,Stark Industries,East,Gizmo Mini,13,$45.00,$585.00,Pending
105172,Mar 3 2026,Umbrella Ltd,nyc,Widget Lite,4,$89.99,$359.96,Pending
105173,2026-03-04,Wayne Enterprises,East,Gizmo Mini,18,$45.00,$810.00,Shipped
105174,2026-03-05,Initech,East,Widget Pro,20,"$1,234.50","$24,690.00",Pending
105175,2026-03-06,Globex Incorporated,n-y-c,Widget Lite,22,$89.99,"$1,979.78",pending
105176,13/03/2026,Acme Corp,West,Gadget X,5,"$2,150.00","$10,750.00",pending
105177,2026-03-08,Hooli,n-y-c,Widget Pro,10,"$1,234.50","$12,345.00",SHIPPED
105178,2026-03-09,Hooli,n-y-c,Gadget X,19,"$2,150.00","$40,850.00",Pending
105179,2026-03-10,Vehement Capital,New York,Widget Lite,10,$89.99,$899.90,pending
105180,2026-03-11,Soylent Co,East,Gizmo Mini,3,$45.00,$135.00,pending
105181,Mar 12 2026,Initech,East,Gadget X,21,"$2,150.00","$45,150.00",pending
105182,2026-03-13,Wayne Enterprises,East,Widget Pro,10,"$1,234.50","$12,345.00",Pending
105183,14/03/2026,Stark Industries,west,Widget Pro,16,"$1,234.50","$19,752.00",SHIPPED
105184,2026-03-15,Massive Dynamic,nyc,Gadget X,30,"$2,150.00","$64,500.00",pending
105185,2026-03-16,Massive Dynamic,nyc,Widget Lite,17,$89.99,"$1,529.83",pending
105186,17/03/2026,Massive Dynamic,East,Gizmo Mini,22,$45.00,$990.00,pending
105187,Mar 18 2026,Vehement Capital,East,Widget Pro,7,"$1,234.50","$8,641.50",Shipped
105188,19/03/2026,Globex Incorporated,East,Widget Lite,30,$89.99,"$2,699.70",SHIPPED
105189,Mar 20 2026,Globex Incorporated,East,Gizmo Mini,7,$45.00,$315.00,Shipped
105190,21/03/2026,Soylent Co,nyc,Gizmo Mini,15,$45.00,$675.00,Shipped
105191,2026-03-22,Acme Corp,NYC,Gizmo Mini,21,$45.00,$945.00,Shipped
105192,2026-03-23,Vehement Capital,west,Gizmo Mini,13,$45.00,$585.00,shipped
105193,Mar 24 2026,Hooli,East,Gadget X,9,"$2,150.00","$19,350.00",Pending
105194,2026-03-25,Hooli,west,Widget Pro,23,"$1,234.50","$28,393.50",Pending
105195,26/03/2026,Wayne Enterprises,West,Gadget X,19,"$2,150.00","$40,850.00",SHIPPED
105196,2026-03-27,Umbrella Ltd,West,Widget Pro,17,"$1,234.50","$20,986.50",Pending
105197,2026-03-28,Globex Incorporated,East,Gadget X,13,"$2,150.00","$27,950.00",SHIPPED
105198,2026-04-01,,n-y-c,Widget Lite,1,$89.99,$89.99,SHIPPED
105199,Apr 2 2026,Acme Corp,n-y-c,Gizmo Mini,7,$45.00,$315.00,Pending
105200,2026-04-03,Globex Incorporated,East,Widget Pro,14,"$1,234.50","$17,283.00",Shipped
105201,2026-04-04,Stark Industries,East,Widget Pro,27,"$1,234.50","$33,331.50",Pending
105202,2026-04-05,Hooli,nyc,Gadget X,24,"$2,150.00","$51,600.00",pending
105203,2026-04-06,Soylent Co,West,Widget Pro,17,"$1,234.50","$20,986.50",Pending
105204,2026-04-07,Acme Corp,East,Widget Pro,28,"$1,234.50","$34,566.00",Pending
105205,13/04/2026,Wayne Enterprises,New York,Widget Lite,12,$89.99,"$1,079.88",Pending
105206,2026-04-09,Wayne Enterprises,NYC,Gizmo Mini,7,$45.00,$315.00,Pending
105206,2026-04-09, Wayne Enterprises ,NYC,Gizmo Mini,7,$45.00,$315.00,Pending
105207,2026-04-11,Massive Dynamic,East,Gadget X,24,"$2,150.00","$51,600.00",Pending
105208,2026-04-12,Vehement Capital,n-y-c,Gizmo Mini,27,$45.00,"$1,215.00",Pending
105208,2026-04-12,Vehement Capital,n-y-c,Gizmo Mini,27,$45.00,"$1,215.00",Pending
105209,2026-04-14,Wayne Enterprises,East,Gizmo Mini,21,$45.00,$945.00,pending
105210,15/04/2026,Soylent Co,NYC,Widget Lite,20,$89.99,"$1,799.80",pending
105211,2026-04-16,Acme Corp,East,Widget Pro,3,"$1,234.50","$3,703.50",Pending
105212,2026-04-17,Stark Industries,East,Widget Pro,16,"$1,234.50","$19,752.00",shipped
105213,2026-04-18,Acme Corp,East,Widget Lite,30,$89.99,"$2,699.70",pending
105214,2026-04-19,Stark Industries,NYC,Widget Lite,3,$89.99,$269.97,pending
105215,2026-04-20,Acme Corp,West,Widget Lite,24,$89.99,"$2,159.76",Shipped
105216,2026-04-21,Wayne Enterprises,East,Gizmo Mini,14,$45.00,$630.00,Pending
105217,22/04/2026,Globex Incorporated,East,Widget Pro,30,"$1,234.50","$37,035.00",pending
105218,2026-04-23,Initech,west,Widget Pro,27,"$1,234.50","$33,331.50",SHIPPED
105219,Apr 24 2026,Initech,West,Widget Pro,12,"$1,234.50","$14,814.00",Shipped
105220,25/04/2026,Stark Industries,East,Widget Lite,16,$89.99,"$1,439.84",SHIPPED
105221,26/04/2026,Globex Incorporated,west,Widget Pro,4,"$1,234.50","$4,938.00",Pending
105222,2026-04-27,Hooli,East,Widget Lite,28,$89.99,"$2,519.72",shipped
105223,28/04/2026,Vehement Capital,NYC,Gizmo Mini,23,$45.00,"$1,035.00",shipped
105224,2026-03-01,Initech,west,Gizmo Mini,17,$45.00,$765.00,Pending
105225,2026-03-02,Hooli,west,Gizmo Mini,6,$45.00,$270.00,SHIPPED
105226,2026-03-03,Massive Dynamic,West,Gizmo Mini,2,$45.00,$90.00,Pending
105227,2026-03-04,Acme Corp,East,Gadget X,24,"$2,150.00","$51,600.00",shipped
105228,2026-03-05,Soylent Co,west,Widget Lite,24,$89.99,"$2,159.76",SHIPPED
105229,13/03/2026,Massive Dynamic,west,Widget Lite,12,$89.99,"$1,079.88",Pending
105230,2026-03-07,Wayne Enterprises,East,Widget Lite,9,$89.99,$809.91,pending
105231,2026-03-08,Acme Corp,West,Widget Pro,7,"$1,234.50","$8,641.50",Shipped
105232,Mar 9 2026,Stark Industries,west,Gizmo Mini,17,$45.00,$765.00,Pending
105233,2026-03-10,Umbrella Ltd,West,Widget Lite,8,$89.99,$719.92,pending
105234,2026-03-11,Hooli,East,Gizmo Mini,19,$45.00,$855.00,Pending
105235,13/03/2026,Hooli,west,Widget Pro,11,"$1,234.50","$13,579.50",pending
105236,2026-03-13,Umbrella Ltd,NYC,Widget Lite,15,$89.99,"$1,349.85",Pending
105237,14/03/2026,Massive Dynamic,East,Widget Lite,21,$89.99,"$1,889.79",Pending
105238,15/03/2026,Acme Corp,East,Widget Pro,16,"$1,234.50","$19,752.00",Shipped
105239,2026-03-16,Hooli,New York,Widget Lite,17,$89.99,"$1,529.83",Pending
105240,2026-03-17,Globex Incorporated,west,Widget Lite,8,$89.99,$719.92,shipped
105241,18/03/2026,Stark Industries,west,Widget Lite,29,$89.99,"$2,609.71",SHIPPED
105242,2026-03-19,Massive Dynamic,nyc,Widget Lite,2,$89.99,$29.98,SHIPPED
105243,2026-03-20,Wayne Enterprises,New York,Widget Pro,18,"$1,234.50","$22,221.00",pending
105244,2026-03-21,Vehement Capital,East,Widget Pro,23,"$1,234.50","$28,393.50",pending
105245,2026-03-22,Massive Dynamic,West,Widget Lite,21,$89.99,"$1,889.79",Shipped
105246,Mar 23 2026,Vehement Capital,New York,Gizmo Mini,28,$45.00,"$1,260.00",SHIPPED
105247,2026-03-24,Massive Dynamic,west,Widget Lite,15,$89.99,"$1,349.85",shipped
105248,2026-03-25,Soylent Co,west,Gizmo Mini,22,$45.00,$990.00,Pending
105249,2026-03-26,Stark Industries,East,Widget Lite,17,$89.99,"$1,529.83",Pending
105250,2026-03-27,Soylent Co,New York,Gizmo Mini,13,$45.00,$585.00,pending
105251,2026-03-28,Vehement Capital,n-y-c,Widget Lite,23,$89.99,"$2,069.77",Shipped
105252,2026-04-01,Hooli,West,Widget Pro,11,"$1,234.50","$13,579.50",Pending
105253,2026-04-02,Umbrella Ltd,nyc,Widget Pro,12,"$1,234.50","$14,814.00",Shipped
105254,2026-04-03,Wayne Enterprises,nyc,Widget Lite,21,$89.99,"$1,889.79",pending
105255,13/04/2026,Soylent Co,East,Gizmo Mini,27,$45.00,"$1,215.00",Pending
105256,2026-04-05,Wayne Enterprises,NYC,Gadget X,30,"$2,150.00","$64,500.00",Shipped
105257,2026-04-06,Acme Corp,west,Gizmo Mini,25,$45.00,"$1,125.00",shipped
105258,2026-04-07,Massive Dynamic,NYC,Widget Pro,23,"$1,234.50","$28,393.50",Pending
105259,2026-04-08,Wayne Enterprises,East,Widget Pro,23,"$1,234.50","$28,393.50",SHIPPED
105260,2026-04-09,Hooli,East,Gadget X,16,"$2,150.00","$34,400.00",SHIPPED
105261,13/04/2026,Umbrella Ltd,NYC,Widget Lite,13,$89.99,"$1,169.87",SHIPPED
105262,2026-04-11,Soylent Co,nyc,Widget Pro,6,"$1,234.50","$7,407.00",Pending
105263,2026-04-12,Globex Incorporated,East,Widget Pro,4,"$1,234.50","$4,938.00",Pending
105264,2026-04-13,Hooli,NYC,Widget Pro,29,"$1,234.50","$35,800.50",SHIPPED
105265,2026-04-14,Soylent Co,East,Gadget X,8,"$2,150.00","$17,200.00",pending
105266,15/04/2026,Soylent Co,West,Widget Pro,23,"$1,234.50","$28,393.50",Shipped
105267,2026-04-16,Vehement Capital,n-y-c,Gadget X,30,"$2,150.00","$64,500.00",Pending
105268,2026-04-17,Soylent Co,New York,Gizmo Mini,6,$45.00,$270.00,SHIPPED
105269,2026-04-18,Hooli,East,Widget Pro,20,"$1,234.50","$24,690.00",Pending
105270,2026-04-19,Globex Incorporated,East,Widget Pro,7,"$1,234.50","$8,641.50",SHIPPED
105271,Apr 20 2026,Stark Industries,n-y-c,Widget Lite,24,$89.99,"$2,159.76",Pending
105272,2026-04-21,Soylent Co,New York,Widget Pro,18,"$1,234.50","$22,221.00",Shipped
105273,2026-04-22,Vehement Capital,West,Gadget X,2,"$2,150.00","$4,300.00",pending
105274,2026-04-23,Wayne Enterprises,New York,Gadget X,16,"$2,150.00","$34,400.00",Shipped
105275,2026-04-24,Massive Dynamic,west,Widget Pro,17,"$1,234.50","$20,986.50",SHIPPED
105276,2026-04-25,Hooli,NYC,Widget Lite,28,$89.99,"$2,519.72",Pending
105277,26/04/2026,Wayne Enterprises,NYC,Widget Pro,22,"$1,234.50","$27,159.00",SHIPPED
105278,27/04/2026,Vehement Capital,NYC,Gadget X,19,"$2,150.00","$40,850.00",Shipped
105279,28/04/2026,Massive Dynamic,East,Gadget X,29,"$2,150.00","$62,350.00",pending
105280,13/03/2026,Hooli,East,Gadget X,26,"$2,150.00","$55,900.00",Pending
105281,2026-03-02,Globex Incorporated,West,Gadget X,24,"$2,150.00","$51,600.00",pending
105282,2026-03-03,Stark Industries,NYC,Widget Lite,16,$89.99,"$1,439.84",shipped
105283,2026-03-04,Massive Dynamic,New York,Gadget X,30,"$2,150.00","$64,500.00",Pending
105284,2026-03-05,Soylent Co,East,Widget Pro,20,"$1,234.50","$24,690.00",Shipped
105285,Mar 6 2026,Umbrella Ltd,west,Gadget X,21,"$2,150.00","$45,150.00",Shipped
105286,2026-03-07,Hooli,nyc,Gizmo Mini,27,$45.00,"$1,215.00",Pending
105287,2026-03-08,Wayne Enterprises,East,Widget Pro,1,"$1,234.50","$1,234.50",shipped
105288,2026-03-09,Globex Incorporated,East,Gizmo Mini,19,$45.00,$855.00,SHIPPED
105289,2026-03-10,Hooli,NYC,Gizmo Mini,24,$45.00,"$1,080.00",shipped
105290,2026-03-11,Stark Industries,East,Widget Pro,6,"$1,234.50","$7,407.00",shipped
105291,Mar 12 2026,Globex Incorporated,West,Widget Lite,9,$89.99,$809.91,Shipped
105292,Mar 13 2026,Wayne Enterprises,west,Widget Pro,28,"$1,234.50","$34,566.00",Pending
105293,14/03/2026,Initech,East,Widget Pro,22,"$1,234.50","$27,159.00",shipped
105294,15/03/2026,Massive Dynamic,East,Widget Pro,17,"$1,234.50","$20,986.50",pending
105295,2026-03-16,Acme Corp,East,Gizmo Mini,10,$45.00,$450.00,Pending
105296,17/03/2026,Initech,n-y-c,Widget Pro,25,"$1,234.50","$30,862.50",pending
105297,18/03/2026,Hooli,west,Widget Pro,10,"$1,234.50","$12,345.00",pending
105298,2026-03-19,Globex Incorporated,East,Widget Lite,30,$89.99,"$2,699.70",pending
105299,2026-03-20,Soylent Co,East,Widget Pro,30,"$1,234.50","$37,035.00",pending
105300,2026-03-21,Initech,west,Widget Lite,22,$89.99,"$1,979.78",Shipped
105301,2026-03-22,Wayne Enterprises,East,Gizmo Mini,21,$45.00,$945.00,Pending
105302,Mar 23 2026,Initech,East,Gadget X,20,"$2,150.00","$43,000.00",shipped
105303,2026-03-24,Initech,west,Gadget X,26,"$2,150.00","$55,900.00",Pending
105304,Mar 25 2026,Massive Dynamic,nyc,Widget Pro,26,"$1,234.50","$32,097.00",SHIPPED
105305,2026-03-26,Acme Corp,East,Gadget X,4,"$2,150.00","$8,600.00",Shipped
105306,2026-03-27,Wayne Enterprises,n-y-c,Gadget X,17,"$2,150.00","$36,550.00",Shipped
105307,2026-03-28,Stark Industries,West,Gizmo Mini,15,$45.00,$675.00,SHIPPED
105308,2026-04-01,Soylent Co,NYC,Gizmo Mini,20,$45.00,$900.00,Shipped
105309,13/04/2026,Vehement Capital,nyc,Widget Pro,1,"$1,234.50","$1,234.50",SHIPPED
105310,2026-04-03,Soylent Co,East,Gizmo Mini,2,$45.00,$90.00,SHIPPED
105311,2026-04-04,Stark Industries,west,Gadget X,1,"$2,150.00","$2,150.00",Pending
105312,Apr 5 2026,Massive Dynamic,west,Widget Lite,30,$89.99,"$2,699.70",shipped
105313,2026-04-06,Initech,west,Widget Lite,14,$89.99,"$1,259.86",SHIPPED
105314,2026-04-07,Initech,west,Gizmo Mini,6,$45.00,$270.00,Pending
105315,2026-04-08,Hooli,n-y-c,Widget Lite,30,$89.99,"$2,699.70",Pending
105316,2026-04-09,Hooli,West,Gizmo Mini,21,$45.00,$945.00,Shipped
105317,2026-04-10,Acme Corp,n-y-c,Widget Pro,2,"$1,234.50","$2,469.00",pending
105318,13/04/2026,Umbrella Ltd,East,Gadget X,7,"$2,150.00","$15,050.00",SHIPPED
105319,2026-04-12,Initech,west,Widget Pro,28,"$1,234.50","$34,566.00",pending
105320,2026-04-13,Soylent Co,East,Gadget X,22,"$2,150.00","$47,300.00",pending
105321,2026-04-14,Soylent Co,n-y-c,Widget Lite,21,$89.99,"$1,889.79",SHIPPED
105322,2026-04-15,Hooli,East,Widget Lite,15,$89.99,"$1,349.85",shipped
105323,2026-04-16,Globex Incorporated,nyc,Gadget X,5,"$2,150.00","$10,750.00",SHIPPED
105324,2026-04-17,Massive Dynamic,West,Widget Lite,23,$89.99,"$2,069.77",pending
105325,2026-04-18,Wayne Enterprises,East,Gizmo Mini,16,$45.00,$720.00,shipped
105326,19/04/2026,Stark Industries,NYC,Widget Pro,8,"$1,234.50","$9,876.00",SHIPPED
105327,2026-04-20,Vehement Capital,west,Gizmo Mini,17,$45.00,$765.00,pending
105328,2026-04-21,Soylent Co,East,Widget Lite,28,$89.99,"$2,519.72",shipped
105329,2026-04-22,Soylent Co,East,Widget Lite,15,$89.99,"$1,349.85",SHIPPED
105330,2026-04-23,Globex Incorporated,East,Widget Pro,27,"$1,234.50","$33,331.50",Pending
105331,2026-04-24,Vehement Capital,East,Widget Lite,24,$89.99,"$2,159.76",SHIPPED
105332,Apr 25 2026,Wayne Enterprises,East,Gizmo Mini,28,$45.00,"$1,260.00",Pending
105333,2026-04-26,Stark Industries,NYC,Gizmo Mini,17,$45.00,$765.00,shipped
105334,27/04/2026,,East,Widget Pro,26,"$1,234.50","$32,097.00",pending
105335,2026-04-28,Massive Dynamic,New York,Gizmo Mini,17,$45.00,$765.00,pending
105336,2026-03-01,Stark Industries,NYC,Gizmo Mini,7,$45.00,$315.00,pending
105337,2026-03-02,Soylent Co,East,Gadget X,18,"$2,150.00","$38,700.00",pending
105338,13/03/2026,Initech,East,Gadget X,29,"$2,150.00","$62,350.00",SHIPPED
105339,2026-03-04,Umbrella Ltd,East,Widget Pro,17,"$1,234.50","$20,986.50",Pending
105340,2026-03-05,Wayne Enterprises,New York,Widget Pro,17,"$1,234.50","$20,986.50",Shipped
105341,13/03/2026,Globex Incorporated,East,Widget Pro,7,"$1,234.50","$8,641.50",Shipped
105342,2026-03-07,Globex Incorporated,East,Widget Lite,10,$89.99,$899.90,SHIPPED
105343,2026-03-08,Wayne Enterprises,East,Widget Pro,30,"$1,234.50","$37,035.00",Pending
105344,13/03/2026,Wayne Enterprises,East,Widget Pro,16,"$1,234.50","$19,752.00",shipped
105345,Mar 10 2026,Umbrella Ltd,New York,Widget Lite,18,$89.99,"$1,619.82",SHIPPED
105346,13/03/2026,Stark Industries,East,Widget Lite,16,$89.99,"$1,439.84",SHIPPED
105347,2026-03-12,Vehement Capital,East,Gadget X,9,"$2,150.00","$19,350.00",Shipped
105348,2026-03-13,Vehement Capital,west,Gadget X,5,"$2,150.00","$10,750.00",Shipped
105349,Mar 14 2026,Stark Industries,nyc,Widget Lite,19,$89.99,"$1,709.81",SHIPPED
105350,15/03/2026,Globex Incorporated,n-y-c,Gadget X,24,"$2,150.00","$51,600.00",Shipped
105351,2026-03-16,Umbrella Ltd,East,Widget Pro,1,"$1,234.50","$1,234.50",pending
105352,Mar 17 2026,Globex Incorporated,East,Widget Lite,24,$89.99,"$2,159.76",pending
105353,2026-03-18,Soylent Co,nyc,Gizmo Mini,13,$45.00,$585.00,pending
105354,19/03/2026,Vehement Capital,n-y-c,Gizmo Mini,2,$45.00,$90.00,Shipped
105355,2026-03-20,Vehement Capital,East,Widget Pro,10,"$1,234.50","$12,345.00",shipped
105356,2026-03-21,Massive Dynamic,New York,Gadget X,3,"$2,150.00","$6,450.00",Pending
105357,2026-03-22,Soylent Co,East,Widget Lite,8,$89.99,$719.92,pending
105358,2026-03-23,Massive Dynamic,New York,Widget Lite,22,$89.99,"$1,979.78",SHIPPED
105359,Mar 24 2026,Stark Industries,west,Widget Lite,21,$89.99,"$1,889.79",pending
105360,2026-03-25,Umbrella Ltd,East,Gadget X,13,"$2,150.00","$27,950.00",pending
105361,2026-03-26,Hooli,NYC,Gizmo Mini,20,$45.00,$900.00,SHIPPED
105362,2026-03-27,Stark Industries,n-y-c,Widget Lite,23,$89.99,"$2,069.77",Pending
105363,2026-03-28,Hooli,East,Gadget X,22,"$2,150.00","$47,300.00",Pending
105364,2026-04-01,Acme Corp,East,Widget Lite,28,$89.99,"$2,519.72",shipped
105365,2026-04-02,Umbrella Ltd,East,Widget Pro,16,"$1,234.50","$19,752.00",pending
105366,2026-04-03,Umbrella Ltd,NYC,Widget Pro,7,"$1,234.50","$8,641.50",Pending
105367,Apr 4 2026,Acme Corp,East,Gadget X,8,"$2,150.00","$17,200.00",SHIPPED
105368,2026-04-05,Initech,west,Widget Pro,23,"$1,234.50","$28,393.50",shipped
105369,2026-04-06,Wayne Enterprises,West,Widget Pro,28,"$1,234.50","$34,566.00",pending
105370,2026-04-07,Soylent Co,NYC,Widget Lite,15,$89.99,"$1,349.85",Shipped
105371,13/04/2026,Initech,East,Gadget X,24,"$2,150.00","$51,600.00",Pending
105372,2026-04-09,Acme Corp,west,Widget Lite,6,$89.99,$539.94,shipped
105373,Apr 10 2026,Umbrella Ltd,west,Widget Pro,7,"$1,234.50","$8,641.50",Pending
105374,2026-04-11,Soylent Co,East,Widget Lite,19,$89.99,"$1,709.81",pending
105375,13/04/2026,Wayne Enterprises,New York,Gadget X,5,"$2,150.00","$10,750.00",Shipped
105376,Apr 13 2026,Hooli,n-y-c,Widget Lite,12,$89.99,"$1,079.88",Pending
105377,2026-04-14,Wayne Enterprises,East,Gadget X,21,"$2,150.00","$45,150.00",Pending
105378,2026-04-15,Globex Incorporated,n-y-c,Gizmo Mini,19,$45.00,$855.00,SHIPPED
105379,Apr 16 2026,Globex Incorporated,East,Widget Pro,10,"$1,234.50","$12,345.00",pending
105380,Apr 17 2026,Hooli,East,Gizmo Mini,16,$45.00,$720.00,Shipped
105381,18/04/2026,Wayne Enterprises,West,Widget Pro,10,"$1,234.50","$12,345.00",Shipped
105382,2026-04-19,Initech,West,Widget Lite,22,$89.99,"$1,979.78",SHIPPED
105383,2026-04-20,Initech,East,Gizmo Mini,20,$45.00,$900.00,pending
105384,21/04/2026,Vehement Capital,n-y-c,Widget Pro,21,"$1,234.50","$25,924.50",SHIPPED
105385,2026-04-22,Soylent Co,n-y-c,Gizmo Mini,12,$45.00,$540.00,Pending
105386,2026-04-23,Umbrella Ltd,New York,Gadget X,21,"$2,150.00","$45,150.00",pending
105387,2026-04-24,Stark Industries,East,Gadget X,2,"$2,150.00","$4,300.00",pending
105388,2026-04-25,Soylent Co,New York,Gizmo Mini,14,$45.00,$630.00,SHIPPED
105389,26/04/2026,Massive Dynamic,nyc,Widget Lite,22,$89.99,"$1,979.78",pending
105390,2026-04-27,Stark Industries,West,Widget Pro,16,"$1,234.50","$19,752.00",shipped
105391,2026-04-28,Hooli,New York,Widget Lite,4,$89.99,$359.96,pending
105392,Mar 1 2026,Acme Corp,west,Gadget X,14,"$2,150.00","$30,100.00",pending
105393,Mar 2 2026,Soylent Co,nyc,Gizmo Mini,17,$45.00,$765.00,SHIPPED
105394,2026-03-03,Wayne Enterprises,west,Gizmo Mini,5,$45.00,$225.00,Pending
105395,2026-03-04,Wayne Enterprises,East,Widget Pro,25,"$1,234.50","$30,862.50",pending
105396,2026-03-05,Vehement Capital,West,Widget Lite,10,$89.99,$899.90,Pending
105397,2026-03-06,Hooli,west,Widget Lite,12,$89.99,"$1,079.88",SHIPPED
105398,2026-03-07,Wayne Enterprises,East,Gizmo Mini,9,$45.00,$405.00,SHIPPED
105399,2026-03-08,Vehement Capital,East,Gadget X,16,"$2,150.00","$34,400.00",pending
105400,2026-03-09,Umbrella Ltd,East,Gadget X,13,"$2,150.00","$27,950.00",Shipped
105401,Mar 10 2026,Soylent Co,nyc,Gizmo Mini,14,$45.00,$630.00,pending
105402,2026-03-11,Vehement Capital,west,Widget Pro,29,"$1,234.50","$35,800.50",pending
105403,2026-03-12,Wayne Enterprises,west,Widget Pro,5,"$1,234.50","$6,172.50",SHIPPED
105404,2026-03-13,Massive Dynamic,nyc,Widget Lite,29,$89.99,"$2,609.71",Shipped
105405,2026-03-14,Massive Dynamic,nyc,Widget Pro,25,"$1,234.50","$30,862.50",Shipped
105406,15/03/2026,Initech,west,Gizmo Mini,24,$45.00,"$1,080.00",shipped
105407,16/03/2026,Massive Dynamic,West,Widget Lite,13,$89.99,"$1,169.87",pending
105408,2026-03-17,Massive Dynamic,n-y-c,Gadget X,8,"$2,150.00","$17,200.00",SHIPPED
105409,2026-03-18,Hooli,n-y-c,Widget Pro,23,"$1,234.50","$28,393.50",Pending
105410,2026-03-19,Stark Industries,West,Widget Pro,6,"$1,234.50","$7,407.00",pending
105411,2026-03-20,Wayne Enterprises,west,Gizmo Mini,16,$45.00,$720.00,pending
105412,2026-03-21,Hooli,East,Widget Lite,21,$89.99,"$1,889.79",Pending
105413,2026-03-22,Stark Industries,NYC,Gadget X,15,"$2,150.00","$32,250.00",Pending
105414,2026-03-23,Wayne Enterprises,East,Widget Pro,8,"$1,234.50","$9,876.00",Pending
105415,2026-03-24,Initech,West,Widget Pro,28,"$1,234.50","$34,566.00",pending
105416,2026-03-25,Umbrella Ltd,West,Gizmo Mini,24,$45.00,"$1,080.00",Pending
105417,2026-03-26,Soylent Co,nyc,Widget Pro,13,"$1,234.50","$16,048.50",SHIPPED
105418,2026-03-27,Acme Corp,West,Widget Pro,9,"$1,234.50","$11,110.50",pending
105419,2026-03-28,Umbrella Ltd,East,Gizmo Mini,28,$45.00,"$1,260.00",shipped
105420,13/04/2026,Wayne Enterprises,west,Gadget X,13,"$2,150.00","$27,950.00",Pending
105421,Apr 2 2026,Umbrella Ltd,East,Widget Lite,9,$89.99,$659.91,Pending
105422,2026-04-03,Acme Corp,New York,Widget Lite,8,$89.99,$719.92,pending
105423,2026-04-04,Initech,East,Gadget X,29,"$2,150.00","$62,350.00",Pending
105424,2026-04-05,Massive Dynamic,East,Gizmo Mini,9,$45.00,$405.00,Shipped
105425,Apr 6 2026,Hooli,East,Gizmo Mini,18,$45.00,$810.00,pending
105426,2026-04-07,Globex Incorporated,n-y-c,Widget Pro,16,"$1,234.50","$19,752.00",Pending
105427,2026-04-08,Soylent Co,New York,Gizmo Mini,13,$45.00,$585.00,Pending
105428,2026-04-09,Wayne Enterprises,NYC,Widget Lite,21,$89.99,"$1,889.79",SHIPPED
105429,Apr 10 2026,Hooli,nyc,Widget Lite,12,$89.99,"$1,079.88",Pending
105430,2026-04-11,Soylent Co,East,Widget Pro,27,"$1,234.50","$33,331.50",pending
105431,2026-04-12,Vehement Capital,West,Gizmo Mini,1,$45.00,$45.00,shipped
105432,Apr 13 2026,Globex Incorporated,n-y-c,Widget Lite,13,$89.99,"$1,169.87",pending
105433,14/04/2026,Massive Dynamic,n-y-c,Widget Pro,17,"$1,234.50","$20,986.50",Pending
105434,15/04/2026,Soylent Co,West,Widget Lite,5,$89.99,$449.95,Pending
105435,16/04/2026,Initech,NYC,Gadget X,24,"$2,150.00","$51,600.00",SHIPPED
105436,2026-04-17,Massive Dynamic,west,Widget Lite,15,$89.99,"$1,349.85",Shipped
105437,18/04/2026,Soylent Co,nyc,Gadget X,8,"$2,150.00","$17,200.00",SHIPPED
105438,2026-04-19,Acme Corp,East,Gizmo Mini,23,$45.00,"$1,035.00",SHIPPED
105439,2026-04-20,Acme Corp,NYC,Widget Pro,20,"$1,234.50","$24,690.00",pending
105440,2026-04-21,Vehement Capital,west,Gizmo Mini,16,$45.00,$720.00,SHIPPED
105441,2026-04-22,Vehement Capital,East,Widget Lite,16,$89.99,"$1,439.84",pending
105442,2026-04-23,Globex Incorporated,West,Gizmo Mini,4,$45.00,$180.00,Shipped
105443,2026-04-24,Umbrella Ltd,West,Widget Lite,6,$89.99,$539.94,Pending
105444,2026-04-25,Globex Incorporated,n-y-c,Gizmo Mini,7,$45.00,$315.00,Pending
105445,2026-04-26,Wayne Enterprises,East,Widget Pro,3,"$1,234.50","$3,703.50",Shipped
105446,2026-04-27,Stark Industries,East,Gadget X,23,"$2,150.00","$49,450.00",pending
105447,Apr 28 2026,Soylent Co,East,Widget Lite,10,$89.99,$899.90,shipped
105448,13/03/2026,Initech,NYC,Widget Pro,22,"$1,234.50","$27,159.00",pending
105449,2026-03-02,Wayne Enterprises,west,Gizmo Mini,23,$45.00,"$1,035.00",Shipped
105450,2026-03-03,Stark Industries,NYC,Gadget X,12,"$2,150.00","$25,800.00",pending
105451,13/03/2026,Massive Dynamic,west,Widget Lite,21,$89.99,"$1,889.79",shipped
105452,2026-03-05,Massive Dynamic,East,Widget Pro,30,"$1,234.50","$37,035.00",Shipped
105453,2026-03-06,Initech,West,Gizmo Mini,16,$45.00,$720.00,SHIPPED
105454,2026-03-07,Umbrella Ltd,west,Gadget X,26,"$2,150.00","$55,900.00",shipped
105455,2026-03-08,Vehement Capital,n-y-c,Widget Lite,27,$89.99,"$2,429.73",shipped
105456,Mar 9 2026,Wayne Enterprises,NYC,Gizmo Mini,30,$45.00,"$1,350.00",pending
105457,2026-03-10,Vehement Capital,East,Gizmo Mini,18,$45.00,$810.00,SHIPPED
105458,2026-03-11,Stark Industries,West,Gizmo Mini,28,$45.00,"$1,260.00",SHIPPED
105459,Mar 12 2026,Massive Dynamic,East,Gizmo Mini,,$45.00,$180.00,Shipped
105460,Mar 13 2026,Massive Dynamic,East,Widget Lite,29,$89.99,"$2,609.71",Pending
105461,2026-03-14,Initech,west,Gadget X,24,"$2,150.00","$51,600.00",Shipped
105462,2026-03-15,Vehement Capital,West,Gadget X,30,"$2,150.00","$64,500.00",Pending
105463,2026-03-16,Umbrella Ltd,East,Gadget X,11,"$2,150.00","$23,650.00",Pending
105464,2026-03-17,Umbrella Ltd,New York,Gizmo Mini,17,$45.00,$765.00,Pending
105465,2026-03-18,Umbrella Ltd,n-y-c,Gadget X,20,"$2,150.00","$43,000.00",pending
105466,2026-03-19,Soylent Co,East,Widget Lite,20,$89.99,"$1,799.80",Shipped
105467,2026-03-20,Vehement Capital,East,Widget Lite,4,$89.99,$359.96,SHIPPED
105468,2026-03-21,Stark Industries,East,Gizmo Mini,10,$45.00,$450.00,SHIPPED
105469,22/03/2026,Acme Corp,NYC,Widget Lite,26,$89.99,"$2,339.74",shipped
105470,2026-03-23,Acme Corp,n-y-c,Gizmo Mini,17,$45.00,$765.00,shipped
105471,2026-03-24,Initech,East,Gadget X,3,"$2,150.00","$6,450.00",pending
105472,2026-03-25,Acme Corp,west,Widget Lite,15,$89.99,"$1,349.85",pending
105473,2026-03-26,Initech,West,Widget Lite,26,$89.99,"$2,339.74",Pending
105474,2026-03-27,Globex Incorporated,East,Widget Lite,8,$89.99,$719.92,Pending
105475,2026-03-28,Globex Incorporated,NYC,Widget Pro,27,"$1,234.50","$33,331.50",Pending
105476,2026-04-01,Stark Industries,West,Widget Lite,3,$89.99,$269.97,pending
105477,2026-04-02,Soylent Co,West,Widget Pro,26,"$1,234.50","$32,097.00",shipped
105478,2026-04-03,Vehement Capital,East,Gizmo Mini,20,$45.00,$900.00,pending
105479,13/04/2026,Vehement Capital,west,Gadget X,4,"$2,150.00","$8,600.00",Pending
105480,2026-04-05,Acme Corp,West,Widget Pro,17,"$1,234.50","$20,986.50",SHIPPED
105481,2026-04-06,Umbrella Ltd,NYC,Gizmo Mini,2,$45.00,$90.00,shipped
105482,2026-04-07,Globex Incorporated,East,Gadget X,1,"$2,150.00","$2,150.00",SHIPPED
105483,2026-04-08,Acme Corp,west,Gadget X,17,"$2,150.00","$36,550.00",pending
105484,2026-04-09,Hooli,New York,Gizmo Mini,20,$45.00,$900.00,Pending
105485,2026-04-10,Vehement Capital,New York,Widget Pro,19,"$1,234.50","$23,455.50",Pending
105486,Apr 11 2026,Soylent Co,New York,Gadget X,15,"$2,150.00","$32,250.00",Shipped
105487,2026-04-12,Initech,East,Gizmo Mini,4,$45.00,$180.00,pending
105488,2026-04-13,Globex Incorporated,west,Widget Lite,28,$89.99,"$2,519.72",Pending
105489,2026-04-14,Soylent Co,East,Gadget X,7,"$2,150.00","$15,050.00",Shipped
105490,2026-04-15,Stark Industries,n-y-c,Widget Pro,21,"$1,234.50","$25,924.50",pending
105491,2026-04-16,Hooli,East,Gadget X,24,"$2,150.00","$51,600.00",shipped
105492,2026-04-17,Soylent Co,East,Widget Pro,8,"$1,234.50","$9,876.00",Shipped
105493,2026-04-18,Umbrella Ltd,East,Widget Lite,13,$89.99,"$1,169.87",pending
105494,2026-04-19,Acme Corp,East,Gizmo Mini,1,$45.00,$45.00,Pending
105495,20/04/2026,Hooli,west,Gadget X,10,"$2,150.00","$21,500.00",pending
105496,21/04/2026,Wayne Enterprises,n-y-c,Widget Pro,15,"$1,234.50","$18,517.50",Pending
105497,22/04/2026,Wayne Enterprises,west,Widget Lite,25,$89.99,"$2,249.75",Pending
105498,2026-04-23,Soylent Co,New York,Gadget X,29,"$2,150.00","$62,350.00",pending
105499,2026-04-24,Globex Incorporated,n-y-c,Gadget X,22,"$2,150.00","$47,300.00",Pending
105499,2026-04-24,Globex Incorporated,n-y-c,Gadget X,22,"$2,150.00","$47,300.00",Pending
105500,2026-04-26,Soylent Co,East,Widget Pro,23,"$1,234.50","$28,393.50",pending
105501,2026-04-27,Massive Dynamic,west,Widget Lite,28,$89.99,"$2,519.72",shipped
105502,28/04/2026,Acme Corp,East,Gadget X,1,"$2,150.00","$2,150.00",shipped
105503,2026-03-01,Wayne Enterprises,East,Widget Pro,19,"$1,234.50","$23,455.50",pending
105504,2026-03-02,Wayne Enterprises,East,Widget Lite,7,$89.99,$629.93,pending
105505,13/03/2026,Soylent Co,west,Widget Lite,19,$89.99,"$1,709.81",SHIPPED
105506,2026-03-04,Wayne Enterprises,West,Gizmo Mini,27,$45.00,"$1,215.00",Pending
105507,13/03/2026,Vehement Capital,East,Widget Pro,30,"$1,234.50","$37,035.00",pending
105508,2026-03-06,Soylent Co,West,Gizmo Mini,6,$45.00,$270.00,pending
105509,2026-03-07,Hooli,West,Gizmo Mini,30,$45.00,"$1,350.00",SHIPPED
105510,2026-03-08,Acme Corp,West,Widget Lite,20,$89.99,"$1,799.80",pending
105511,2026-03-09,Initech,East,Gadget X,3,"$2,150.00","$6,450.00",SHIPPED
105512,2026-03-10,Massive Dynamic,nyc,Gizmo Mini,29,$45.00,"$1,305.00",Pending
105513,13/03/2026,Hooli,NYC,Widget Pro,5,"$1,234.50","$6,172.50",SHIPPED
105514,2026-03-12,Massive Dynamic,East,Widget Lite,3,$89.99,$269.97,Pending
105515,2026-03-13,Acme Corp,nyc,Widget Lite,21,$89.99,"$1,889.79",SHIPPED
105516,14/03/2026,Umbrella Ltd,nyc,Widget Pro,22,"$1,234.50","$27,159.00",pending
105517,Mar 15 2026,Globex Incorporated,East,Gadget X,6,"$2,150.00","$12,900.00",shipped
105518,Mar 16 2026,Stark Industries,East,Widget Pro,7,"$1,234.50","$8,641.50",pending
105519,2026-03-17,Soylent Co,East,Widget Lite,14,$89.99,"$1,259.86",shipped
105520,2026-03-18,Wayne Enterprises,East,Widget Pro,27,"$1,234.50","$33,331.50",SHIPPED
105521,2026-03-19,Vehement Capital,NYC,Widget Pro,27,"$1,234.50","$33,331.50",pending
105522,2026-03-20,Soylent Co,East,Widget Pro,20,"$1,234.50","$24,690.00",shipped
105523,21/03/2026,Acme Corp,East,Gadget X,21,"$2,150.00","$45,150.00",pending
105524,2026-03-22,Massive Dynamic,NYC,Widget Pro,24,"$1,234.50","$29,628.00",pending
105525,2026-03-23,Stark Industries,West,Widget Pro,23,"$1,234.50","$28,393.50",Pending
105526,2026-03-24,Massive Dynamic,west,Widget Lite,29,$89.99,"$2,609.71",Pending
105527,2026-03-25,Hooli,New York,Widget Lite,29,$89.99,"$2,609.71",shipped
105528,Mar 26 2026,Vehement Capital,East,Widget Lite,16,$89.99,"$1,439.84",pending
105529,2026-03-27,Vehement Capital,New York,Gizmo Mini,28,$45.00,"$1,260.00",Pending
105530,2026-03-28,Initech,nyc,Widget Pro,10,"$1,234.50","$12,345.00",Pending
105531,2026-04-01,Umbrella Ltd,East,Gizmo Mini,25,$45.00,"$1,125.00",pending
105532,2026-04-02,Soylent Co,n-y-c,Gadget X,16,"$2,150.00","$34,400.00",pending
105533,2026-04-03,Soylent Co,East,Gizmo Mini,25,$45.00,"$1,125.00",Pending
105534,Apr 4 2026,Stark Industries,New York,Gadget X,20,"$2,150.00","$43,000.00",pending
105535,13/04/2026,Wayne Enterprises,East,Gadget X,27,"$2,150.00","$58,050.00",Pending
105536,2026-04-06,Acme Corp,NYC,Widget Pro,3,"$1,234.50","$3,703.50",SHIPPED
105537,2026-04-07,Initech,nyc,Widget Lite,21,$89.99,"$1,889.79",SHIPPED
105538,2026-04-08,Umbrella Ltd,west,Widget Lite,1,$89.99,$89.99,Shipped
105539,2026-04-09,Stark Industries,New York,Widget Lite,25,$89.99,"$2,249.75",pending
105540,2026-04-10,Massive Dynamic,NYC,Gizmo Mini,3,$45.00,$135.00,shipped
105541,2026-04-11,Initech,West,Widget Lite,12,$89.99,"$1,079.88",Shipped
105542,2026-04-12,Initech,East,Gadget X,29,"$2,150.00","$62,350.00",shipped
105543,2026-04-13,Vehement Capital,nyc,Gadget X,21,"$2,150.00","$45,150.00",Shipped
105544,14/04/2026,Soylent Co,East,Gizmo Mini,18,$45.00,$810.00,pending
105545,2026-04-15,Acme Corp,West,Widget Pro,13,"$1,234.50","$16,048.50",SHIPPED
105546,2026-04-16,Wayne Enterprises,west,Gadget X,16,"$2,150.00","$34,400.00",Shipped
105547,2026-04-17,Acme Corp,NYC,Gizmo Mini,15,$45.00,$675.00,Shipped
105548,2026-04-18,Vehement Capital,west,Gadget X,3,"$2,150.00","$6,450.00",SHIPPED
105549,2026-04-19,Initech,West,Gadget X,8,"$2,150.00","$17,200.00",SHIPPED
105550,2026-04-20,Stark Industries,East,Widget Lite,15,$89.99,"$1,349.85",pending
105551,21/04/2026,Globex Incorporated,East,Widget Lite,13,$89.99,"$1,169.87",pending
105552,2026-04-22,Umbrella Ltd,East,Gadget X,30,"$2,150.00","$64,500.00",Pending
105553,2026-04-23,Hooli,East,Gizmo Mini,16,$45.00,$720.00,pending
105554,2026-04-24,Soylent Co,West,Gadget X,12,"$2,150.00","$25,800.00",Pending
105555,2026-04-25,Vehement Capital,East,Gadget X,16,"$2,150.00","$34,400.00",Pending
105556,2026-04-26,Acme Corp,West,Gadget X,24,"$2,150.00","$51,600.00",pending
105557,27/04/2026,Globex Incorporated,West,Gizmo Mini,23,$45.00,"$1,035.00",pending
105558,2026-04-28,Acme Corp,nyc,Gizmo Mini,4,$45.00,$180.00,Pending
105559,2026-03-01,Massive Dynamic,New York,Gadget X,6,"$2,150.00","$12,900.00",pending
105560,2026-03-02,Umbrella Ltd,New York,Gizmo Mini,15,$45.00,$875.00,pending
105561,2026-03-03,Vehement Capital,East,Widget Lite,30,$89.99,"$2,699.70",Pending
105562,2026-03-04,Vehement Capital,west,Widget Lite,27,$89.99,"$2,429.73",shipped
105563,Mar 5 2026,Vehement Capital,n-y-c,Gizmo Mini,25,$45.00,"$1,125.00",pending
105564,2026-03-06,Vehement Capital,n-y-c,Gadget X,4,"$2,150.00","$8,600.00",Pending
105565,2026-03-07,Initech,East,Widget Lite,3,$89.99,$269.97,Pending
105566,13/03/2026,Acme Corp,East,Widget Lite,10,$89.99,$899.90,pending
105567,2026-03-09,Massive Dynamic,n-y-c,Gadget X,7,"$2,150.00","$15,050.00",shipped
105568,13/03/2026,Stark Industries,West,Widget Lite,7,$89.99,$629.93,Shipped
105569,2026-03-11,Initech,East,Widget Lite,28,$89.99,"$2,519.72",SHIPPED
105570,Mar 12 2026,Stark Industries,East,Widget Pro,10,"$1,234.50","$12,345.00",Pending
105571,2026-03-13,Vehement Capital,East,Widget Pro,21,"$1,234.50","$25,924.50",Pending
105572,14/03/2026,Acme Corp,East,Gizmo Mini,16,$45.00,$720.00,Pending
105573,2026-03-15,Acme Corp,west,Gadget X,12,"$2,150.00","$25,800.00",Pending
105574,16/03/2026,Initech,west,Gadget X,19,"$2,150.00","$40,850.00",pending
105575,2026-03-17,Initech,East,Gizmo Mini,30,$45.00,"$1,350.00",SHIPPED
105576,Mar 18 2026,Initech,West,Gadget X,29,"$2,150.00","$62,350.00",Shipped
105577,2026-03-19,,nyc,Gizmo Mini,21,$45.00,$945.00,Pending
105578,2026-03-20,Soylent Co,west,Widget Lite,23,$89.99,"$2,069.77",pending
105579,2026-03-21,Acme Corp,west,Widget Lite,11,$89.99,$989.89,Pending
105580,2026-03-22,Globex Incorporated,NYC,Widget Pro,26,"$1,234.50","$32,097.00",pending
105581,2026-03-23,Stark Industries,East,Gizmo Mini,5,$45.00,$225.00,SHIPPED
105582,2026-03-24,Massive Dynamic,East,Widget Lite,6,$89.99,$539.94,pending
105583,2026-03-25,Umbrella Ltd,East,Gizmo Mini,7,$45.00,$315.00,SHIPPED
105584,26/03/2026,Stark Industries,East,Widget Pro,10,"$1,234.50","$12,345.00",SHIPPED
105585,2026-03-27,Acme Corp,East,Widget Lite,28,$89.99,"$2,519.72",shipped
105586,2026-03-28,Massive Dynamic,New York,Widget Lite,15,$89.99,"$1,349.85",SHIPPED
105587,2026-04-01,Wayne Enterprises,East,Widget Lite,23,$89.99,"$2,069.77",Pending
105588,2026-04-02,Hooli,nyc,Widget Lite,13,$89.99,"$1,169.87",Shipped
105589,2026-04-03,Umbrella Ltd,East,Gadget X,11,"$2,150.00","$23,650.00",pending
105590,Apr 4 2026,Hooli,East,Widget Lite,24,$89.99,"$2,159.76",pending
105591,2026-04-05,Globex Incorporated,nyc,Gadget X,6,"$2,150.00","$12,900.00",Pending
105592,2026-04-06,Globex Incorporated,west,Gizmo Mini,11,$45.00,$495.00,SHIPPED
105593,13/04/2026,Stark Industries,East,Gizmo Mini,10,$45.00,$450.00,shipped
105594,2026-04-08,Wayne Enterprises,nyc,Gizmo Mini,17,$45.00,$765.00,pending
105595,2026-04-09,Vehement Capital,n-y-c,Gizmo Mini,23,$45.00,"$1,035.00",Pending
105596,Apr 10 2026,Acme Corp,East,Gadget X,21,"$2,150.00","$45,150.00",Pending
105597,2026-04-11,Globex Incorporated,NYC,Gizmo Mini,4,$45.00,$180.00,pending
105598,2026-04-12,Hooli,West,Gizmo Mini,4,$45.00,$180.00,pending
105599,13/04/2026,Massive Dynamic,NYC,Gizmo Mini,26,$45.00,"$1,170.00",SHIPPED
105600,2026-04-14,Globex Incorporated,West,Gizmo Mini,22,$45.00,$990.00,Pending
105601,Apr 15 2026,Hooli,East,Widget Lite,10,$89.99,$899.90,shipped
105602,16/04/2026,Acme Corp,East,Gadget X,17,"$2,150.00","$36,550.00",SHIPPED
105603,2026-04-17,Acme Corp,East,Widget Lite,,,,shipped
105604,Apr 18 2026,Stark Industries,n-y-c,Gadget X,26,"$2,150.00","$55,900.00",pending
105605,2026-04-19,Umbrella Ltd,New York,Widget Pro,23,"$1,234.50","$28,393.50",shipped
105606,2026-04-20,Wayne Enterprises,west,Widget Pro,12,"$1,234.50","$14,814.00",pending
105607,2026-04-21,Stark Industries,East,Gadget X,15,"$2,150.00","$32,250.00",Shipped
105608,22/04/2026,Stark Industries,East,Gizmo Mini,5,$45.00,$225.00,shipped
105609,2026-04-23,Massive Dynamic,n-y-c,Gadget X,10,"$2,150.00","$21,500.00",Shipped
105610,24/04/2026,Hooli,west,Gadget X,28,"$2,150.00","$60,200.00",shipped
105611,25/04/2026,Umbrella Ltd,East,Widget Pro,6,"$1,234.50","$7,407.00",shipped
105612,26/04/2026,Globex Incorporated,East,Gadget X,12,"$2,150.00","$25,800.00",Pending
105613,2026-04-27,Wayne Enterprises,East,Widget Pro,30,"$1,234.50","$37,035.00",Pending
105614,2026-04-28,Massive Dynamic,East,Widget Pro,9,"$1,234.50","$11,110.50",pending
105615,Mar 1 2026,Soylent Co,n-y-c,Gizmo Mini,16,$45.00,$720.00,Shipped
105616,13/03/2026,Acme Corp,East,Gizmo Mini,27,$45.00,"$1,215.00",pending
105617,13/03/2026,Massive Dynamic,West,Widget Lite,21,$89.99,"$1,889.79",pending
105618,2026-03-04,Stark Industries,East,Widget Pro,28,"$1,234.50","$34,566.00",shipped
105619,2026-03-05,Initech,west,Gadget X,22,"$2,150.00","$47,300.00",shipped
105620,2026-03-06,Stark Industries,East,Widget Lite,17,$89.99,"$1,529.83",Pending
105621,13/03/2026,Hooli,n-y-c,Widget Lite,7,$89.99,$629.93,pending
105622,2026-03-08,Soylent Co,West,Widget Lite,13,$89.99,"$1,169.87",shipped
105623,2026-03-09,Stark Industries,East,Gadget X,4,"$2,150.00","$8,600.00",pending
105624,2026-03-10,Soylent Co,East,Gizmo Mini,7,$45.00,$315.00,Pending
105625,2026-03-11,Wayne Enterprises,NYC,Widget Lite,1,$89.99,$89.99,SHIPPED
105626,2026-03-12,Vehement Capital,West,Gadget X,23,"$2,150.00","$49,450.00",Shipped
105627,Mar 13 2026,Acme Corp,East,Gadget X,20,"$2,150.00","$43,000.00",Shipped
105628,2026-03-14,Massive Dynamic,New York,Gizmo Mini,18,$45.00,$810.00,Pending
105629,2026-03-15,Massive Dynamic,East,Widget Lite,7,$89.99,$629.93,shipped
105630,Mar 16 2026,Vehement Capital,East,Gizmo Mini,5,$45.00,$225.00,pending
105631,2026-03-17,Hooli,West,Widget Lite,7,$89.99,$629.93,pending
105632,18/03/2026,Stark Industries,East,Widget Pro,30,"$1,234.50","$37,035.00",Pending
105633,19/03/2026,Umbrella Ltd,East,Gadget X,19,"$2,150.00","$40,850.00",Pending
105634,2026-03-20,Vehement Capital,West,Gizmo Mini,12,$45.00,$540.00,SHIPPED
105635,2026-03-21,Soylent Co,NYC,Gadget X,21,"$2,150.00","$45,150.00",shipped
105636,2026-03-22,Stark Industries,NYC,Widget Pro,3,"$1,234.50","$3,703.50",pending
105637,2026-03-23,Wayne Enterprises,West,Widget Lite,30,$89.99,"$2,699.70",shipped
105638,24/03/2026,Acme Corp,New York,Widget Pro,6,"$1,234.50","$7,407.00",SHIPPED
105639,2026-03-25,Acme Corp,East,Widget Lite,1,$89.99,$89.99,Shipped
105640,2026-03-26,Vehement Capital,East,Widget Pro,29,"$1,234.50","$35,800.50",SHIPPED
105641,2026-03-27,Initech,west,Widget Pro,2,"$1,234.50","$2,469.00",SHIPPED
105642,2026-03-28,Hooli,West,Widget Lite,10,$89.99,$899.90,pending
105643,2026-04-01,Globex Incorporated,West,Gadget X,9,"$2,150.00","$19,350.00",Pending
105644,13/04/2026,Acme Corp,West,Widget Pro,2,"$1,234.50","$2,469.00",pending
105645,Apr 3 2026,Wayne Enterprises,NYC,Gadget X,6,"$2,150.00","$12,900.00",shipped
105646,13/04/2026,Soylent Co,New York,Gizmo Mini,7,$45.00,$315.00,shipped
105647,2026-04-05,Vehement Capital,west,Gizmo Mini,8,$45.00,$360.00,Pending
105648,2026-04-06,Umbrella Ltd,New York,Widget Pro,7,"$1,234.50","$8,641.50",Pending
105649,2026-04-07,Acme Corp,New York,Gizmo Mini,14,$45.00,$630.00,pending
105650,2026-04-08,Initech,East,Widget Pro,18,"$1,234.50","$22,221.00",SHIPPED
105651,13/04/2026,Massive Dynamic,East,Gadget X,10,"$2,150.00","$21,500.00",pending
105652,13/04/2026,Initech,East,Gadget X,26,"$2,150.00","$55,900.00",Pending
105653,Apr 11 2026,Massive Dynamic,New York,Widget Lite,14,$89.99,"$1,259.86",Shipped
105654,2026-04-12,Hooli,East,Widget Pro,13,"$1,234.50","$16,048.50",shipped
105655,2026-04-13,Hooli,west,Gadget X,27,"$2,150.00","$58,050.00",pending
105656,Apr 14 2026,Stark Industries,New York,Widget Lite,27,$89.99,"$2,429.73",shipped
105657,15/04/2026,Hooli,n-y-c,Gadget X,2,"$2,150.00","$4,300.00",Pending
105658,2026-04-16,Wayne Enterprises,West,Gizmo Mini,24,$45.00,"$1,080.00",Pending
105659,2026-04-17,Massive Dynamic,East,Gadget X,2,"$2,150.00","$4,300.00",pending
105660,2026-04-18,Vehement Capital,nyc,Widget Lite,19,$89.99,"$1,709.81",shipped
105661,19/04/2026,Umbrella Ltd,East,Widget Lite,21,$89.99,"$1,889.79",Pending
105662,20/04/2026,Initech,nyc,Widget Pro,17,"$1,234.50","$20,986.50",Shipped
105663,2026-04-21,Acme Corp,West,Widget Pro,29,"$1,234.50","$35,800.50",Pending
105664,22/04/2026,Globex Incorporated,West,Gadget X,1,"$2,150.00","$2,150.00",shipped
105665,2026-04-23,Acme Corp,nyc,Gadget X,1,"$2,150.00","$2,150.00",pending
105666,2026-04-24,Wayne Enterprises,East,Gizmo Mini,5,$45.00,$225.00,pending
105667,2026-04-25,Hooli,west,Gizmo Mini,8,$45.00,$360.00,Pending
105668,2026-04-26,Soylent Co,New York,Gizmo Mini,3,$45.00,$135.00,SHIPPED
105669,Apr 27 2026,Umbrella Ltd,East,Widget Lite,26,$89.99,"$2,339.74",pending
105670,Apr 28 2026,Globex Incorporated,west,Gizmo Mini,26,$45.00,"$1,170.00",Shipped
105671,2026-03-01,Wayne Enterprises,New York,Gadget X,21,"$2,150.00","$45,150.00",Shipped
105672,2026-03-02,Initech,west,Widget Lite,5,$89.99,$449.95,Shipped
105672,2026-03-02,Initech,west,Widget Lite,5,$89.99,$449.95,Shipped
105673,2026-03-04,Soylent Co,n-y-c,Gadget X,7,"$2,150.00","$15,050.00",Shipped
105674,2026-03-05,Stark Industries,n-y-c,Gizmo Mini,3,$45.00,$135.00,shipped
105675,2026-03-06,Soylent Co,New York,Gizmo Mini,11,$45.00,$495.00,Pending
105676,13/03/2026,Wayne Enterprises,nyc,Gadget X,13,"$2,150.00","$27,950.00",shipped
105677,2026-03-08,Massive Dynamic,West,Widget Pro,10,"$1,234.50","$12,345.00",pending
105678,2026-03-09,Wayne Enterprises,West,Gizmo Mini,1,$45.00,$45.00,Shipped
105679,2026-03-10,Stark Industries,West,Gizmo Mini,27,$45.00,"$1,215.00",Shipped
105680,Mar 11 2026,Massive Dynamic,n-y-c,Widget Pro,3,"$1,234.50","$3,703.50",pending
105681,2026-03-12,Hooli,West,Gizmo Mini,28,$45.00,"$1,260.00",pending
105682,2026-03-13,Hooli,West,Widget Pro,10,"$1,234.50","$12,345.00",shipped
105683,2026-03-14,Vehement Capital,West,Gizmo Mini,16,$45.00,$720.00,shipped
105684,15/03/2026,Acme Corp,west,Widget Pro,13,"$1,234.50","$16,048.50",Shipped
105685,16/03/2026,Vehement Capital,west,Gizmo Mini,11,$45.00,$495.00,SHIPPED
105686,2026-03-17,Hooli,East,Widget Lite,19,$89.99,"$1,709.81",shipped
105687,2026-03-18,Globex Incorporated,East,Widget Lite,15,$89.99,"$1,349.85",shipped
105688,2026-03-19,Massive Dynamic,New York,Widget Pro,30,"$1,234.50","$37,035.00",Shipped
105689,2026-03-20,Acme Corp,East,Widget Pro,15,"$1,234.50","$18,517.50",SHIPPED
105690,21/03/2026,Vehement Capital,West,Widget Pro,24,"$1,234.50","$29,628.00",pending
105691,Mar 22 2026,Massive Dynamic,East,Widget Lite,18,$89.99,"$1,619.82",SHIPPED
105692,2026-03-23,Umbrella Ltd,East,Gadget X,4,"$2,150.00","$8,600.00",Pending
105693,2026-03-24,Initech,NYC,Widget Pro,8,"$1,234.50","$9,876.00",shipped
105694,2026-03-25,Hooli,n-y-c,Widget Lite,24,$89.99,"$2,159.76",shipped
105695,Mar 26 2026,Initech,West,Widget Lite,19,$89.99,"$1,709.81",pending
105696,27/03/2026,Globex Incorporated,East,Gadget X,17,"$2,150.00","$36,550.00",Pending
105697,2026-03-28,Soylent Co,west,Widget Lite,12,$89.99,"$1,079.88",pending
105698,13/04/2026,Massive Dynamic,West,Widget Lite,28,$89.99,"$2,519.72",shipped
105699,2026-04-02,Vehement Capital,New York,Gizmo Mini,26,$45.00,"$1,170.00",Pending
105700,2026-04-03,Stark Industries,nyc,Gadget X,5,"$2,150.00","$10,750.00",pending
105701,13/04/2026,Umbrella Ltd,West,Widget Pro,15,"$1,234.50","$18,517.50",shipped
105702,2026-04-05,Wayne Enterprises,East,Gadget X,11,"$2,150.00","$23,650.00",Shipped
105703,2026-04-06,Stark Industries,West,Widget Lite,19,$89.99,"$1,709.81",shipped
105704,2026-04-07,Massive Dynamic,west,Widget Pro,26,"$1,234.50","$32,097.00",pending
105705,2026-04-08,Hooli,East,Gizmo Mini,2,$45.00,$90.00,pending
105706,2026-04-09,Globex Incorporated,West,Gizmo Mini,6,$45.00,$270.00,pending
105707,2026-04-10,Acme Corp,nyc,Widget Lite,10,$89.99,$899.90,Pending
105708,2026-04-11,Umbrella Ltd,East,Widget Pro,14,"$1,234.50","$17,283.00",Shipped
105709,2026-04-12,Wayne Enterprises,East,Gadget X,6,"$2,150.00","$12,900.00",shipped
105710,2026-04-13,Vehement Capital,West,Widget Pro,17,"$1,234.50","$20,986.50",pending
105711,2026-04-14,Acme Corp,n-y-c,Gizmo Mini,21,$45.00,$945.00,SHIPPED
105712,2026-04-15,Globex Incorporated,NYC,Widget Lite,7,$89.99,$629.93,shipped
105713,2026-04-16,Hooli,n-y-c,Gadget X,13,"$2,150.00","$27,950.00",pending
105714,2026-04-17,Wayne Enterprises,NYC,Gadget X,8,"$2,150.00","$17,200.00",Shipped
105715,2026-04-18,Initech,n-y-c,Widget Lite,13,$89.99,"$1,169.87",shipped
105716,2026-04-19,Stark Industries,n-y-c,Widget Lite,19,$89.99,"$1,709.81",pending
105717,2026-04-20,Vehement Capital,East,Gadget X,21,"$2,150.00","$45,150.00",Pending
105718,2026-04-21,Acme Corp,West,Gadget X,11,"$2,150.00","$23,650.00",SHIPPED
105719,2026-04-22,Vehement Capital,NYC,Gadget X,27,"$2,150.00","$58,050.00",shipped
105720,2026-04-23,Initech,East,Widget Lite,22,$89.99,"$1,979.78",pending
105721,2026-04-24,Massive Dynamic,west,Gadget X,10,"$2,150.00","$21,500.00",Pending
105722,2026-04-25,Wayne Enterprises,East,Widget Lite,19,$89.99,"$1,709.81",SHIPPED
105723,2026-04-26,Vehement Capital,west,Widget Lite,26,$89.99,"$2,339.74",pending
105724,2026-04-27,Umbrella Ltd,East,Gadget X,3,"$2,150.00","$6,450.00",Shipped
105725,2026-04-28,Stark Industries,n-y-c,Widget Lite,18,$89.99,"$1,619.82",pending
105726,13/03/2026,Globex Incorporated,East,Gizmo Mini,6,$45.00,$270.00,Pending
105727,2026-03-02,Stark Industries,East,Gizmo Mini,10,$45.00,$450.00,shipped
105728,13/03/2026,Initech,East,Widget Pro,11,"$1,234.50","$13,579.50",SHIPPED
105729,2026-03-04,Soylent Co,East,Gadget X,29,"$2,150.00","$62,350.00",shipped
105730,13/03/2026,Globex Incorporated,n-y-c,Gizmo Mini,22,$45.00,$990.00,Shipped
105731,2026-03-06,Acme Corp,New York,Widget Pro,4,"$1,234.50","$4,938.00",SHIPPED
105732,2026-03-07,Stark Industries,west,Gizmo Mini,29,$45.00,"$1,305.00",Shipped
105733,2026-03-08,Wayne Enterprises,west,Gizmo Mini,17,$45.00,$765.00,pending
105734,2026-03-09,Acme Corp,West,Widget Lite,5,$89.99,$449.95,shipped
105735,2026-03-10,Globex Incorporated,East,Gadget X,26,"$2,150.00","$55,900.00",Shipped
105736,Mar 11 2026,Soylent Co,n-y-c,Widget Lite,12,$89.99,"$1,079.88",shipped
105737,2026-03-12,Initech,East,Widget Pro,12,"$1,234.50","$14,814.00",shipped
105738,2026-03-13,Stark Industries,NYC,Widget Lite,3,$89.99,$269.97,pending
105739,2026-03-14,Umbrella Ltd,West,Widget Pro,21,"$1,234.50","$25,924.50",pending
105740,2026-03-15,Globex Incorporated,nyc,Gadget X,7,"$2,150.00","$15,050.00",Shipped
105741,2026-03-16,Vehement Capital,west,Widget Pro,16,"$1,234.50","$19,752.00",Pending
105742,2026-03-17,Initech,west,Gadget X,22,"$2,150.00","$47,300.00",shipped
105743,2026-03-18,Vehement Capital,West,Widget Pro,21,"$1,234.50","$25,924.50",Shipped
105744,2026-03-19,Umbrella Ltd,New York,Gizmo Mini,2,$45.00,$90.00,shipped
105745,2026-03-20,Massive Dynamic,West,Widget Pro,20,"$1,234.50","$24,690.00",shipped
105746,2026-03-21,Wayne Enterprises,NYC,Widget Lite,26,$89.99,"$2,339.74",Shipped
105747,2026-03-22,Vehement Capital,NYC,Widget Lite,12,$89.99,"$1,079.88",SHIPPED
105748,23/03/2026,Massive Dynamic,East,Widget Lite,16,$89.99,"$1,439.84",SHIPPED
105749,2026-03-24,Hooli,NYC,Gizmo Mini,12,$45.00,$540.00,Pending
105750,Mar 25 2026,Umbrella Ltd,East,Gizmo Mini,22,$45.00,$990.00,pending
105751,2026-03-26,Initech,nyc,Widget Pro,27,"$1,234.50","$33,331.50",pending
105752,27/03/2026,Hooli,West,Gadget X,20,"$2,150.00","$43,000.00",shipped
105753,2026-03-28,Hooli,West,Gadget X,4,"$2,150.00","$8,600.00",SHIPPED
105754,Apr 1 2026,Acme Corp,East,Gadget X,24,"$2,150.00","$51,600.00",shipped
105755,2026-04-02,Umbrella Ltd,west,Gadget X,23,"$2,150.00","$49,450.00",SHIPPED
105756,2026-04-03,Stark Industries,East,Widget Pro,26,"$1,234.50","$32,097.00",pending
105757,13/04/2026,Massive Dynamic,west,Widget Lite,9,$89.99,$809.91,shipped
105758,2026-04-05,Massive Dynamic,nyc,Widget Pro,5,"$1,234.50","$6,172.50",Shipped
105759,2026-04-06,Initech,New York,Gizmo Mini,3,$45.00,$135.00,shipped
105760,2026-04-07,Hooli,East,Widget Pro,1,"$1,234.50","$1,234.50",pending
105761,2026-04-08,Massive Dynamic,n-y-c,Gadget X,8,"$2,150.00","$17,200.00",pending
105762,13/04/2026,Vehement Capital,East,Widget Lite,14,$89.99,"$1,259.86",shipped
105763,2026-04-10,Vehement Capital,New York,Widget Pro,6,"$1,234.50","$7,407.00",pending
105764,2026-04-11,Massive Dynamic,East,Gizmo Mini,20,$45.00,$900.00,Pending
105765,2026-04-12,Acme Corp,west,Gadget X,27,"$2,150.00","$58,050.00",Pending
105766,13/04/2026,Stark Industries,East,Gadget X,24,"$2,150.00","$51,600.00",SHIPPED
105767,2026-04-14,Umbrella Ltd,East,Gizmo Mini,16,$45.00,$720.00,Shipped
105768,2026-04-15,Initech,East,Widget Lite,17,$89.99,"$1,529.83",pending
105769,2026-04-16,Wayne Enterprises,East,Widget Lite,29,$89.99,"$2,609.71",SHIPPED
105770,2026-04-17,Umbrella Ltd,n-y-c,Widget Pro,29,"$1,234.50","$35,800.50",Pending
105771,2026-04-18,Acme Corp,NYC,Gadget X,7,"$2,150.00","$15,050.00",shipped
105772,2026-04-19,Soylent Co,New York,Gadget X,29,"$2,150.00","$62,350.00",pending
105773,2026-04-20,Soylent Co,East,Widget Pro,10,"$1,234.50","$12,345.00",SHIPPED
105774,2026-04-21,Vehement Capital,West,Widget Pro,24,"$1,234.50","$29,628.00",Shipped
105775,2026-04-22,Stark Industries,west,Gizmo Mini,3,$45.00,$135.00,Pending
105776,2026-04-23,Initech,East,Widget Pro,15,"$1,234.50","$18,517.50",pending
105777,2026-04-24,Umbrella Ltd,West,Widget Lite,11,$89.99,"$1,419.89",Pending
105778,2026-04-25,Hooli,west,Gizmo Mini,25,$45.00,"$1,125.00",Pending
105779,26/04/2026,Umbrella Ltd,East,Gadget X,,,,Pending
105780,27/04/2026,Stark Industries,East,Gizmo Mini,13,$45.00,$585.00,Pending
105781,28/04/2026,Umbrella Ltd,East,Gadget X,25,"$2,150.00","$53,750.00",SHIPPED
105782,2026-03-01,Vehement Capital,west,Gizmo Mini,8,$45.00,$360.00,Shipped
105783,Mar 2 2026,Initech,n-y-c,Widget Pro,14,"$1,234.50","$17,283.00",Shipped
105784,13/03/2026,Massive Dynamic,west,Gizmo Mini,3,$45.00,$135.00,SHIPPED
105785,2026-03-04,Umbrella Ltd,West,Gadget X,18,"$2,150.00","$38,700.00",SHIPPED
105786,2026-03-05,Globex Incorporated,New York,Gizmo Mini,30,$45.00,"$1,350.00",pending
105787,2026-03-06,Vehement Capital,East,Gadget X,13,"$2,150.00","$27,950.00",Shipped
105788,Mar 7 2026,Acme Corp,NYC,Widget Pro,17,"$1,234.50","$20,986.50",Pending
105789,2026-03-08,Wayne Enterprises,nyc,Widget Pro,24,"$1,234.50","$29,628.00",Shipped
105790,13/03/2026,Hooli,west,Widget Lite,29,$89.99,"$2,609.71",shipped
105791,2026-03-10,Wayne Enterprises,West,Gizmo Mini,21,$45.00,$945.00,Pending
105792,2026-03-11,Massive Dynamic,nyc,Widget Lite,20,$89.99,"$1,799.80",Pending
105793,2026-03-12,Acme Corp,n-y-c,Widget Pro,30,"$1,234.50","$37,035.00",pending
105794,Mar 13 2026,Wayne Enterprises,nyc,Widget Lite,19,$89.99,"$1,709.81",shipped
105795,2026-03-14,Globex Incorporated,New York,Widget Lite,1,$89.99,$89.99,shipped
105796,2026-03-15,Globex Incorporated,West,Widget Pro,28,"$1,234.50","$34,566.00",pending
105797,2026-03-16,Initech,East,Gadget X,26,"$2,150.00","$55,900.00",shipped
105798,17/03/2026,Acme Corp,New York,Gizmo Mini,18,$45.00,$810.00,shipped
105799,2026-03-18,Hooli,nyc,Widget Pro,2,"$1,234.50","$2,469.00",shipped
105800,19/03/2026,Massive Dynamic,East,Gizmo Mini,1,$45.00,$45.00,SHIPPED
105801,2026-03-20,Massive Dynamic,NYC,Widget Pro,1,"$1,234.50","$1,234.50",Shipped
105802,21/03/2026,Vehement Capital,East,Gadget X,2,"$2,150.00","$4,300.00",pending
105803,2026-03-22,Stark Industries,n-y-c,Widget Pro,8,"$1,234.50","$9,876.00",SHIPPED
105804,23/03/2026,Stark Industries,west,Gadget X,7,"$2,150.00","$15,050.00",Pending
105805,2026-03-24,Soylent Co,n-y-c,Widget Lite,14,$89.99,"$1,259.86",Shipped
105806,25/03/2026,Acme Corp,East,Gizmo Mini,18,$45.00,$810.00,Shipped
105807,26/03/2026,Stark Industries,East,Widget Lite,27,$89.99,"$2,429.73",Shipped
105808,2026-03-27,Wayne Enterprises,East,Widget Lite,3,$89.99,$269.97,pending
105809,2026-03-28,Wayne Enterprises,West,Widget Pro,17,"$1,234.50","$20,986.50",shipped
105810,13/04/2026,Acme Corp,nyc,Gadget X,20,"$2,150.00","$43,000.00",Pending
105811,13/04/2026,Wayne Enterprises,East,Gizmo Mini,30,$45.00,"$1,350.00",pending
105812,2026-04-03,Soylent Co,n-y-c,Widget Lite,22,$89.99,"$1,979.78",pending
105813,2026-04-04,Acme Corp,west,Gadget X,9,"$2,150.00","$19,350.00",Pending
105814,2026-04-05,Hooli,west,Widget Pro,18,"$1,234.50","$22,221.00",shipped
105815,2026-04-06,Acme Corp,west,Widget Pro,11,"$1,234.50","$13,579.50",Shipped
105816,2026-04-07,Wayne Enterprises,New York,Gizmo Mini,22,$45.00,$990.00,pending
105817,2026-04-08,Initech,west,Widget Lite,21,$89.99,"$1,889.79",Shipped
105818,2026-04-09,Soylent Co,West,Gadget X,17,"$2,150.00","$36,550.00",Pending
105819,Apr 10 2026,Stark Industries,West,Widget Lite,29,$89.99,"$2,609.71",shipped
105820,2026-04-11,Hooli,East,Gadget X,1,"$2,150.00","$2,150.00",pending
105821,2026-04-12,Vehement Capital,East,Widget Lite,1,$89.99,$89.99,shipped
105822,2026-04-13,Massive Dynamic,n-y-c,Gizmo Mini,21,$45.00,$945.00,pending
105823,2026-04-14,Wayne Enterprises,New York,Widget Pro,12,"$1,234.50","$14,814.00",shipped
105824,2026-04-15,Umbrella Ltd,New York,Gadget X,23,"$2,150.00","$49,450.00",Pending
105825,16/04/2026,Umbrella Ltd,NYC,Widget Pro,14,"$1,234.50","$17,283.00",Shipped
105826,2026-04-17,Soylent Co,East,Gadget X,3,"$2,150.00","$6,450.00",shipped
105827,2026-04-18,Soylent Co,west,Widget Lite,18,$89.99,"$1,619.82",Pending
105828,2026-04-19,Umbrella Ltd,west,Gizmo Mini,23,$45.00,"$1,035.00",Pending
105829,2026-04-20,Umbrella Ltd,West,Widget Pro,25,"$1,234.50","$30,862.50",Pending
105830,21/04/2026,Stark Industries,west,Widget Pro,15,"$1,234.50","$18,517.50",Pending
105831,2026-04-22,Vehement Capital,nyc,Gizmo Mini,23,$45.00,"$1,035.00",Shipped
105832,23/04/2026,Wayne Enterprises,west,Gadget X,1,"$2,150.00","$2,150.00",shipped
105833,Apr 24 2026,Globex Incorporated,East,Widget Pro,20,"$1,234.50","$24,690.00",shipped
105834,2026-04-25,Globex Incorporated,East,Widget Pro,3,"$1,234.50","$3,703.50",shipped
105835,2026-04-26,Hooli,West,Widget Lite,13,$89.99,"$1,169.87",shipped
105836,2026-04-27,Acme Corp,East,Gadget X,29,"$2,150.00","$62,350.00",Shipped
105837,2026-04-28,Wayne Enterprises,East,Gadget X,23,"$2,150.00","$49,450.00",pending
105838,2026-03-01,Hooli,n-y-c,Widget Pro,2,"$1,234.50","$2,469.00",Pending
105839,13/03/2026,Massive Dynamic,West,Widget Lite,4,$89.99,$359.96,Shipped
105840,2026-03-03,Vehement Capital,West,Widget Lite,23,$89.99,"$2,069.77",Shipped
105841,2026-03-04,Massive Dynamic,nyc,Widget Pro,27,"$1,234.50","$33,331.50",Pending
105842,2026-03-05,Vehement Capital,East,Gizmo Mini,17,$45.00,$765.00,SHIPPED
105843,13/03/2026,Wayne Enterprises,East,Widget Pro,8,"$1,234.50","$9,876.00",pending
105844,2026-03-07,Soylent Co,East,Gizmo Mini,3,$45.00,$135.00,shipped
105845,2026-03-08,Soylent Co,nyc,Widget Lite,4,$89.99,$359.96,Pending
105846,2026-03-09,Globex Incorporated,East,Gizmo Mini,30,$45.00,"$1,350.00",SHIPPED
105847,2026-03-10,Massive Dynamic,New York,Gadget X,26,"$2,150.00","$55,900.00",pending
105848,13/03/2026,Stark Industries,nyc,Widget Lite,3,$89.99,$269.97,Shipped
105849,2026-03-12,Vehement Capital,West,Widget Lite,12,$89.99,"$1,279.88",shipped
105850,13/03/2026,Soylent Co,West,Gadget X,8,"$2,150.00","$17,200.00",pending
105851,2026-03-14,Massive Dynamic,East,Widget Pro,1,"$1,234.50","$1,234.50",SHIPPED
105852,Mar 15 2026,Massive Dynamic,East,Gadget X,8,"$2,150.00","$17,200.00",Shipped
105853,2026-03-16,Acme Corp,nyc,Widget Lite,5,$89.99,$449.95,pending
105854,2026-03-17,Massive Dynamic,nyc,Widget Lite,30,$89.99,"$2,699.70",shipped
105855,2026-03-18,Acme Corp,East,Widget Lite,3,$89.99,$269.97,shipped
105856,19/03/2026,Massive Dynamic,West,Widget Pro,18,"$1,234.50","$22,221.00",pending
105857,2026-03-20,Soylent Co,nyc,Widget Pro,20,"$1,234.50","$24,690.00",Pending
105858,2026-03-21,Soylent Co,West,Gizmo Mini,24,$45.00,"$1,080.00",shipped
105859,Mar 22 2026,Acme Corp,west,Widget Pro,29,"$1,234.50","$35,800.50",shipped
105860,2026-03-23,Initech,West,Widget Lite,6,$89.99,$539.94,SHIPPED
105861,2026-03-24,Stark Industries,NYC,Gizmo Mini,14,$45.00,$630.00,shipped
105862,2026-03-25,Soylent Co,East,Gadget X,29,"$2,150.00","$62,350.00",shipped
105863,2026-03-26,Vehement Capital,west,Gadget X,12,"$2,150.00","$25,800.00",Pending
105864,2026-03-27,Umbrella Ltd,n-y-c,Widget Pro,4,"$1,234.50","$4,938.00",Shipped
105865,Mar 28 2026,Acme Corp,East,Gadget X,16,"$2,150.00","$34,400.00",shipped
105866,2026-04-01,Globex Incorporated,NYC,Widget Lite,13,$89.99,"$1,169.87",Pending
105867,13/04/2026,Vehement Capital,East,Widget Pro,4,"$1,234.50","$4,938.00",Pending
105868,2026-04-03,Hooli,West,Gadget X,19,"$2,150.00","$40,850.00",pending
105869,2026-04-04,Massive Dynamic,n-y-c,Gizmo Mini,14,$45.00,$630.00,SHIPPED
105870,Apr 5 2026,Soylent Co,west,Widget Lite,30,$89.99,"$2,699.70",shipped
105871,13/04/2026,Acme Corp,West,Gadget X,10,"$2,150.00","$21,500.00",shipped
105872,Apr 7 2026,Initech,nyc,Widget Lite,4,$89.99,$359.96,Pending
105873,Apr 8 2026,Wayne Enterprises,East,Widget Lite,8,$89.99,$719.92,Shipped
105874,2026-04-09,Umbrella Ltd,New York,Widget Pro,7,"$1,234.50","$8,641.50",pending
105875,2026-04-10,Acme Corp,west,Widget Pro,30,"$1,234.50","$37,035.00",Shipped
105876,2026-04-11,Soylent Co,west,Gizmo Mini,15,$45.00,$675.00,SHIPPED
105877,2026-04-12,Stark Industries,West,Widget Lite,18,$89.99,"$1,619.82",Pending
105878,2026-04-13,Globex Incorporated,n-y-c,Gadget X,18,"$2,150.00","$38,700.00",Pending
105879,2026-04-14,Vehement Capital,East,Gizmo Mini,21,$45.00,$945.00,Shipped
105880,2026-04-15,Vehement Capital,New York,Widget Lite,19,$89.99,"$1,709.81",pending
105881,2026-04-16,Umbrella Ltd,East,Widget Lite,2,$89.99,$179.98,pending
105882,17/04/2026,Globex Incorporated,n-y-c,Gadget X,19,"$2,150.00","$40,850.00",pending
105883,2026-04-18,Soylent Co,West,Gadget X,28,"$2,150.00","$60,200.00",shipped
105884,19/04/2026,Soylent Co,West,Gizmo Mini,19,$45.00,$855.00,pending
105885,2026-04-20,Hooli,East,Gadget X,29,"$2,150.00","$62,350.00",pending
105886,2026-04-21,Initech,west,Gadget X,20,"$2,150.00","$43,000.00",SHIPPED
105887,2026-04-22,Massive Dynamic,NYC,Widget Lite,7,$89.99,$629.93,Shipped
105888,23/04/2026,Globex Incorporated,New York,Widget Lite,16,$89.99,"$1,439.84",SHIPPED
105889,2026-04-24,Initech,nyc,Widget Lite,9,$89.99,$809.91,Pending
105890,25/04/2026,Globex Incorporated,West,Widget Pro,11,"$1,234.50","$13,579.50",Pending
105891,2026-04-26,Acme Corp,nyc,Gizmo Mini,2,$45.00,$90.00,Shipped
105892,2026-04-27,Stark Industries,New York,Gizmo Mini,1,$45.00,$245.00,SHIPPED
105893,2026-04-28,Hooli,n-y-c,Gizmo Mini,3,$45.00,$135.00,Pending
105894,2026-03-01,Acme Corp,East,Gizmo Mini,29,$45.00,"$1,305.00",Shipped
105895,2026-03-02,,East,Widget Lite,26,$89.99,"$2,339.74",shipped
105896,2026-03-03,Umbrella Ltd,West,Gadget X,14,"$2,150.00","$30,100.00",pending
105897,2026-03-04,Soylent Co,west,Gadget X,2,"$2,150.00","$4,300.00",Pending
105898,13/03/2026,Vehement Capital,west,Widget Pro,4,"$1,234.50","$4,938.00",shipped
105899,2026-03-06,Stark Industries,East,Widget Pro,21,"$1,234.50","$25,924.50",Pending
105900,2026-03-07,Umbrella Ltd,west,Widget Pro,4,"$1,234.50","$4,938.00",pending
105901,2026-03-08,Soylent Co,East,Gadget X,16,"$2,150.00","$34,400.00",SHIPPED
105902,2026-03-09,Acme Corp,west,Widget Lite,23,$89.99,"$2,069.77",Pending
105903,2026-03-10,Wayne Enterprises,west,Gadget X,22,"$2,150.00","$47,300.00",pending
105904,2026-03-11,Umbrella Ltd,west,Widget Pro,21,"$1,234.50","$25,924.50",SHIPPED
105905,13/03/2026,Umbrella Ltd,West,Gadget X,7,"$2,150.00","$15,050.00",SHIPPED
105906,2026-03-13,Acme Corp,New York,Gizmo Mini,4,$45.00,$180.00,shipped
105907,2026-03-14,Umbrella Ltd,East,Widget Pro,2,"$1,234.50","$2,469.00",Shipped
105908,2026-03-15,Umbrella Ltd,West,Widget Lite,15,$89.99,"$1,349.85",pending
105909,Mar 16 2026,Wayne Enterprises,west,Widget Pro,10,"$1,234.50","$12,345.00",pending
105910,2026-03-17,Initech,n-y-c,Gadget X,28,"$2,150.00","$60,200.00",Shipped
105911,18/03/2026,Soylent Co,East,Gadget X,26,"$2,150.00","$55,900.00",SHIPPED
105912,2026-03-19,Globex Incorporated,East,Widget Pro,11,"$1,234.50","$13,579.50",Pending
105913,2026-03-20,Acme Corp,n-y-c,Widget Pro,30,"$1,234.50","$37,035.00",SHIPPED
105914,2026-03-21,Soylent Co,nyc,Gizmo Mini,28,$45.00,"$1,260.00",shipped
105915,2026-03-22,Vehement Capital,East,Widget Pro,9,"$1,234.50","$11,110.50",pending
105916,23/03/2026,Hooli,west,Widget Pro,3,"$1,234.50","$3,703.50",shipped
105917,2026-03-24,Globex Incorporated,West,Gadget X,17,"$2,150.00","$36,550.00",SHIPPED
105918,2026-03-25,Stark Industries,East,Widget Pro,18,"$1,234.50","$22,221.00",pending
105919,2026-03-26,Globex Incorporated,nyc,Widget Lite,11,$89.99,$989.89,SHIPPED
105920,2026-03-27,Stark Industries,East,Widget Lite,4,$89.99,$359.96,pending
105921,28/03/2026,Vehement Capital,East,Gadget X,1,"$2,150.00","$2,150.00",shipped
105922,2026-04-01,Initech,west,Widget Lite,12,$89.99,"$1,079.88",shipped
105923,13/04/2026,Wayne Enterprises,west,Widget Lite,21,$89.99,"$1,889.79",Shipped
105924,2026-04-03,Wayne Enterprises,East,Gizmo Mini,14,$45.00,$630.00,pending
105925,2026-04-04,Acme Corp,East,Widget Pro,18,"$1,234.50","$22,221.00",SHIPPED
105926,2026-04-05,Initech,East,Gizmo Mini,30,$45.00,"$1,350.00",Shipped
105927,2026-04-06,Massive Dynamic,n-y-c,Widget Pro,13,"$1,234.50","$16,048.50",shipped
105928,13/04/2026,Acme Corp,East,Gizmo Mini,15,$45.00,$675.00,shipped
105929,13/04/2026,Acme Corp,East,Gizmo Mini,21,$45.00,$945.00,Pending
105930,2026-04-09,Soylent Co,NYC,Widget Pro,2,"$1,234.50","$2,469.00",pending
105931,2026-04-10,Umbrella Ltd,East,Widget Lite,4,$89.99,$359.96,Shipped
105932,2026-04-11,Hooli,nyc,Gizmo Mini,15,$45.00,$675.00,SHIPPED
105933,13/04/2026,Umbrella Ltd,East,Widget Lite,26,$89.99,"$2,339.74",Shipped
105934,2026-04-13,Initech,East,Widget Pro,18,"$1,234.50","$22,221.00",Shipped
105935,2026-04-14,Stark Industries,East,Gizmo Mini,3,$45.00,$135.00,pending
105936,2026-04-15,Hooli,NYC,Gizmo Mini,13,$45.00,$585.00,pending
105937,2026-04-16,Wayne Enterprises,West,Widget Pro,13,"$1,234.50","$16,048.50",SHIPPED
105938,2026-04-17,Initech,East,Widget Lite,4,$89.99,$359.96,shipped
105939,18/04/2026,Umbrella Ltd,East,Gizmo Mini,25,$45.00,"$1,125.00",SHIPPED
105940,19/04/2026,Initech,New York,Widget Lite,21,$89.99,"$1,889.79",pending
105941,2026-04-20,Wayne Enterprises,West,Widget Lite,25,$89.99,"$2,249.75",Shipped
105942,2026-04-21,Initech,West,Widget Lite,28,$89.99,"$2,519.72",shipped
105943,22/04/2026,Vehement Capital,West,Gizmo Mini,1,$45.00,$45.00,shipped
105944,2026-04-23,Acme Corp,west,Gizmo Mini,8,$45.00,$360.00,SHIPPED
105945,2026-04-24,Stark Industries,West,Widget Lite,19,$89.99,"$1,709.81",Shipped
105946,Apr 25 2026,Vehement Capital,East,Widget Pro,24,"$1,234.50","$29,628.00",SHIPPED
105947,2026-04-26,Vehement Capital,NYC,Widget Pro,29,"$1,234.50","$35,800.50",SHIPPED
105948,2026-04-27,Wayne Enterprises,East,Gizmo Mini,11,$45.00,$495.00,SHIPPED
105949,2026-04-28,Soylent Co,East,Gizmo Mini,18,$45.00,$810.00,Shipped
105950,2026-03-01,Wayne Enterprises,west,Gizmo Mini,11,$45.00,$495.00,pending
105951,13/03/2026,Massive Dynamic,west,Gizmo Mini,7,$45.00,$315.00,pending
105952,2026-03-03,Vehement Capital,East,Widget Lite,22,$89.99,"$1,979.78",shipped
105953,13/03/2026,Umbrella Ltd,East,Widget Pro,4,"$1,234.50","$4,788.00",shipped
105954,2026-03-05,Stark Industries,NYC,Gadget X,25,"$2,150.00","$53,750.00",pending
105955,2026-03-06,Globex Incorporated,west,Gizmo Mini,9,$45.00,$405.00,SHIPPED
105956,13/03/2026,Massive Dynamic,East,Gadget X,15,"$2,150.00","$32,250.00",Pending
105957,13/03/2026,Acme Corp,East,Widget Lite,18,$89.99,"$1,619.82",shipped
105958,2026-03-09,Massive Dynamic,nyc,Widget Pro,29,"$1,234.50","$35,800.50",Shipped
105959,2026-03-10,Soylent Co,East,Gizmo Mini,4,$45.00,$180.00,Pending
105960,2026-03-11,Initech,nyc,Gadget X,23,"$2,150.00","$49,450.00",Shipped
105961,2026-03-12,Vehement Capital,East,Gizmo Mini,26,$45.00,"$1,170.00",SHIPPED
105962,13/03/2026,Initech,West,Widget Lite,18,$89.99,"$1,619.82",Pending
105963,2026-03-14,Globex Incorporated,NYC,Gizmo Mini,25,$45.00,"$1,125.00",pending
105964,2026-03-15,Massive Dynamic,West,Widget Lite,24,$89.99,"$2,159.76",Pending
105965,2026-03-16,Soylent Co,West,Widget Lite,22,$89.99,"$1,979.78",shipped
105966,2026-03-17,Massive Dynamic,East,Widget Lite,6,$89.99,$539.94,Pending
105967,2026-03-18,Wayne Enterprises,west,Widget Lite,16,$89.99,"$1,439.84",SHIPPED
105968,19/03/2026,Umbrella Ltd,West,Gizmo Mini,5,$45.00,$225.00,shipped
105969,2026-03-20,Vehement Capital,West,Gadget X,18,"$2,150.00","$38,700.00",SHIPPED
105970,21/03/2026,Soylent Co,East,Widget Lite,15,$89.99,"$1,349.85",Pending
105971,22/03/2026,Soylent Co,East,Widget Pro,2,"$1,234.50","$2,469.00",Pending
105972,2026-03-23,Globex Incorporated,nyc,Widget Pro,28,"$1,234.50","$34,566.00",pending
105972,2026-03-23,Globex Incorporated,nyc,Widget Pro,28,"$1,234.50","$34,566.00",pending
105973,2026-03-25,Initech,west,Widget Lite,12,$89.99,"$1,079.88",Pending
105974,Mar 26 2026,Acme Corp,East,Widget Pro,9,"$1,234.50","$11,110.50",SHIPPED
105975,2026-03-27,Globex Incorporated,NYC,Widget Lite,6,$89.99,$539.94,Shipped
105976,2026-03-28,Stark Industries,NYC,Gadget X,7,"$2,150.00","$15,050.00",Shipped
105977,2026-04-01,Globex Incorporated,nyc,Widget Lite,25,$89.99,"$2,249.75",shipped
105978,2026-04-02,Massive Dynamic,West,Widget Pro,21,"$1,234.50","$25,924.50",Pending
105979,Apr 3 2026,Acme Corp,East,Gizmo Mini,14,$45.00,$630.00,SHIPPED
105980,13/04/2026,Initech,East,Widget Pro,9,"$1,234.50","$11,110.50",shipped
105981,2026-04-05,Hooli,East,Widget Pro,1,"$1,234.50","$1,234.50",Shipped
105982,2026-04-06,Acme Corp,west,Widget Lite,,$89.99,$989.89,pending
105983,2026-04-07,Wayne Enterprises,NYC,Gadget X,14,"$2,150.00","$30,100.00",SHIPPED
105984,13/04/2026,Stark Industries,West,Gadget X,5,"$2,150.00","$10,750.00",shipped
105985,2026-04-09,Wayne Enterprises,New York,Widget Pro,29,"$1,234.50","$35,800.50",pending
105986,Apr 10 2026,Soylent Co,west,Gizmo Mini,3,$45.00,$135.00,Shipped
105987,2026-04-11,Massive Dynamic,East,Gizmo Mini,14,$45.00,$630.00,Shipped
105988,2026-04-12,Acme Corp,west,Gadget X,11,"$2,150.00","$23,650.00",pending
105989,2026-04-13,Soylent Co,West,Gizmo Mini,8,$45.00,$360.00,Shipped
105990,2026-04-14,Stark Industries,East,Gadget X,21,"$2,150.00","$45,150.00",pending
105991,2026-04-15,Hooli,NYC,Gizmo Mini,4,$45.00,$180.00,SHIPPED
105992,2026-04-16,Vehement Capital,East,Gadget X,19,"$2,150.00","$40,850.00",pending
105993,2026-04-17,Initech,New York,Gadget X,19,"$2,150.00","$40,850.00",Pending
105994,Apr 18 2026,Umbrella Ltd,west,Gizmo Mini,23,$45.00,"$1,035.00",Shipped
105995,2026-04-19,Acme Corp,west,Widget Pro,29,"$1,234.50","$35,800.50",Shipped
105996,2026-04-20,Globex Incorporated,nyc,Widget Lite,26,$89.99,"$2,339.74",shipped
105997,2026-04-21,Umbrella Ltd,west,Gizmo Mini,9,$45.00,$405.00,shipped
105998,2026-04-22,Acme Corp,East,Widget Lite,7,$89.99,$629.93,Shipped
105999,2026-04-23,Vehement Capital,west,Gizmo Mini,8,$45.00,$360.00,Shipped
106000,2026-04-24,Acme Corp,New York,Gadget X,6,"$2,150.00","$12,900.00",pending
106001,2026-04-25,Globex Incorporated,n-y-c,Gadget X,17,"$2,150.00","$36,550.00",Pending
106002,2026-04-26,Soylent Co,West,Gadget X,6,"$2,150.00","$12,900.00",Pending
106003,Apr 27 2026,Globex Incorporated,East,Gizmo Mini,8,$45.00,$360.00,Shipped
106004,2026-04-28,Globex Incorporated,West,Widget Lite,25,$89.99,"$2,249.75",Shipped
106005,2026-03-01,Acme Corp,East,Widget Pro,14,"$1,234.50","$17,283.00",Pending
106006,13/03/2026,Initech,West,Gizmo Mini,4,$45.00,$180.00,shipped
106007,Mar 3 2026,Initech,nyc,Gadget X,13,"$2,150.00","$27,950.00",SHIPPED
106008,2026-03-04,Vehement Capital,nyc,Widget Pro,16,"$1,234.50","$19,752.00",Pending
106009,2026-03-05,Massive Dynamic,New York,Widget Pro,16,"$1,234.50","$19,752.00",Pending
106010,2026-03-06,Acme Corp,New York,Gizmo Mini,15,$45.00,$675.00,shipped
106011,13/03/2026,Umbrella Ltd,west,Gadget X,12,"$2,150.00","$25,800.00",Pending
106012,2026-03-08,Wayne Enterprises,New York,Widget Lite,17,$89.99,"$1,529.83",Pending
106013,13/03/2026,Umbrella Ltd,west,Gadget X,8,"$2,150.00","$17,200.00",pending
106014,2026-03-10,Stark Industries,nyc,Widget Pro,25,"$1,234.50","$30,862.50",Pending
106015,2026-03-11,Acme Corp,n-y-c,Gizmo Mini,23,$45.00,"$1,035.00",pending
106016,13/03/2026,Soylent Co,NYC,Gadget X,17,"$2,150.00","$36,550.00",Pending
106017,Mar 13 2026,Hooli,West,Widget Lite,13,$89.99,"$1,169.87",Shipped
106018,14/03/2026,Globex Incorporated,NYC,Widget Pro,30,"$1,234.50","$37,035.00",Pending
106019,2026-03-15,Massive Dynamic,West,Gizmo Mini,4,$45.00,$180.00,Shipped
106020,2026-03-16,Hooli,East,Widget Pro,24,"$1,234.50","$29,628.00",pending
106021,2026-03-17,Stark Industries,West,Gizmo Mini,9,$45.00,$405.00,pending
106022,2026-03-18,Soylent Co,west,Gizmo Mini,6,$45.00,$270.00,shipped
106023,2026-03-19,Acme Corp,west,Gadget X,28,"$2,150.00","$60,200.00",pending
106024,20/03/2026,Massive Dynamic,west,Widget Pro,5,"$1,234.50","$6,172.50",Pending
106025,2026-03-21,Massive Dynamic,nyc,Widget Lite,14,$89.99,"$1,259.86",pending
106026,22/03/2026,Umbrella Ltd,NYC,Gizmo Mini,20,$45.00,$900.00,SHIPPED
106027,2026-03-23,Vehement Capital,New York,Gadget X,5,"$2,150.00","$10,750.00",Shipped
106028,2026-03-24,Hooli,West,Gadget X,19,"$2,150.00","$40,850.00",Pending
106029,2026-03-25,Vehement Capital,n-y-c,Widget Pro,30,"$1,234.50","$37,035.00",Shipped
106030,Mar 26 2026,Acme Corp,west,Widget Pro,14,"$1,234.50","$17,283.00",pending
106031,2026-03-27,Massive Dynamic,East,Widget Lite,20,$89.99,"$1,799.80",shipped
106032,2026-03-28,Initech,NYC,Gizmo Mini,1,$45.00,$45.00,Pending
106033,Apr 1 2026,Stark Industries,West,Gadget X,13,"$2,150.00","$27,950.00",Pending
106034,2026-04-02,Wayne Enterprises,n-y-c,Gadget X,14,"$2,150.00","$30,100.00",Pending
106035,2026-04-03,Globex Incorporated,west,Gadget X,29,"$2,150.00","$62,350.00",pending
106036,2026-04-04,Vehement Capital,East,Widget Pro,29,"$1,234.50","$35,800.50",SHIPPED
106037,2026-04-05,Stark Industries,East,Gizmo Mini,3,$45.00,$135.00,Pending
106038,2026-04-06,Acme Corp,west,Widget Lite,22,$89.99,"$1,979.78",Shipped
106039,2026-04-07,Hooli,East,Widget Pro,30,"$1,234.50","$37,035.00",Pending
106040,2026-04-08,Acme Corp,New York,Gizmo Mini,21,$45.00,$945.00,shipped
106041,2026-04-09,Massive Dynamic,New York,Gizmo Mini,19,$45.00,$855.00,Pending
106042,Apr 10 2026,Hooli,East,Widget Lite,8,$89.99,$719.92,SHIPPED
106043,2026-04-11,Soylent Co,nyc,Gizmo Mini,4,$45.00,$180.00,Shipped
106044,2026-04-12,Hooli,west,Gadget X,22,"$2,150.00","$47,300.00",Shipped
106045,2026-04-13,Globex Incorporated,NYC,Gadget X,19,"$2,150.00","$40,850.00",Pending
106046,2026-04-14,Hooli,west,Gadget X,6,"$2,150.00","$12,900.00",SHIPPED
106047,2026-04-15,Hooli,East,Widget Lite,11,$89.99,$989.89,Shipped
106048,2026-04-16,Soylent Co,East,Widget Lite,8,$89.99,$719.92,Pending
106049,2026-04-17,Wayne Enterprises,NYC,Gadget X,16,"$2,150.00","$34,400.00",SHIPPED
106050,2026-04-18,Massive Dynamic,East,Gadget X,18,"$2,150.00","$38,700.00",pending
106051,2026-04-19,Massive Dynamic,West,Widget Pro,25,"$1,234.50","$30,862.50",SHIPPED
106052,2026-04-20,Globex Incorporated,NYC,Gadget X,21,"$2,150.00","$45,150.00",Pending
106053,2026-04-21,Hooli,East,Gadget X,28,"$2,150.00","$60,200.00",Shipped
106054,2026-04-22,Vehement Capital,East,Widget Pro,28,"$1,234.50","$34,566.00",pending
106055,Apr 23 2026,Umbrella Ltd,NYC,Widget Lite,13,$89.99,"$1,169.87",shipped
106056,24/04/2026,Hooli,west,Widget Pro,27,"$1,234.50","$33,181.50",shipped
106057,2026-04-25,Globex Incorporated,n-y-c,Widget Lite,7,$89.99,$629.93,pending
106058,26/04/2026,Stark Industries,west,Gizmo Mini,4,$45.00,$180.00,pending
106059,Apr 27 2026,Stark Industries,East,Widget Lite,15,$89.99,"$1,349.85",SHIPPED
106060,28/04/2026,Soylent Co,n-y-c,Gadget X,11,"$2,150.00","$23,650.00",Pending
106061,2026-03-01,Massive Dynamic,East,Gadget X,26,"$2,150.00","$55,900.00",Pending
106062,2026-03-02,Massive Dynamic,East,Gadget X,22,"$2,150.00","$47,300.00",Pending
106063,2026-03-03,Wayne Enterprises,nyc,Gadget X,18,"$2,150.00","$38,700.00",shipped
106063,2026-03-03,Wayne Enterprises,nyc,Gadget X,18,"$2,150.00","$38,700.00",shipped
106064,Mar 5 2026,Stark Industries,nyc,Widget Lite,13,$89.99,"$1,169.87",Shipped
106065,2026-03-06,Soylent Co,East,Gadget X,19,"$2,150.00","$40,850.00",pending
106066,2026-03-07,Initech,west,Widget Pro,27,"$1,234.50","$33,331.50",SHIPPED
106067,2026-03-08,Hooli,East,Widget Pro,26,"$1,234.50","$32,097.00",Shipped
106068,13/03/2026,Soylent Co,west,Widget Lite,15,$89.99,"$1,349.85",Shipped
106069,13/03/2026,Initech,West,Widget Pro,,,,Pending
106070,2026-03-11,Acme Corp,East,Widget Pro,29,"$1,234.50","$35,800.50",Pending
106071,2026-03-12,Umbrella Ltd,East,Widget Lite,5,$89.99,$449.95,pending
106072,2026-03-13,Wayne Enterprises,East,Widget Lite,3,$89.99,$269.97,Pending
106073,Mar 14 2026,Massive Dynamic,East,Gizmo Mini,1,$45.00,$45.00,shipped
106074,Mar 15 2026,Massive Dynamic,west,Widget Pro,2,"$1,234.50","$2,469.00",SHIPPED
106075,2026-03-16,Vehement Capital,west,Gizmo Mini,9,$45.00,$405.00,pending
106076,2026-03-17,Wayne Enterprises,West,Gadget X,9,"$2,150.00","$19,350.00",shipped
106077,Mar 18 2026,,west,Gizmo Mini,27,$45.00,"$1,215.00",pending
106078,19/03/2026,Initech,NYC,Gadget X,1,"$2,150.00","$2,150.00",SHIPPED
106079,20/03/2026,Massive Dynamic,East,Gizmo Mini,27,$45.00,"$1,215.00",SHIPPED
106080,2026-03-21,Vehement Capital,East,Gadget X,19,"$2,150.00","$40,850.00",Pending
106081,2026-03-22,Umbrella Ltd,West,Widget Lite,13,$89.99,"$1,169.87",Pending
106082,23/03/2026,Vehement Capital,East,Gadget X,13,"$2,150.00","$27,950.00",shipped
106083,2026-03-24,Stark Industries,East,Gadget X,27,"$2,150.00","$58,050.00",pending
106084,2026-03-25,Massive Dynamic,East,Widget Lite,3,$89.99,$269.97,pending
106085,2026-03-26,Hooli,West,Gadget X,10,"$2,150.00","$21,500.00",Shipped
106086,2026-03-27,Massive Dynamic,East,Gadget X,27,"$2,150.00","$58,050.00",pending
106087,2026-03-28,Acme Corp,East,Gadget X,10,"$2,150.00","$21,500.00",pending
106088,Apr 1 2026,Vehement Capital,West,Gadget X,9,"$2,150.00","$19,350.00",Shipped
106089,2026-04-02,Umbrella Ltd,west,Widget Pro,4,"$1,234.50","$4,938.00",pending
106090,Apr 3 2026,Initech,East,Widget Pro,21,"$1,234.50","$25,924.50",Pending
106091,2026-04-04,Vehement Capital,East,Widget Pro,18,"$1,234.50","$22,221.00",Shipped
106092,13/04/2026,Vehement Capital,west,Gadget X,7,"$2,150.00","$15,050.00",Shipped
106093,2026-04-06,Initech,New York,Widget Pro,27,"$1,234.50","$33,331.50",Shipped
106094,2026-04-07,Initech,West,Widget Pro,7,"$1,234.50","$8,641.50",pending
106094,2026-04-07,Initech,West,Widget Pro,7,"$1,234.50","$8,641.50",pending
106095,Apr 9 2026,Initech,NYC,Widget Lite,29,$89.99,"$2,609.71",shipped
106096,2026-04-10,Acme Corp,West,Widget Pro,9,"$1,234.50","$11,110.50",Shipped
106097,2026-04-11,Stark Industries,East,Gizmo Mini,26,$45.00,"$1,170.00",Shipped
106098,13/04/2026,Initech,East,Widget Pro,26,"$1,234.50","$32,097.00",Pending
106099,2026-04-13,Globex Incorporated,west,Gizmo Mini,24,$45.00,"$1,080.00",pending
106100,Apr 14 2026,Soylent Co,n-y-c,Widget Lite,12,$89.99,"$1,079.88",SHIPPED
106101,2026-04-15,Initech,West,Gadget X,27,"$2,150.00","$58,050.00",pending
106102,Apr 16 2026,Stark Industries,New York,Widget Pro,12,"$1,234.50","$14,814.00",shipped
106103,2026-04-17,Hooli,nyc,Widget Lite,24,$89.99,"$2,159.76",SHIPPED
106104,2026-04-18,Vehement Capital,East,Gadget X,30,"$2,150.00","$64,500.00",shipped
106105,Apr 19 2026,Umbrella Ltd,west,Gadget X,3,"$2,150.00","$6,450.00",pending
106106,2026-04-20,Umbrella Ltd,New York,Widget Lite,21,$89.99,"$1,889.79",Pending
106107,2026-04-21,Soylent Co,New York,Gadget X,24,"$2,150.00","$51,600.00",Shipped
106108,2026-04-22,Massive Dynamic,NYC,Widget Pro,26,"$1,234.50","$32,097.00",SHIPPED
106109,2026-04-23,Vehement Capital,west,Gizmo Mini,28,$45.00,"$1,260.00",SHIPPED
106110,2026-04-24,Hooli,n-y-c,Widget Lite,26,$89.99,"$2,339.74",Shipped
106111,2026-04-25,Umbrella Ltd,n-y-c,Widget Lite,26,$89.99,"$2,339.74",pending
106112,26/04/2026,Wayne Enterprises,East,Widget Lite,18,$89.99,"$1,619.82",Shipped
106113,2026-04-27,Stark Industries,East,Gizmo Mini,1,$45.00,$45.00,Pending
106114,2026-04-28,Globex Incorporated,West,Gizmo Mini,11,$45.00,$495.00,Shipped
106115,13/03/2026,Globex Incorporated,East,Gadget X,27,"$2,150.00","$58,050.00",Pending
106116,13/03/2026,Hooli,East,Widget Lite,22,$89.99,"$1,979.78",SHIPPED
106117,2026-03-03,Stark Industries,New York,Gadget X,7,"$2,150.00","$15,050.00",SHIPPED
106118,2026-03-04,Globex Incorporated,west,Widget Lite,19,$89.99,"$1,709.81",Pending
106119,2026-03-05,Globex Incorporated,West,Widget Lite,1,$89.99,$89.99,SHIPPED
106120,13/03/2026,Stark Industries,NYC,Gizmo Mini,20,$45.00,$900.00,shipped
106121,13/03/2026,Wayne Enterprises,west,Gadget X,8,"$2,150.00","$17,200.00",shipped
106122,13/03/2026,Initech,New York,Widget Pro,24,"$1,234.50","$29,628.00",Shipped
106123,2026-03-09,Soylent Co,East,Widget Pro,8,"$1,234.50","$9,876.00",SHIPPED
106124,13/03/2026,Vehement Capital,nyc,Widget Lite,25,$89.99,"$2,249.75",shipped
106125,2026-03-11,Globex Incorporated,East,Gadget X,16,"$2,150.00","$34,400.00",Pending
106126,2026-03-12,Massive Dynamic,n-y-c,Gadget X,2,"$2,150.00","$4,300.00",Pending
106127,2026-03-13,Vehement Capital,nyc,Widget Pro,25,"$1,234.50","$30,862.50",SHIPPED
106128,2026-03-14,Stark Industries,NYC,Widget Pro,8,"$1,234.50","$9,876.00",shipped
106129,15/03/2026,Acme Corp,n-y-c,Widget Pro,19,"$1,234.50","$23,455.50",SHIPPED
106130,2026-03-16,Globex Incorporated,East,Gizmo Mini,22,$45.00,$990.00,pending
106131,17/03/2026,Initech,west,Gizmo Mini,12,$45.00,$540.00,Pending
106132,2026-03-18,Umbrella Ltd,NYC,Gadget X,5,"$2,150.00","$10,750.00",Shipped
106133,2026-03-19,Soylent Co,West,Widget Lite,15,$89.99,"$1,349.85",Pending
106134,2026-03-20,Acme Corp,East,Widget Pro,2,"$1,234.50","$2,469.00",Pending
106135,Mar 21 2026,Wayne Enterprises,West,Widget Pro,24,"$1,234.50","$29,628.00",Pending
106136,Mar 22 2026,Umbrella Ltd,East,Widget Pro,10,"$1,234.50","$12,345.00",pending
106137,2026-03-23,Umbrella Ltd,West,Gizmo Mini,29,$45.00,"$1,305.00",Pending
106138,2026-03-24,Stark Industries,NYC,Gadget X,19,"$2,150.00","$40,850.00",SHIPPED
106139,2026-03-25,Acme Corp,west,Gadget X,4,"$2,150.00","$8,600.00",SHIPPED
106140,2026-03-26,Initech,west,Widget Pro,7,"$1,234.50","$8,641.50",SHIPPED
106141,27/03/2026,Umbrella Ltd,west,Gizmo Mini,17,$45.00,$765.00,Pending
106142,Mar 28 2026,Wayne Enterprises,nyc,Widget Lite,21,$89.99,"$1,889.79",SHIPPED
106143,2026-04-01,Massive Dynamic,East,Widget Pro,18,"$1,234.50","$22,221.00",Pending
106144,2026-04-02,Umbrella Ltd,nyc,Gadget X,7,"$2,150.00","$15,050.00",Pending
106145,2026-04-03,Initech,East,Widget Pro,12,"$1,234.50","$14,814.00",shipped
106146,2026-04-04,Globex Incorporated,NYC,Widget Lite,18,$89.99,"$1,619.82",SHIPPED
106147,13/04/2026,Hooli,west,Gizmo Mini,14,$45.00,$630.00,shipped
106148,2026-04-06,Hooli,NYC,Widget Lite,13,$89.99,"$1,169.87",Shipped
106149,13/04/2026,Wayne Enterprises,west,Widget Pro,10,"$1,234.50","$12,345.00",pending
106150,2026-04-08,Globex Incorporated,NYC,Gadget X,8,"$2,150.00","$17,200.00",shipped
106151,13/04/2026,Globex Incorporated,West,Gadget X,16,"$2,150.00","$34,400.00",Pending
106152,2026-04-10,Initech,East,Widget Lite,12,$89.99,"$1,079.88",Pending
106153,2026-04-11,Vehement Capital,West,Widget Pro,2,"$1,234.50","$2,469.00",shipped
106154,Apr 12 2026,Initech,west,Widget Lite,30,$89.99,"$2,699.70",shipped
106155,2026-04-13,Vehement Capital,west,Gizmo Mini,,$45.00,$360.00,SHIPPED
106156,2026-04-14,Vehement Capital,East,Gadget X,19,"$2,150.00","$40,850.00",shipped
106157,2026-04-15,Umbrella Ltd,East,Gadget X,6,"$2,150.00","$12,900.00",shipped
106158,2026-04-16,Globex Incorporated,n-y-c,Gizmo Mini,10,$45.00,$450.00,shipped
106159,2026-04-17,Hooli,East,Widget Pro,18,"$1,234.50","$22,221.00",shipped
106160,2026-04-18,Acme Corp,n-y-c,Widget Pro,25,"$1,234.50","$30,862.50",Shipped
106161,2026-04-19,Hooli,East,Widget Pro,24,"$1,234.50","$29,628.00",pending
106162,2026-04-20,Globex Incorporated,n-y-c,Gadget X,30,"$2,150.00","$64,500.00",Pending
106163,Apr 21 2026,Globex Incorporated,nyc,Widget Lite,11,$89.99,$989.89,shipped
106164,2026-04-22,Stark Industries,New York,Widget Lite,22,$89.99,"$1,979.78",Pending
106165,2026-04-23,Vehement Capital,West,Widget Pro,26,"$1,234.50","$32,097.00",SHIPPED
106166,2026-04-24,Vehement Capital,n-y-c,Gizmo Mini,26,$45.00,"$1,170.00",shipped
106167,25/04/2026,Acme Corp,nyc,Widget Pro,10,"$1,234.50","$12,345.00",Pending
106168,2026-04-26,Massive Dynamic,West,Gadget X,24,"$2,150.00","$51,600.00",Shipped
106169,27/04/2026,Soylent Co,West,Widget Pro,22,"$1,234.50","$27,159.00",pending
106170,2026-04-28,Massive Dynamic,west,Widget Lite,20,$89.99,"$1,799.80",SHIPPED
106171,13/03/2026,Soylent Co,West,Widget Pro,10,"$1,234.50","$12,345.00",Shipped
106172,2026-03-02,Massive Dynamic,west,Gizmo Mini,4,$45.00,$180.00,Pending
106173,2026-03-03,Vehement Capital,nyc,Gizmo Mini,10,$45.00,$450.00,SHIPPED
106174,2026-03-04,Wayne Enterprises,East,Gizmo Mini,11,$45.00,$495.00,Pending
106175,2026-03-05,Hooli,west,Gadget X,14,"$2,150.00","$30,100.00",Pending
106176,Mar 6 2026,Globex Incorporated,NYC,Widget Pro,7,"$1,234.50","$8,641.50",pending
106177,13/03/2026,Wayne Enterprises,East,Widget Lite,12,$89.99,"$1,079.88",Shipped
106178,13/03/2026,Umbrella Ltd,NYC,Gadget X,16,"$2,150.00","$34,400.00",pending
106179,2026-03-09,Globex Incorporated,n-y-c,Widget Pro,24,"$1,234.50","$29,628.00",SHIPPED
106180,Mar 10 2026,Stark Industries,East,Gizmo Mini,2,$45.00,$90.00,pending
106181,13/03/2026,Umbrella Ltd,West,Gadget X,27,"$2,150.00","$58,050.00",pending
106181,13/03/2026, Umbrella Ltd ,WEST,Gadget X,27,"$2,150.00","$58,050.00",pending
106182,2026-03-13,Acme Corp,n-y-c,Widget Lite,15,$89.99,"$1,349.85",pending
106183,2026-03-14,Globex Incorporated,n-y-c,Gadget X,1,"$2,150.00","$2,150.00",Pending
106184,2026-03-15,Acme Corp,New York,Gizmo Mini,28,$45.00,"$1,260.00",pending
106185,2026-03-16,Stark Industries,NYC,Widget Pro,23,"$1,234.50","$28,393.50",Pending
106186,2026-03-17,Soylent Co,East,Widget Lite,28,$89.99,"$2,519.72",pending
106187,18/03/2026,Hooli,nyc,Gizmo Mini,27,$45.00,"$1,215.00",pending
106188,2026-03-19,Wayne Enterprises,nyc,Widget Pro,5,"$1,234.50","$6,172.50",SHIPPED
106189,Mar 20 2026,Vehement Capital,nyc,Widget Lite,22,$89.99,"$1,979.78",Shipped
106190,2026-03-21,Initech,West,Widget Lite,19,$89.99,"$1,709.81",pending
106191,22/03/2026,Umbrella Ltd,nyc,Gizmo Mini,16,$45.00,$720.00,shipped
106192,2026-03-23,Umbrella Ltd,nyc,Gadget X,9,"$2,150.00","$19,350.00",Shipped
106193,2026-03-24,Initech,west,Gadget X,15,"$2,150.00","$32,250.00",shipped
106194,2026-03-25,Soylent Co,west,Widget Lite,20,$89.99,"$1,799.80",Shipped
106195,2026-03-26,Soylent Co,East,Gadget X,22,"$2,150.00","$47,300.00",Pending
106196,27/03/2026,Vehement Capital,west,Widget Pro,8,"$1,234.50","$9,876.00",Shipped
106197,2026-03-28,Stark Industries,East,Gadget X,22,"$2,150.00","$47,300.00",shipped
106198,2026-04-01,Umbrella Ltd,East,Widget Lite,29,$89.99,"$2,609.71",pending
106199,2026-04-02,Massive Dynamic,West,Gizmo Mini,6,$45.00,$270.00,Shipped
106200,2026-04-03,Massive Dynamic,west,Gizmo Mini,27,$45.00,"$1,215.00",Shipped
106201,13/04/2026,Initech,n-y-c,Widget Lite,24,$89.99,"$2,159.76",shipped
106202,2026-04-05,Umbrella Ltd,New York,Widget Lite,13,$89.99,"$1,169.87",Pending
106203,2026-04-06,Initech,East,Gizmo Mini,10,$45.00,$450.00,pending
106204,2026-04-07,Massive Dynamic,west,Widget Lite,2,$89.99,$179.98,Pending
106205,2026-04-08,Wayne Enterprises,East,Widget Lite,10,$89.99,$899.90,Pending
106206,2026-04-09,Stark Industries,New York,Gadget X,25,"$2,150.00","$53,750.00",Pending
106207,2026-04-10,Umbrella Ltd,west,Widget Lite,29,$89.99,"$2,609.71",Shipped
106208,2026-04-11,Umbrella Ltd,East,Widget Lite,21,$89.99,"$1,889.79",SHIPPED
106209,2026-04-12,Stark Industries,West,Widget Lite,27,$89.99,"$2,429.73",Pending
106210,2026-04-13,Umbrella Ltd,nyc,Gizmo Mini,23,$45.00,"$1,035.00",pending
106211,Apr 14 2026,Acme Corp,West,Widget Lite,28,$89.99,"$2,519.72",pending
106212,2026-04-15,Hooli,West,Gadget X,12,"$2,150.00","$25,800.00",pending
106213,Apr 16 2026,Hooli,East,Gadget X,3,"$2,150.00","$6,450.00",shipped
106214,2026-04-17,Wayne Enterprises,NYC,Gadget X,21,"$2,150.00","$45,150.00",Pending
106215,2026-04-18,Umbrella Ltd,west,Gadget X,6,"$2,150.00","$12,900.00",pending
106216,19/04/2026,Initech,East,Widget Lite,13,$89.99,"$1,169.87",Pending
106217,2026-04-20,Acme Corp,west,Gizmo Mini,14,$45.00,$630.00,Pending
106218,21/04/2026,Initech,NYC,Widget Lite,29,$89.99,"$2,609.71",Pending
106219,22/04/2026,Umbrella Ltd,East,Widget Pro,12,"$1,234.50","$14,814.00",Pending
106220,2026-04-23,Vehement Capital,East,Gadget X,4,"$2,150.00","$8,600.00",SHIPPED
106221,2026-04-24,Stark Industries,East,Gizmo Mini,15,$45.00,$675.00,Shipped
106222,Apr 25 2026,Massive Dynamic,west,Widget Pro,29,"$1,234.50","$35,800.50",Shipped
106223,2026-04-26,Soylent Co,East,Gizmo Mini,14,$45.00,$630.00,Pending
106224,2026-04-27,Acme Corp,East,Gizmo Mini,3,$45.00,$135.00,Pending
106225,2026-04-28,Umbrella Ltd,East,Widget Pro,27,"$1,234.50","$33,331.50",Shipped
106226,13/03/2026,Umbrella Ltd,New York,Gadget X,22,"$2,150.00","$47,300.00",SHIPPED
106227,2026-03-02,Vehement Capital,west,Widget Pro,17,"$1,234.50","$20,986.50",Shipped
106228,13/03/2026,Acme Corp,NYC,Widget Pro,21,"$1,234.50","$25,924.50",Pending
106229,2026-03-04,Vehement Capital,NYC,Gizmo Mini,2,$45.00,$90.00,Shipped
106230,2026-03-05,Initech,West,Gadget X,11,"$2,150.00","$23,650.00",Shipped
106231,13/03/2026,Vehement Capital,East,Gizmo Mini,11,$45.00,$495.00,shipped
106232,2026-03-07,Vehement Capital,west,Widget Pro,15,"$1,234.50","$18,517.50",pending
106233,2026-03-08,Wayne Enterprises,NYC,Gadget X,26,"$2,150.00","$55,900.00",SHIPPED
106234,2026-03-09,Globex Incorporated,East,Widget Pro,12,"$1,234.50","$14,814.00",Pending
106235,2026-03-10,Wayne Enterprises,NYC,Gizmo Mini,10,$45.00,$450.00,SHIPPED
106236,2026-03-11,Wayne Enterprises,East,Widget Pro,1,"$1,234.50","$1,234.50",Pending
106237,13/03/2026,Umbrella Ltd,East,Gizmo Mini,24,$45.00,"$1,080.00",shipped
106238,2026-03-13,Massive Dynamic,n-y-c,Widget Lite,1,$89.99,$89.99,pending
106239,2026-03-14,Acme Corp,East,Gizmo Mini,16,$45.00,$720.00,shipped
106240,2026-03-15,Hooli,East,Gizmo Mini,14,$45.00,$630.00,shipped
106241,2026-03-16,Wayne Enterprises,NYC,Gadget X,7,"$2,150.00","$15,050.00",Shipped
106242,Mar 17 2026,Umbrella Ltd,East,Gizmo Mini,12,$45.00,$540.00,SHIPPED
106243,2026-03-18,Wayne Enterprises,West,Widget Lite,18,$89.99,"$1,619.82",pending
106244,Mar 19 2026,Acme Corp,West,Widget Lite,14,$89.99,"$1,259.86",SHIPPED
106245,Mar 20 2026,Vehement Capital,nyc,Gizmo Mini,2,$45.00,$90.00,shipped
106246,2026-03-21,Vehement Capital,East,Gizmo Mini,30,$45.00,"$1,350.00",pending
106247,2026-03-22,Wayne Enterprises,East,Gizmo Mini,24,$45.00,"$1,080.00",SHIPPED
106248,23/03/2026,Umbrella Ltd,nyc,Gadget X,29,"$2,150.00","$62,350.00",shipped
106249,2026-03-24,Soylent Co,n-y-c,Gizmo Mini,18,$45.00,$810.00,Pending
106250,2026-03-25,Soylent Co,East,Gadget X,25,"$2,150.00","$53,750.00",SHIPPED
106251,26/03/2026,Wayne Enterprises,west,Widget Pro,16,"$1,234.50","$19,752.00",pending
106252,27/03/2026,Acme Corp,nyc,Gadget X,30,"$2,150.00","$64,500.00",pending
106253,2026-03-28,Soylent Co,n-y-c,Widget Pro,19,"$1,234.50","$23,455.50",Pending
106254,2026-04-01,Stark Industries,New York,Widget Lite,5,$89.99,$449.95,shipped
106255,13/04/2026,Initech,New York,Widget Lite,15,$89.99,"$1,349.85",shipped
106256,2026-04-03,Soylent Co,west,Widget Pro,13,"$1,234.50","$16,048.50",shipped
106257,2026-04-04,Wayne Enterprises,East,Gadget X,17,"$2,150.00","$36,550.00",Shipped
106258,Apr 5 2026,Initech,west,Widget Lite,1,$89.99,$89.99,SHIPPED
106259,13/04/2026,Hooli,East,Gizmo Mini,23,$45.00,"$1,035.00",Shipped
106260,2026-04-07,Hooli,West,Widget Lite,27,$89.99,"$2,429.73",Pending
106261,2026-04-08,Soylent Co,East,Widget Lite,11,$89.99,$989.89,pending
106262,2026-04-09,Vehement Capital,New York,Widget Pro,16,"$1,234.50","$19,752.00",SHIPPED
106263,2026-04-10,Initech,West,Gizmo Mini,12,$45.00,$540.00,SHIPPED
106264,2026-04-11,Massive Dynamic,west,Widget Pro,7,"$1,234.50","$8,641.50",pending
106265,13/04/2026,Hooli,west,Gizmo Mini,26,$45.00,"$1,170.00",Pending
106266,2026-04-13,Hooli,NYC,Widget Lite,21,$89.99,"$1,889.79",pending
106267,2026-04-14,Massive Dynamic,East,Widget Lite,5,$89.99,$449.95,pending
106268,2026-04-15,Initech,nyc,Gizmo Mini,26,$45.00,"$1,170.00",SHIPPED
106269,Apr 16 2026,Massive Dynamic,nyc,Widget Pro,28,"$1,234.50","$34,566.00",SHIPPED
106270,17/04/2026,Stark Industries,west,Gadget X,21,"$2,150.00","$45,150.00",Pending
106271,2026-04-18,Massive Dynamic,nyc,Widget Pro,3,"$1,234.50","$3,703.50",pending
106272,19/04/2026,Hooli,West,Widget Pro,24,"$1,234.50","$29,628.00",SHIPPED
106273,2026-04-20,Hooli,East,Gadget X,28,"$2,150.00","$60,200.00",Pending
106274,2026-04-21,Massive Dynamic,West,Gizmo Mini,9,$45.00,$405.00,Shipped
106275,2026-04-22,Umbrella Ltd,west,Gadget X,1,"$2,150.00","$2,150.00",Shipped
106276,23/04/2026,Massive Dynamic,New York,Widget Pro,27,"$1,234.50","$33,331.50",pending
106277,2026-04-24,Globex Incorporated,West,Gizmo Mini,5,$45.00,$225.00,Pending
106278,25/04/2026,Wayne Enterprises,New York,Gizmo Mini,13,$45.00,$785.00,shipped
106279,26/04/2026,Vehement Capital,west,Widget Pro,6,"$1,234.50","$7,407.00",Pending
106280,2026-04-27,Globex Incorporated,west,Gizmo Mini,9,$45.00,$405.00,Shipped
106281,Apr 28 2026,Globex Incorporated,nyc,Gadget X,30,"$2,150.00","$64,500.00",Pending
106282,2026-03-01,Wayne Enterprises,New York,Gadget X,22,"$2,150.00","$47,300.00",Shipped
106283,13/03/2026,Massive Dynamic,NYC,Widget Pro,12,"$1,234.50","$14,814.00",Pending
106284,Mar 3 2026,Umbrella Ltd,West,Gizmo Mini,2,$45.00,$90.00,SHIPPED
106285,13/03/2026,Stark Industries,n-y-c,Gizmo Mini,28,$45.00,"$1,260.00",shipped
106286,2026-03-05,Globex Incorporated,East,Gadget X,3,"$2,150.00","$6,450.00",pending
106287,2026-03-06,Vehement Capital,West,Gadget X,28,"$2,150.00","$60,200.00",Pending
106288,Mar 7 2026,Umbrella Ltd,NYC,Gizmo Mini,13,$45.00,$585.00,pending
106289,2026-03-08,Umbrella Ltd,west,Widget Pro,17,"$1,234.50","$20,986.50",Pending
106290,2026-03-09,Wayne Enterprises,n-y-c,Widget Lite,17,$89.99,"$1,529.83",SHIPPED
106291,2026-03-10,Initech,NYC,Widget Pro,7,"$1,234.50","$8,641.50",Shipped
106292,2026-03-11,Stark Industries,nyc,Widget Lite,-25,$89.99,"-$2,249.75",cancelled
106293,Mar 12 2026,Hooli,East,Widget Lite,21,$89.99,"$1,889.79",Shipped
106294,2026-03-13,Hooli,East,Gizmo Mini,21,$45.00,$945.00,Pending
106295,2026-03-14,Initech,west,Gadget X,22,"$2,150.00","$47,300.00",Shipped
106296,2026-03-15,Massive Dynamic,New York,Gizmo Mini,22,$45.00,$990.00,pending
106297,16/03/2026,Wayne Enterprises,East,Widget Pro,11,"$1,234.50","$13,579.50",Pending
106298,2026-03-17,Hooli,NYC,Gizmo Mini,1,$45.00,$45.00,SHIPPED
106299,18/03/2026,Globex Incorporated,NYC,Gadget X,12,"$2,150.00","$25,800.00",Pending
106300,2026-03-19,Massive Dynamic,n-y-c,Widget Lite,22,$89.99,"$1,979.78",Shipped
106301,2026-03-20,Acme Corp,East,Widget Lite,26,$89.99,"$2,339.74",Pending
106302,2026-03-21,Vehement Capital,East,Widget Lite,7,$89.99,$629.93,pending
106303,2026-03-22,Initech,West,Widget Pro,19,"$1,234.50","$23,455.50",Shipped
106304,2026-03-23,Massive Dynamic,n-y-c,Gizmo Mini,30,$45.00,"$1,350.00",SHIPPED
106305,Mar 24 2026,Soylent Co,East,Widget Pro,30,"$1,234.50","$37,035.00",shipped
106306,2026-03-25,Hooli,nyc,Widget Pro,14,"$1,234.50","$17,283.00",Pending
106307,2026-03-26,Wayne Enterprises,NYC,Widget Pro,25,"$1,234.50","$30,862.50",shipped
106308,2026-03-27,Umbrella Ltd,n-y-c,Widget Pro,20,"$1,234.50","$24,690.00",pending
106309,Mar 28 2026,Vehement Capital,East,Gadget X,18,"$2,150.00","$38,700.00",pending
106310,2026-04-01,Umbrella Ltd,East,Gizmo Mini,30,$45.00,"$1,350.00",pending
106311,2026-04-02,Umbrella Ltd,West,Widget Lite,27,$89.99,"$2,429.73",Pending
106312,2026-04-03,Massive Dynamic,East,Widget Pro,21,"$1,234.50","$25,924.50",Pending
106313,2026-04-04,Umbrella Ltd,East,Gizmo Mini,13,$45.00,$585.00,Shipped
106314,13/04/2026,Globex Incorporated,NYC,Gizmo Mini,12,$45.00,$540.00,Pending
106315,2026-04-06,Stark Industries,west,Widget Pro,18,"$1,234.50","$22,221.00",SHIPPED
106316,2026-04-07,Initech,East,Widget Pro,13,"$1,234.50","$16,048.50",pending
106317,2026-04-08,Massive Dynamic,New York,Widget Lite,18,$89.99,"$1,619.82",Pending
106318,2026-04-09,Globex Incorporated,East,Gadget X,3,"$2,150.00","$6,450.00",Shipped
106319,2026-04-10,Acme Corp,East,Gizmo Mini,19,$45.00,$855.00,Shipped
106320,2026-04-11,Acme Corp,nyc,Widget Pro,1,"$1,234.50","$1,234.50",SHIPPED
106321,2026-04-12,Soylent Co,West,Gizmo Mini,24,$45.00,"$1,080.00",shipped
106322,2026-04-13,Stark Industries,west,Widget Lite,5,$89.99,$449.95,pending
106323,Apr 14 2026,Hooli,West,Widget Pro,4,"$1,234.50","$4,938.00",Pending
106324,2026-04-15,Massive Dynamic,n-y-c,Gadget X,27,"$2,150.00","$58,050.00",Pending
106325,16/04/2026,Initech,West,Gizmo Mini,11,$45.00,$495.00,shipped
106326,17/04/2026,Hooli,NYC,Widget Lite,30,$89.99,"$2,699.70",Pending
106327,2026-04-18,Umbrella Ltd,west,Widget Lite,19,$89.99,"$1,709.81",pending
106328,Apr 19 2026,Globex Incorporated,nyc,Gizmo Mini,20,$45.00,$900.00,pending
106329,2026-04-20,Stark Industries,n-y-c,Gadget X,3,"$2,150.00","$6,450.00",pending
106330,21/04/2026,Stark Industries,East,Gadget X,25,"$2,150.00","$53,750.00",shipped
106331,2026-04-22,Stark Industries,nyc,Widget Pro,24,"$1,234.50","$29,628.00",Pending
106332,23/04/2026,Vehement Capital,East,Gizmo Mini,9,$45.00,$405.00,pending
106333,2026-04-24,Initech,East,Widget Pro,5,"$1,234.50","$6,172.50",Pending
106334,2026-04-25,Acme Corp,nyc,Gadget X,19,"$2,150.00","$40,850.00",SHIPPED
106335,26/04/2026,Hooli,nyc,Widget Lite,5,$89.99,$449.95,pending
106336,Apr 27 2026,Umbrella Ltd,NYC,Widget Lite,15,$89.99,"$1,349.85",Pending
106337,2026-04-28,Initech,New York,Widget Lite,5,$89.99,$449.95,shipped
106338,2026-03-01,Globex Incorporated,nyc,Widget Pro,27,"$1,234.50","$33,331.50",shipped
106339,13/03/2026,Hooli,East,Widget Lite,12,$89.99,"$1,079.88",Shipped
106340,13/03/2026,Massive Dynamic,west,Gizmo Mini,24,$45.00,"$1,080.00",pending
106341,2026-03-04,Vehement Capital,East,Gadget X,5,"$2,150.00","$10,750.00",SHIPPED
106342,2026-03-05,Stark Industries,West,Widget Pro,29,"$1,234.50","$36,000.50",shipped
106343,2026-03-06,Wayne Enterprises,n-y-c,Gadget X,4,"$2,150.00","$8,600.00",pending
106344,13/03/2026,Wayne Enterprises,n-y-c,Widget Pro,20,"$1,234.50","$24,690.00",Shipped
106345,2026-03-08,Vehement Capital,New York,Gizmo Mini,2,$45.00,$90.00,pending
106346,2026-03-09,Massive Dynamic,East,Widget Pro,2,"$1,234.50","$2,469.00",pending
106347,2026-03-10,Hooli,East,Widget Lite,3,$89.99,$269.97,shipped
106348,13/03/2026,Soylent Co,West,Gadget X,6,"$2,150.00","$12,900.00",Shipped
106349,2026-03-12,Acme Corp,west,Gizmo Mini,3,$45.00,$135.00,shipped
106350,2026-03-13,Wayne Enterprises,New York,Widget Lite,21,$89.99,"$1,889.79",Shipped
106351,14/03/2026,Soylent Co,West,Gizmo Mini,30,$45.00,"$1,350.00",Pending
106352,15/03/2026,Initech,East,Gizmo Mini,25,$45.00,"$1,125.00",pending
106353,16/03/2026,Umbrella Ltd,West,Gizmo Mini,28,$45.00,"$1,260.00",shipped
106354,17/03/2026,Umbrella Ltd,n-y-c,Gadget X,12,"$2,150.00","$25,800.00",Pending
106355,2026-03-18,,West,Gizmo Mini,30,$45.00,"$1,350.00",SHIPPED
106356,2026-03-19,Hooli,NYC,Widget Lite,24,$89.99,"$2,159.76",pending
106357,2026-03-20,Hooli,East,Widget Pro,26,"$1,234.50","$32,097.00",Shipped
106358,2026-03-21,Soylent Co,n-y-c,Widget Lite,22,$89.99,"$1,979.78",shipped
106359,2026-03-22,Soylent Co,New York,Widget Lite,1,$89.99,$89.99,Pending
106360,2026-03-23,Stark Industries,NYC,Widget Pro,29,"$1,234.50","$35,800.50",shipped
106361,2026-03-24,Acme Corp,East,Gizmo Mini,10,$45.00,$450.00,shipped
106361,2026-03-24, Acme Corp ,EAST,Gizmo Mini,10,$45.00,$450.00,shipped
106362,Mar 26 2026,Vehement Capital,East,Gizmo Mini,14,$45.00,$630.00,shipped
106363,2026-03-27,Initech,West,Widget Lite,14,$89.99,"$1,259.86",Pending
106364,2026-03-28,Umbrella Ltd,West,Widget Pro,29,"$1,234.50","$35,800.50",Shipped
106365,2026-04-01,Initech,East,Gadget X,23,"$2,150.00","$49,450.00",Pending
106366,2026-04-02,Stark Industries,East,Gadget X,3,"$2,150.00","$6,450.00",SHIPPED
106367,13/04/2026,Acme Corp,East,Gadget X,6,"$2,150.00","$12,900.00",SHIPPED
106368,13/04/2026,Stark Industries,East,Widget Lite,10,$89.99,$899.90,Shipped
106369,2026-04-05,Initech,West,Widget Lite,28,$89.99,"$2,519.72",Pending
106370,2026-04-06,Massive Dynamic,west,Widget Lite,5,$89.99,$449.95,shipped
106371,2026-04-07,Globex Incorporated,n-y-c,Gadget X,30,"$2,150.00","$64,500.00",Pending
106372,Apr 8 2026,Initech,East,Gadget X,14,"$2,150.00","$30,100.00",pending
106373,2026-04-09,Vehement Capital,West,Gadget X,9,"$2,150.00","$19,350.00",Shipped
106374,2026-04-10,Globex Incorporated,West,Gizmo Mini,21,$45.00,$945.00,SHIPPED
106375,2026-04-11,Umbrella Ltd,East,Gizmo Mini,25,$45.00,"$1,125.00",shipped
106376,2026-04-12,Acme Corp,NYC,Gizmo Mini,17,$45.00,$765.00,Pending
106377,13/04/2026,Acme Corp,East,Gizmo Mini,26,$45.00,"$1,170.00",pending
106378,2026-04-14,Initech,nyc,Gizmo Mini,23,$45.00,"$1,035.00",SHIPPED
106379,2026-04-15,Hooli,nyc,Gizmo Mini,22,$45.00,$990.00,Pending
106380,16/04/2026,Vehement Capital,East,Widget Lite,3,$89.99,$269.97,Shipped
106381,2026-04-17,Acme Corp,west,Widget Lite,12,$89.99,"$1,079.88",Shipped
106382,2026-04-18,Wayne Enterprises,East,Gadget X,18,"$2,150.00","$38,700.00",Pending
106383,Apr 19 2026,Massive Dynamic,East,Widget Pro,8,"$1,234.50","$9,876.00",pending
106384,20/04/2026,Umbrella Ltd,West,Widget Pro,1,"$1,234.50","$1,234.50",Shipped
106384,20/04/2026,Umbrella Ltd,West,Widget Pro,1,"$1,234.50","$1,234.50",Shipped
106385,2026-04-22,Initech,East,Gadget X,27,"$2,150.00","$58,050.00",pending
106386,2026-04-23,Umbrella Ltd,East,Widget Lite,14,$89.99,"$1,259.86",Shipped
106387,2026-04-24,Soylent Co,west,Gadget X,23,"$2,150.00","$49,450.00",Pending
106388,2026-04-25,Wayne Enterprises,NYC,Widget Pro,23,"$1,234.50","$28,393.50",pending
106389,2026-04-26,Acme Corp,New York,Gadget X,30,"$2,150.00","$64,500.00",Pending
106390,27/04/2026,Vehement Capital,East,Gizmo Mini,28,$45.00,"$1,260.00",Shipped
106391,2026-04-28,Vehement Capital,East,Widget Pro,15,"$1,234.50","$18,517.50",Pending
106392,Mar 1 2026,Hooli,East,Widget Lite,7,$89.99,$629.93,Pending
106393,2026-03-02,Wayne Enterprises,West,Widget Pro,7,"$1,234.50","$8,641.50",shipped
106394,2026-03-03,Globex Incorporated,West,Widget Lite,25,$89.99,"$2,249.75",pending
106395,13/03/2026,Massive Dynamic,West,Gizmo Mini,18,$45.00,$810.00,Pending
106396,2026-03-05,Soylent Co,west,Gizmo Mini,4,$45.00,$180.00,pending
106397,2026-03-06,Initech,west,Widget Pro,18,"$1,234.50","$22,221.00",pending
106398,2026-03-07,Hooli,East,Widget Pro,29,"$1,234.50","$35,800.50",pending
106399,2026-03-08,Umbrella Ltd,west,Widget Lite,14,$89.99,"$1,259.86",Shipped
106400,2026-03-09,Umbrella Ltd,East,Gizmo Mini,4,$45.00,$180.00,SHIPPED
106401,13/03/2026,Umbrella Ltd,nyc,Gizmo Mini,8,$45.00,$360.00,pending
106402,Mar 11 2026,Globex Incorporated,East,Widget Pro,10,"$1,234.50","$12,345.00",shipped
106403,2026-03-12,Hooli,West,Widget Pro,12,"$1,234.50","$14,814.00",SHIPPED
106404,2026-03-13,Stark Industries,West,Widget Pro,26,"$1,234.50","$32,097.00",Shipped
106405,2026-03-14,Stark Industries,west,Gadget X,17,"$2,150.00","$36,550.00",pending
106406,2026-03-15,Stark Industries,NYC,Widget Lite,10,$89.99,$899.90,Shipped
106407,Mar 16 2026,Umbrella Ltd,West,Widget Lite,4,$89.99,$359.96,SHIPPED
106408,2026-03-17,Massive Dynamic,NYC,Gadget X,14,"$2,150.00","$30,100.00",pending
106409,18/03/2026,Acme Corp,West,Widget Pro,29,"1,234.50 USD","$35,800.50",Pending
106410,2026-03-19,Vehement Capital,East,Gadget X,21,"$2,150.00","$45,150.00",Pending
106411,2026-03-20,Initech,n-y-c,Gadget X,3,"$2,150.00","$6,450.00",pending
106412,2026-03-21,Soylent Co,West,Widget Lite,26,$89.99,"$2,339.74",pending
106413,2026-03-22,Umbrella Ltd,n-y-c,Widget Pro,12,"$1,234.50","$14,814.00",shipped
106414,2026-03-23,Globex Incorporated,nyc,Gizmo Mini,1,$45.00,$45.00,Pending
106415,2026-03-24,Vehement Capital,East,Gizmo Mini,14,$45.00,$630.00,SHIPPED
106416,2026-03-25,Hooli,nyc,Widget Lite,11,$89.99,$989.89,Pending
106417,2026-03-26,Globex Incorporated,NYC,Gadget X,7,"$2,150.00","$15,050.00",Pending
106418,2026-03-27,Globex Incorporated,East,Widget Pro,25,"$1,234.50","$30,862.50",pending
106419,2026-03-28,Initech,West,Gadget X,14,"$2,150.00","$30,100.00",Pending
106420,2026-04-01,Soylent Co,East,Gadget X,18,"$2,150.00","$39,130.00",pending
106421,13/04/2026,Vehement Capital,west,Gadget X,13,"$2,150.00","$27,950.00",pending
106422,2026-04-03,Initech,East,Gadget X,21,"$2,150.00","$45,150.00",shipped
106423,2026-04-04,Stark Industries,East,Gizmo Mini,20,$45.00,$900.00,Pending
106424,2026-04-05,Soylent Co,West,Gadget X,22,"$2,150.00","$47,300.00",shipped
106425,2026-04-06,Acme Corp,New York,Gadget X,23,"$2,150.00","$49,450.00",Pending
106426,2026-04-07,Globex Incorporated,New York,Gizmo Mini,10,$45.00,$450.00,Pending
106427,13/04/2026,Globex Incorporated,n-y-c,Widget Lite,24,$89.99,"$2,589.76",Shipped
106428,2026-04-09,Hooli,west,Gadget X,12,"$2,150.00","$25,800.00",Pending
106429,2026-04-10,Stark Industries,west,Gadget X,8,"$2,150.00","$17,200.00",Pending
106430,2026-04-11,Vehement Capital,East,Gadget X,25,"$2,150.00","$53,750.00",Shipped
106431,2026-04-12,Hooli,nyc,Widget Pro,3,"$1,234.50","$3,703.50",pending
106432,13/04/2026,Soylent Co,West,Widget Pro,11,"$1,234.50","$13,579.50",SHIPPED
106433,2026-04-14,Acme Corp,New York,Widget Pro,14,"$1,234.50","$17,283.00",SHIPPED
106434,Apr 15 2026,Stark Industries,New York,Widget Pro,7,"$1,234.50","$8,641.50",shipped
106435,2026-04-16,Initech,west,Widget Pro,24,"$1,234.50","$29,628.00",Shipped
106436,2026-04-17,Hooli,n-y-c,Widget Lite,30,$89.99,"$2,699.70",shipped
106437,2026-04-18,Stark Industries,West,Gadget X,12,"$2,150.00","$25,800.00",pending
106438,2026-04-19,Hooli,East,Gizmo Mini,4,$45.00,$180.00,SHIPPED
106439,2026-04-20,Soylent Co,west,Widget Pro,20,"$1,234.50","$24,690.00",Shipped
106440,21/04/2026,Initech,East,Gizmo Mini,30,$45.00,"$1,350.00",shipped
106441,2026-04-22,Wayne Enterprises,New York,Gadget X,5,"$2,150.00","$10,750.00",shipped
106442,2026-04-23,Globex Incorporated,East,Gizmo Mini,16,$45.00,$720.00,SHIPPED
106443,2026-04-24,Acme Corp,NYC,Widget Pro,30,"$1,234.50","$37,035.00",Pending
106444,2026-04-25,Soylent Co,West,Gadget X,3,"$2,150.00","$6,450.00",pending
106445,Apr 26 2026,Globex Incorporated,nyc,Widget Pro,21,"$1,234.50","$25,924.50",Shipped
106446,2026-04-27,Vehement Capital,East,Gadget X,23,"$2,150.00","$49,450.00",Pending
106447,2026-04-28,Acme Corp,East,Gadget X,21,"$2,150.00","$45,150.00",pending
106448,2026-03-01,Acme Corp,West,Gizmo Mini,1,$45.00,$45.00,pending
106449,2026-03-02,Acme Corp,New York,Widget Pro,11,"$1,234.50","$13,579.50",pending
106450,2026-03-03,Hooli,East,Gadget X,18,"$2,150.00","$38,700.00",pending
106451,13/03/2026,Hooli,NYC,Gadget X,6,"$2,150.00","$12,900.00",pending
106452,13/03/2026,Acme Corp,n-y-c,Widget Lite,16,$89.99,"$1,439.84",Pending
106453,2026-03-06,Stark Industries,New York,Widget Lite,3,$89.99,$269.97,Shipped
106454,13/03/2026,Globex Incorporated,West,Widget Lite,8,$89.99,$719.92,Pending
106455,13/03/2026,Soylent Co,n-y-c,Gadget X,20,"$2,150.00","$43,000.00",shipped
106456,2026-03-09,Stark Industries,West,Widget Lite,14,$89.99,"$1,259.86",Pending
106457,2026-03-10,Wayne Enterprises,west,Gadget X,8,"$2,150.00","$17,200.00",Shipped
106458,2026-03-11,Soylent Co,East,Gadget X,29,"$2,150.00","$62,350.00",Pending
106459,2026-03-12,Stark Industries,west,Gadget X,15,"$2,150.00","$32,250.00",Pending
106460,2026-03-13,Wayne Enterprises,West,Widget Lite,20,$89.99,"$1,799.80",pending
106461,2026-03-14,Hooli,East,Widget Pro,29,"$1,234.50","$35,800.50",Shipped
106462,2026-03-15,Initech,West,Gizmo Mini,19,$45.00,$855.00,SHIPPED
106463,2026-03-16,Stark Industries,East,Widget Pro,6,"$1,234.50","$7,407.00",pending
106464,17/03/2026,Acme Corp,New York,Widget Pro,11,"$1,234.50","$13,579.50",Pending
106465,2026-03-18,Vehement Capital,New York,Gadget X,16,"$2,150.00","$34,400.00",SHIPPED
106466,Mar 19 2026,Initech,n-y-c,Widget Pro,13,"$1,234.50","$16,048.50",Shipped
106467,2026-03-20,Umbrella Ltd,East,Gadget X,19,"$2,150.00","$40,850.00",Shipped
106468,21/03/2026,Initech,East,Gizmo Mini,30,$45.00,"$1,350.00",pending
106469,2026-03-22,Hooli,West,Gizmo Mini,16,$45.00,$720.00,pending
106470,2026-03-23,Wayne Enterprises,East,Widget Pro,7,"$1,234.50","$8,641.50",pending
106471,2026-03-24,Globex Incorporated,New York,Widget Pro,19,"$1,234.50","$23,455.50",Shipped
106472,Mar 25 2026,Acme Corp,west,Gadget X,5,"$2,150.00","$10,750.00",pending
106473,2026-03-26,Wayne Enterprises,New York,Widget Pro,9,"$1,234.50","$11,110.50",shipped
106474,27/03/2026,Soylent Co,East,Gadget X,1,"$2,150.00","$2,150.00",Pending
106475,2026-03-28,Stark Industries,west,Gizmo Mini,1,$45.00,$45.00,SHIPPED
106476,2026-04-01,Soylent Co,New York,Widget Pro,20,"$1,234.50","$24,690.00",Pending
106477,2026-04-02,Umbrella Ltd,West,Widget Lite,13,$89.99,"$1,169.87",Pending
106478,13/04/2026,Acme Corp,NYC,Widget Pro,13,"$1,234.50","$16,048.50",pending
106479,2026-04-04,Stark Industries,New York,Widget Lite,15,$89.99,"$1,349.85",Pending
106480,2026-04-05,Stark Industries,East,Gizmo Mini,25,$45.00,"$1,125.00",Pending
106481,2026-04-06,Globex Incorporated,nyc,Gizmo Mini,16,$45.00,$720.00,SHIPPED
106482,2026-04-07,Massive Dynamic,west,Gizmo Mini,1,$45.00,$45.00,SHIPPED
106483,13/04/2026,Umbrella Ltd,n-y-c,Widget Lite,17,$89.99,"$1,529.83",shipped
106484,2026-04-09,Wayne Enterprises,New York,Widget Lite,3,$89.99,$269.97,pending
106485,2026-04-10,Stark Industries,East,Gadget X,2,"$2,150.00","$4,300.00",pending
106486,2026-04-11,Stark Industries,East,Gadget X,9,"$2,150.00","$19,350.00",shipped
106487,2026-04-12,Globex Incorporated,East,Widget Lite,9,$89.99,$809.91,Pending
106488,2026-04-13,Soylent Co,NYC,Widget Lite,25,$89.99,"$2,249.75",Shipped
106489,2026-04-14,Vehement Capital,East,Gizmo Mini,13,$45.00,$585.00,pending
106490,2026-04-15,Acme Corp,East,Gadget X,2,"$2,150.00","$4,300.00",Pending
106491,2026-04-16,Initech,East,Widget Lite,27,$89.99,"$2,429.73",pending
106492,2026-04-17,Vehement Capital,East,Widget Lite,24,$89.99,"$2,159.76",Pending
106493,2026-04-18,Soylent Co,New York,Gizmo Mini,22,$45.00,$990.00,pending
106494,Apr 19 2026,Umbrella Ltd,west,Widget Pro,23,"$1,234.50","$28,393.50",Shipped
106495,Apr 20 2026,Hooli,New York,Gizmo Mini,6,$45.00,$270.00,Pending
106496,2026-04-21,Umbrella Ltd,East,Widget Lite,29,$89.99,"$2,609.71",pending
106497,2026-04-22,Wayne Enterprises,west,Widget Pro,20,"$1,234.50","$24,690.00",SHIPPED
106498,2026-04-23,Wayne Enterprises,west,Gadget X,12,"$2,150.00","$25,800.00",SHIPPED
106499,Apr 24 2026,Globex Incorporated,East,Gizmo Mini,27,$45.00,"$1,215.00",Pending
106500,2026-04-25,Stark Industries,New York,Widget Pro,10,"$1,234.50","$12,345.00",Pending
106501,2026-04-26,Acme Corp,East,Widget Lite,17,$89.99,"$1,529.83",Pending
106502,Apr 27 2026,,East,Gizmo Mini,25,$45.00,"$1,125.00",shipped
106503,2026-04-28,Umbrella Ltd,nyc,Gadget X,18,"$2,150.00","$38,700.00",SHIPPED
106504,13/03/2026,Globex Incorporated,n-y-c,Widget Pro,5,"$1,234.50","$6,172.50",Shipped
106505,2026-03-02,Initech,West,Widget Pro,22,"$1,234.50","$27,159.00",pending
106506,2026-03-03,Globex Incorporated,West,Gadget X,10,"$2,150.00","$21,500.00",pending
106507,13/03/2026,Umbrella Ltd,west,Widget Lite,20,$89.99,"$1,799.80",pending
106508,2026-03-05,Globex Incorporated,East,Gizmo Mini,30,$45.00,"$1,350.00",Shipped
106509,13/03/2026,Stark Industries,nyc,Gizmo Mini,17,$45.00,$765.00,SHIPPED
106510,2026-03-07,Globex Incorporated,New York,Gadget X,1,"$2,150.00","$2,150.00",pending
106511,2026-03-08,Massive Dynamic,East,Gadget X,11,"$2,150.00","$23,650.00",shipped
106512,Mar 9 2026,Soylent Co,New York,Widget Lite,8,$89.99,$719.92,pending
106513,2026-03-10,Stark Industries,New York,Gadget X,20,"$2,150.00","$43,000.00",SHIPPED
106514,2026-03-11,Stark Industries,New York,Gizmo Mini,10,$45.00,$450.00,SHIPPED
106515,13/03/2026,Vehement Capital,west,Widget Lite,27,$89.99,"$2,429.73",pending
106516,2026-03-13,Acme Corp,nyc,Widget Lite,6,$89.99,$539.94,pending
106517,2026-03-14,Initech,NYC,Gadget X,25,"$2,150.00","$53,750.00",shipped
106518,15/03/2026,Acme Corp,East,Widget Lite,25,$89.99,"$2,249.75",SHIPPED
106519,2026-03-16,Initech,East,Widget Lite,27,$89.99,"$2,429.73",pending
106520,2026-03-17,Acme Corp,west,Widget Lite,22,$89.99,"$1,979.78",SHIPPED
106521,2026-03-18,Acme Corp,East,Widget Lite,9,$89.99,$809.91,pending
106522,2026-03-19,Initech,west,Widget Lite,21,$89.99,"$1,889.79",shipped
106523,20/03/2026,Soylent Co,New York,Gizmo Mini,6,$45.00,$270.00,pending
106524,21/03/2026,Umbrella Ltd,East,Widget Pro,19,"$1,234.50","$23,455.50",Pending
106525,2026-03-22,Hooli,West,Gadget X,8,"$2,150.00","$17,200.00",Pending
106526,Mar 23 2026,Acme Corp,East,Gizmo Mini,4,$45.00,$180.00,Pending
106527,2026-03-24,Acme Corp,East,Widget Lite,30,$89.99,"$2,699.70",pending
106528,2026-03-25,Stark Industries,East,Widget Pro,17,"$1,234.50","$20,986.50",Pending
106529,2026-03-26,Vehement Capital,West,Widget Pro,26,"$1,234.50","$32,097.00",Shipped
106530,2026-03-27,Initech,East,Widget Lite,15,$89.99,"$1,349.85",Shipped
106531,2026-03-28,Initech,West,Gadget X,15,"$2,150.00","$32,250.00",shipped
106532,2026-04-01,Globex Incorporated,East,Gadget X,25,"$2,150.00","$53,750.00",Shipped
106533,2026-04-02,Hooli,west,Gadget X,25,"$2,150.00","$53,750.00",SHIPPED
106534,2026-04-03,Soylent Co,East,Widget Lite,24,$89.99,"$2,159.76",shipped
106535,2026-04-04,Initech,n-y-c,Gadget X,9,"$2,150.00","$19,350.00",Shipped
106536,2026-04-05,Initech,East,Gizmo Mini,19,$45.00,$855.00,pending
106537,2026-04-06,Stark Industries,n-y-c,Widget Pro,7,"$1,234.50","$8,641.50",shipped
106538,2026-04-07,Soylent Co,west,Gadget X,6,"$2,150.00","$12,900.00",Shipped
106539,2026-04-08,Stark Industries,NYC,Gizmo Mini,30,$45.00,"$1,350.00",Pending
106540,2026-04-09,Stark Industries,nyc,Widget Lite,26,$89.99,"$2,339.74",pending
106541,13/04/2026,Globex Incorporated,East,Widget Lite,25,$89.99,"$2,249.75",pending
106542,2026-04-11,Vehement Capital,west,Gadget X,4,"$2,150.00","$8,600.00",shipped
106543,2026-04-12,Vehement Capital,East,Widget Pro,5,"$1,234.50","$6,172.50",Pending
106544,13/04/2026,Massive Dynamic,NYC,Widget Pro,1,"$1,234.50","$1,234.50",Shipped
106545,2026-04-14,Globex Incorporated,New York,Gizmo Mini,30,$45.00,"$1,350.00",Shipped
106546,15/04/2026,Wayne Enterprises,west,Gadget X,5,"$2,150.00","$10,750.00",SHIPPED
106547,2026-04-16,Acme Corp,nyc,Gadget X,28,"$2,150.00","$60,200.00",Pending
106548,17/04/2026,Soylent Co,west,Gizmo Mini,8,$45.00,$360.00,Shipped
106549,2026-04-18,Wayne Enterprises,n-y-c,Widget Lite,2,$89.99,$179.98,SHIPPED
106550,2026-04-19,Globex Incorporated,n-y-c,Widget Lite,9,$89.99,$809.91,pending
106551,2026-04-20,Initech,nyc,Widget Pro,9,"$1,234.50","$11,110.50",Pending
106552,21/04/2026,Wayne Enterprises,West,Gizmo Mini,20,$45.00,$900.00,Pending
106553,2026-04-22,Umbrella Ltd,West,Gadget X,11,"$2,150.00","$23,650.00",shipped
106554,2026-04-23,Umbrella Ltd,East,Widget Lite,11,$89.99,$989.89,pending
106555,Apr 24 2026,Massive Dynamic,East,Widget Pro,19,"$1,234.50","$23,455.50",pending
106556,Apr 25 2026,Hooli,East,Widget Lite,19,$89.99,"$1,709.81",Shipped
106557,26/04/2026,Stark Industries,East,Gadget X,7,"$2,150.00","$15,050.00",pending
106558,2026-04-27,Umbrella Ltd,nyc,Gizmo Mini,12,$45.00,$540.00,Pending
106559,2026-04-28,Globex Incorporated,East,Widget Pro,7,"$1,234.50","$8,641.50",shipped
106560,13/03/2026,Hooli,west,Gizmo Mini,26,$45.00,"$1,170.00",Pending
106561,13/03/2026,Massive Dynamic,West,Widget Pro,10,"$1,234.50","$12,345.00",Shipped
106562,13/03/2026,Hooli,East,Gadget X,20,"$2,150.00","$43,000.00",shipped
106563,2026-03-04,Globex Incorporated,East,Gizmo Mini,23,$45.00,"$1,035.00",Pending
106564,2026-03-05,Vehement Capital,nyc,Gizmo Mini,27,$45.00,"$1,215.00",pending
106565,2026-03-06,Hooli,East,Gizmo Mini,5,$45.00,$225.00,SHIPPED
106566,2026-03-07,Vehement Capital,West,Gadget X,21,"$2,150.00","$45,150.00",Pending
106567,2026-03-08,Globex Incorporated,West,Widget Lite,16,$89.99,"$1,439.84",shipped
106568,Mar 9 2026,Hooli,n-y-c,Gizmo Mini,21,$45.00,$945.00,SHIPPED
106569,2026-03-10,Hooli,west,Widget Lite,10,$89.99,$899.90,pending
106570,2026-03-11,Initech,West,Gizmo Mini,26,$45.00,"$1,170.00",pending
106571,Mar 12 2026,Acme Corp,East,Gizmo Mini,25,$45.00,"$1,125.00",Pending
106572,13/03/2026,Hooli,East,Widget Pro,15,"$1,234.50","$18,517.50",shipped
106573,14/03/2026,Stark Industries,west,Gizmo Mini,2,$45.00,$90.00,Pending
106574,2026-03-15,Initech,East,Widget Pro,29,"$1,234.50","$35,800.50",SHIPPED
106575,2026-03-16,Vehement Capital,East,Widget Lite,29,$89.99,"$2,609.71",shipped
106576,2026-03-17,Vehement Capital,East,Widget Pro,30,"$1,234.50","$37,035.00",Pending
106577,2026-03-18,Globex Incorporated,west,Widget Pro,25,"$1,234.50","$30,862.50",Shipped
106578,2026-03-19,Hooli,East,Gizmo Mini,20,$45.00,$900.00,Pending
106579,2026-03-20,Initech,East,Gadget X,20,"$2,150.00","$43,000.00",Pending
106580,21/03/2026,Initech,west,Gadget X,19,"$2,150.00","$40,850.00",Pending
106581,2026-03-22,Vehement Capital,East,Widget Pro,1,"$1,234.50","$1,234.50",SHIPPED
106582,2026-03-23,Hooli,West,Gizmo Mini,14,$45.00,$630.00,Shipped
106583,24/03/2026,Initech,west,Widget Lite,25,$89.99,"$2,249.75",Pending
106584,2026-03-25,Massive Dynamic,n-y-c,Gizmo Mini,15,$45.00,$675.00,shipped
106585,Mar 26 2026,Stark Industries,East,Gadget X,10,"$2,150.00","$21,500.00",Shipped
106586,2026-03-27,Stark Industries,NYC,Widget Pro,30,"$1,234.50","$37,035.00",shipped
106587,2026-03-28,Vehement Capital,New York,Gizmo Mini,8,$45.00,$360.00,Pending
106588,2026-04-01,Massive Dynamic,East,Gadget X,28,"$2,150.00","$60,200.00",pending
106589,2026-04-02,Massive Dynamic,East,Widget Pro,2,"$1,234.50","$2,469.00",Pending
106590,2026-04-03,Initech,West,Widget Lite,6,$89.99,$539.94,Pending
106591,13/04/2026,Globex Incorporated,west,Widget Lite,5,$89.99,$449.95,Shipped
106592,2026-04-05,Wayne Enterprises,West,Widget Lite,26,$89.99,"$2,339.74",Pending
106593,2026-04-06,Initech,West,Widget Pro,7,"$1,234.50","$8,641.50",Shipped
106594,Apr 7 2026,Hooli,East,Widget Lite,21,$89.99,"$1,889.79",Pending
106595,2026-04-08,Vehement Capital,nyc,Widget Lite,13,$89.99,"$1,169.87",pending
106596,2026-04-09,Massive Dynamic,nyc,Gizmo Mini,13,$45.00,$585.00,Shipped
106597,13/04/2026,Soylent Co,nyc,Gizmo Mini,29,$45.00,"$1,305.00",pending
106598,13/04/2026,Wayne Enterprises,New York,Gizmo Mini,16,$45.00,$720.00,SHIPPED
106599,2026-04-12,Vehement Capital,West,Gadget X,28,"$2,150.00","$60,200.00",pending
106600,13/04/2026,Initech,East,Widget Lite,4,$89.99,$359.96,Shipped
106601,2026-04-14,Stark Industries,NYC,Gadget X,,"$2,150.00","$45,150.00",Shipped
106602,Apr 15 2026,Soylent Co,East,Gadget X,18,"$2,150.00","$38,700.00",pending
106603,2026-04-16,Vehement Capital,East,Gadget X,7,"$2,150.00","$15,050.00",Pending
106604,17/04/2026,Vehement Capital,East,Widget Pro,23,"$1,234.50","$28,393.50",shipped
106605,18/04/2026,Wayne Enterprises,New York,Gizmo Mini,8,$45.00,$360.00,Pending
106606,2026-04-19,Globex Incorporated,west,Gizmo Mini,22,$45.00,$990.00,pending
106607,2026-04-20,Initech,NYC,Widget Pro,8,"$1,234.50","$9,876.00",pending
106608,2026-04-21,Globex Incorporated,East,Widget Lite,26,$89.99,"$2,339.74",shipped
106609,2026-04-22,Globex Incorporated,n-y-c,Widget Pro,18,"$1,234.50","$22,221.00",Pending
106610,2026-04-23,Soylent Co,East,Widget Lite,26,$89.99,"$2,339.74",SHIPPED
106611,2026-04-24,Stark Industries,East,Gizmo Mini,15,$45.00,$675.00,Pending
106612,2026-04-25,Acme Corp,West,Gizmo Mini,27,$45.00,"$1,215.00",Shipped
106613,2026-04-26,Initech,New York,Gizmo Mini,2,$45.00,$90.00,pending
106614,2026-04-27,Stark Industries,west,Gizmo Mini,14,$45.00,$630.00,Pending
106615,Apr 28 2026,Umbrella Ltd,nyc,Widget Pro,10,"$1,234.50","$12,345.00",shipped
106616,2026-03-01,Initech,West,Widget Lite,5,$89.99,$449.95,Shipped
106617,2026-03-02,Stark Industries,n-y-c,Widget Lite,9,$89.99,"$1,009.91",pending
106618,Mar 3 2026,Hooli,NYC,Widget Lite,26,$89.99,"$2,339.74",pending
106619,2026-03-04,Soylent Co,West,Widget Lite,20,$89.99,"$1,799.80",Shipped
106620,2026-03-05,Wayne Enterprises,East,Gadget X,4,"$2,150.00","$8,600.00",pending
106621,2026-03-06,Globex Incorporated,nyc,Widget Lite,21,$89.99,"$1,889.79",Pending
106622,2026-03-07,Initech,East,Widget Lite,9,$89.99,$809.91,SHIPPED
106623,13/03/2026,Umbrella Ltd,nyc,Widget Lite,11,$89.99,$989.89,Pending
106624,2026-03-09,Wayne Enterprises,East,Widget Lite,27,$89.99,"$2,429.73",Pending
106625,2026-03-10,Massive Dynamic,west,Widget Lite,14,$89.99,"$1,259.86",Pending
106626,2026-03-11,Massive Dynamic,West,Gizmo Mini,2,$45.00,$90.00,pending
106627,2026-03-12,Umbrella Ltd,west,Widget Lite,12,$89.99,"$1,079.88",pending
106628,2026-03-13,Stark Industries,west,Widget Pro,17,"$1,234.50","$20,986.50",shipped
106629,2026-03-14,Massive Dynamic,west,Widget Pro,9,"$1,234.50","$11,110.50",pending
106630,Mar 15 2026,Hooli,East,Widget Pro,18,"$1,234.50","$22,221.00",SHIPPED
106631,2026-03-16,Stark Industries,NYC,Widget Pro,24,"$1,234.50","$29,628.00",SHIPPED
106632,2026-03-17,Globex Incorporated,west,Gadget X,12,"$2,150.00","$25,800.00",Pending
106633,2026-03-18,Initech,West,Widget Lite,11,$89.99,$989.89,shipped
106634,Mar 19 2026,Soylent Co,West,Gizmo Mini,18,$45.00,$810.00,SHIPPED
106635,20/03/2026,Acme Corp,n-y-c,Widget Pro,21,"$1,234.50","$25,924.50",Shipped
106636,2026-03-21,Globex Incorporated,East,Widget Pro,24,"$1,234.50","$29,628.00",shipped
106637,22/03/2026,Massive Dynamic,west,Gizmo Mini,4,$45.00,$180.00,pending
106638,23/03/2026,Massive Dynamic,west,Gadget X,18,"$2,150.00","$38,700.00",pending
106639,2026-03-24,Globex Incorporated,West,Widget Lite,27,$89.99,"$2,429.73",Pending
106640,2026-03-25,Acme Corp,west,Gadget X,22,"$2,150.00","$47,300.00",Shipped
106641,2026-03-26,Stark Industries,East,Widget Lite,14,$89.99,"$1,259.86",Shipped
106642,2026-03-27,Initech,East,Gizmo Mini,18,$45.00,$810.00,shipped
106643,2026-03-28,Initech,New York,Widget Pro,24,"$1,234.50","$29,628.00",Pending
106644,2026-04-01,Umbrella Ltd,New York,Gizmo Mini,18,$45.00,$810.00,Shipped
106645,2026-04-02,Acme Corp,East,Widget Lite,23,$89.99,"$2,069.77",SHIPPED
106646,2026-04-03,Soylent Co,East,Widget Lite,22,$89.99,"$1,979.78",Pending
106647,2026-04-04,Globex Incorporated,NYC,Widget Pro,8,"$1,234.50","$9,876.00",shipped
106648,2026-04-05,Massive Dynamic,New York,Gadget X,14,"$2,150.00","$30,100.00",Pending
106649,Apr 6 2026,Vehement Capital,East,Widget Pro,24,"$1,234.50","$29,628.00",Shipped
106650,2026-04-07,Soylent Co,west,Widget Pro,7,"$1,234.50","$8,641.50",pending
106651,2026-04-08,Vehement Capital,East,Gadget X,19,"$2,150.00","$40,850.00",shipped
106652,2026-04-09,Wayne Enterprises,NYC,Widget Lite,8,$89.99,$719.92,SHIPPED
106653,13/04/2026,Acme Corp,west,Gizmo Mini,25,$45.00,"$1,125.00",pending
106654,13/04/2026,Wayne Enterprises,East,Gizmo Mini,2,$45.00,$90.00,SHIPPED
106655,2026-04-12,Globex Incorporated,West,Widget Pro,14,"$1,234.50","$17,283.00",Shipped
106656,2026-04-13,Umbrella Ltd,west,Widget Lite,24,$89.99,"$2,159.76",SHIPPED
106657,2026-04-14,Soylent Co,New York,Widget Pro,30,"$1,234.50","$36,885.00",Pending
106658,Apr 15 2026,Hooli,West,Gadget X,28,"$2,150.00","$60,200.00",Pending
106659,16/04/2026,Acme Corp,New York,Widget Lite,13,$89.99,"$1,169.87",shipped
106660,17/04/2026,Massive Dynamic,n-y-c,Widget Lite,9,$89.99,$809.91,Shipped
106661,18/04/2026,Massive Dynamic,west,Widget Pro,25,"$1,234.50","$30,862.50",Pending
106662,2026-04-19,Vehement Capital,n-y-c,Gizmo Mini,7,$45.00,$315.00,SHIPPED
106663,2026-04-20,Wayne Enterprises,n-y-c,Widget Lite,10,$89.99,$899.90,Shipped
106664,2026-04-21,Massive Dynamic,NYC,Widget Pro,17,"$1,234.50","$20,986.50",SHIPPED
106665,2026-04-22,Umbrella Ltd,n-y-c,Widget Pro,13,"$1,234.50","$16,048.50",SHIPPED
106666,23/04/2026,Hooli,West,Gadget X,4,"$2,150.00","$8,600.00",pending
106667,2026-04-24,Umbrella Ltd,East,Widget Lite,17,$89.99,"$1,529.83",pending
106668,25/04/2026,Acme Corp,NYC,Gadget X,6,"$2,150.00","$12,900.00",SHIPPED
106669,2026-04-26,Globex Incorporated,NYC,Gizmo Mini,3,$45.00,$135.00,SHIPPED
106670,2026-04-27,Soylent Co,NYC,Gadget X,27,"$2,150.00","$58,050.00",SHIPPED
106671,2026-04-28,Globex Incorporated,NYC,Widget Lite,28,$89.99,"$2,519.72",shipped
106672,2026-03-01,Globex Incorporated,n-y-c,Gadget X,4,"$2,150.00","$8,600.00",Pending
106673,2026-03-02,Acme Corp,New York,Gizmo Mini,29,$45.00,"$1,305.00",Pending
106674,2026-03-03,Hooli,East,Gadget X,1,"$2,150.00","$2,150.00",pending
106675,2026-03-04,Hooli,East,Gadget X,22,"$2,150.00","$47,300.00",pending
106676,2026-03-05,Stark Industries,NYC,Widget Pro,4,"$1,234.50","$4,938.00",Shipped
106677,2026-03-06,Globex Incorporated,nyc,Gizmo Mini,6,$45.00,$270.00,Shipped
106678,2026-03-07,Hooli,NYC,Gizmo Mini,1,$45.00,$45.00,SHIPPED
106679,2026-03-08,Globex Incorporated,NYC,Gizmo Mini,24,$45.00,"$1,080.00",pending
106680,Mar 9 2026,Initech,East,Widget Pro,16,"$1,234.50","$19,752.00",SHIPPED
106681,2026-03-10,Acme Corp,West,Gizmo Mini,14,$45.00,$630.00,SHIPPED
106682,2026-03-11,Stark Industries,n-y-c,Gizmo Mini,14,$45.00,$630.00,shipped
106683,2026-03-12,Umbrella Ltd,nyc,Gizmo Mini,11,$45.00,$495.00,shipped
106684,13/03/2026,Soylent Co,New York,Gizmo Mini,29,$45.00,"$1,305.00",pending
106685,14/03/2026,Initech,New York,Gadget X,11,"$2,150.00","$23,650.00",SHIPPED
106686,2026-03-15,Wayne Enterprises,New York,Gadget X,1,"$2,150.00","$2,150.00",pending
106687,16/03/2026,Hooli,New York,Widget Lite,13,$89.99,"$1,169.87",Shipped
106688,2026-03-17,Hooli,New York,Widget Lite,6,$89.99,$539.94,SHIPPED
106689,2026-03-18,Vehement Capital,East,Widget Lite,21,$89.99,"$1,889.79",pending
106690,Mar 19 2026,Acme Corp,NYC,Gadget X,8,"$2,150.00","$17,200.00",Shipped
106691,2026-03-20,Umbrella Ltd,west,Widget Lite,12,$89.99,"$1,079.88",SHIPPED
106692,2026-03-21,Soylent Co,East,Gadget X,10,"$2,150.00","$21,500.00",pending
106693,22/03/2026,Acme Corp,East,Widget Pro,7,"$1,234.50","$8,641.50",shipped
106694,23/03/2026,Globex Incorporated,west,Gadget X,20,"$2,150.00","$43,000.00",Shipped
106695,2026-03-24,Hooli,New York,Widget Pro,19,"$1,234.50","$23,455.50",Shipped
106696,25/03/2026,Initech,west,Widget Lite,4,$89.99,$359.96,SHIPPED
106697,Mar 26 2026,Acme Corp,West,Gizmo Mini,13,$45.00,$585.00,pending
106698,27/03/2026,Massive Dynamic,East,Gizmo Mini,1,$45.00,$45.00,shipped
106699,Mar 28 2026,Stark Industries,East,Gadget X,18,"$2,150.00","$38,700.00",pending
106700,13/04/2026,Stark Industries,East,Gizmo Mini,19,$45.00,"$1,055.00",Pending
106701,Apr 2 2026,Initech,West,Widget Pro,25,"$1,234.50","$30,862.50",pending
106702,2026-04-03,Stark Industries,nyc,Widget Pro,25,"$1,234.50","$30,862.50",Pending
106703,2026-04-04,Soylent Co,East,Widget Lite,4,$89.99,$359.96,SHIPPED
106704,Apr 5 2026,Wayne Enterprises,East,Gadget X,1,"$2,150.00","$2,150.00",Shipped
106705,2026-04-06,Initech,west,Gizmo Mini,5,$45.00,$225.00,pending
106706,2026-04-07,Hooli,East,Gizmo Mini,15,$45.00,$675.00,Shipped
106706,2026-04-07,Hooli,East,Gizmo Mini,15,$45.00,$675.00,Shipped
106707,2026-04-09,Massive Dynamic,NYC,Gizmo Mini,25,$45.00,"$1,125.00",pending
106708,2026-04-10,Wayne Enterprises,West,Widget Lite,9,$89.99,$809.91,SHIPPED
106709,2026-04-11,Stark Industries,n-y-c,Widget Lite,18,$89.99,"$1,619.82",shipped
106710,2026-04-12,Massive Dynamic,East,Widget Lite,2,$89.99,$179.98,pending
106711,2026-04-13,Wayne Enterprises,New York,Widget Pro,27,"$1,234.50","$33,331.50",pending
106712,2026-04-14,Soylent Co,west,Gadget X,14,"$2,150.00","$30,100.00",Pending
106713,2026-04-15,Globex Incorporated,East,Widget Lite,22,$89.99,"$1,979.78",pending
106714,16/04/2026,Vehement Capital,New York,Gizmo Mini,26,$45.00,"$1,170.00",Shipped
106715,17/04/2026,Acme Corp,n-y-c,Gizmo Mini,6,$45.00,$270.00,Pending
106716,2026-04-18,Globex Incorporated,New York,Gadget X,14,"$2,150.00","$30,100.00",pending
106717,2026-04-19,Globex Incorporated,west,Gizmo Mini,23,$45.00,"$1,035.00",shipped
106718,Apr 20 2026,Hooli,East,Widget Pro,23,"$1,234.50","$28,393.50",pending
106719,2026-04-21,Globex Incorporated,West,Gadget X,13,"$2,150.00","$27,950.00",pending
106720,2026-04-22,Massive Dynamic,East,Widget Pro,14,"$1,234.50","$17,283.00",shipped
106721,2026-04-23,Globex Incorporated,East,Gadget X,27,"$2,150.00","$58,050.00",SHIPPED
106722,24/04/2026,Hooli,East,Widget Lite,18,$89.99,"$1,619.82",pending
106723,2026-04-25,Vehement Capital,west,Gadget X,20,"$2,150.00","$43,000.00",Pending
106724,2026-04-26,Massive Dynamic,West,Gizmo Mini,17,$45.00,$765.00,Shipped
106725,2026-04-27,Umbrella Ltd,East,Gadget X,21,"$2,150.00","$45,150.00",SHIPPED
106726,2026-04-28,Stark Industries,West,Gizmo Mini,23,$45.00,"$1,035.00",pending
106727,2026-03-01,Hooli,New York,Gadget X,2,"$2,150.00","$4,300.00",SHIPPED
106728,2026-03-02,Vehement Capital,NYC,Gizmo Mini,21,$45.00,$945.00,pending
106729,2026-03-03,Initech,West,Widget Lite,23,$89.99,"$2,069.77",Pending
106730,2026-03-04,Globex Incorporated,East,Widget Lite,27,$89.99,"$2,429.73",SHIPPED
106731,2026-03-05,Massive Dynamic,west,Widget Lite,5,$89.99,$449.95,Pending
106732,2026-03-06,Vehement Capital,west,Gadget X,17,"$2,150.00","$36,550.00",Shipped
106732,2026-03-06,Vehement Capital,west,Gadget X,17,"$2,150.00","$36,550.00",Shipped
106733,Mar 8 2026,Vehement Capital,NYC,Widget Pro,15,"$1,234.50","$18,517.50",SHIPPED
106734,13/03/2026,Wayne Enterprises,East,Widget Lite,16,$89.99,"$1,439.84",Pending
106735,13/03/2026,Vehement Capital,East,Gizmo Mini,12,$45.00,$540.00,SHIPPED
106736,2026-03-11,Globex Incorporated,NYC,Widget Lite,5,$89.99,$449.95,Shipped
106737,13/03/2026,Initech,west,Gizmo Mini,3,$45.00,$135.00,shipped
106738,13/03/2026,Soylent Co,East,Gizmo Mini,2,$45.00,$90.00,Pending
106739,14/03/2026,Stark Industries,west,Widget Pro,24,"$1,234.50","$29,628.00",pending
106740,Mar 15 2026,Vehement Capital,East,Gadget X,27,"$2,150.00","$58,050.00",shipped
106741,2026-03-16,Soylent Co,NYC,Gizmo Mini,22,$45.00,$990.00,shipped
106742,2026-03-17,Hooli,west,Widget Pro,22,"$1,234.50","$27,159.00",shipped
106743,2026-03-18,Massive Dynamic,New York,Gadget X,2,"$2,150.00","$4,300.00",Pending
106744,2026-03-19,Vehement Capital,n-y-c,Gadget X,19,"$2,150.00","$40,850.00",pending
106745,2026-03-20,Umbrella Ltd,n-y-c,Gizmo Mini,30,$45.00,"$1,350.00",pending
106746,2026-03-21,Vehement Capital,West,Widget Lite,29,$89.99,"$2,609.71",Shipped
106747,2026-03-22,Wayne Enterprises,NYC,Widget Lite,30,$89.99,"$2,699.70",pending
106748,2026-03-23,Wayne Enterprises,nyc,Widget Pro,13,"$1,234.50","$16,048.50",Pending
106749,2026-03-24,Globex Incorporated,n-y-c,Widget Lite,13,$89.99,"$1,169.87",shipped
106750,2026-03-25,,New York,Gizmo Mini,3,$45.00,$135.00,Pending
106751,2026-03-26,Soylent Co,East,Widget Pro,27,"$1,234.50","$33,331.50",Shipped
106752,27/03/2026,Globex Incorporated,nyc,Gizmo Mini,23,$45.00,"$1,035.00",pending
106753,Mar 28 2026,Acme Corp,East,Widget Lite,23,$89.99,"$2,069.77",Pending
106754,2026-04-01,Soylent Co,East,Widget Lite,2,$89.99,$179.98,Shipped
106755,2026-04-02,Initech,East,Widget Lite,23,$89.99,"$2,069.77",pending
106756,2026-04-03,Soylent Co,East,Widget Pro,19,"$1,234.50","$23,455.50",pending
106757,2026-04-04,Umbrella Ltd,New York,Widget Lite,3,$89.99,$269.97,pending
106758,Apr 5 2026,Umbrella Ltd,East,Widget Pro,28,"$1,234.50","$34,566.00",pending
106759,13/04/2026,Stark Industries,East,Widget Pro,7,"$1,234.50","$8,641.50",Pending
106760,13/04/2026,Soylent Co,NYC,Gizmo Mini,15,$45.00,$675.00,shipped
106761,2026-04-08,Acme Corp,nyc,Widget Pro,29,"$1,234.50","$35,800.50",Pending
106762,2026-04-09,Massive Dynamic,West,Gizmo Mini,1,$45.00,$45.00,pending
106763,2026-04-10,Massive Dynamic,East,Widget Pro,13,"$1,234.50","$16,048.50",pending
106764,2026-04-11,Initech,west,Gadget X,27,"$2,150.00","$58,050.00",Shipped
106765,2026-04-12,Stark Industries,west,Widget Lite,21,$89.99,"$1,889.79",pending
106766,2026-04-13,Stark Industries,East,Widget Lite,16,$89.99,"$1,439.84",pending
106767,2026-04-14,Globex Incorporated,East,Gadget X,25,"$2,150.00","$53,750.00",pending
106768,2026-04-15,Umbrella Ltd,west,Widget Lite,3,$89.99,$269.97,Pending
106769,2026-04-16,Stark Industries,East,Gadget X,19,"$2,150.00","$40,850.00",shipped
106770,2026-04-17,Massive Dynamic,New York,Gizmo Mini,23,$45.00,"$1,035.00",shipped
106771,2026-04-18,Stark Industries,west,Widget Pro,25,"$1,234.50","$30,862.50",Pending
106772,2026-04-19,Soylent Co,west,Widget Pro,28,"$1,234.50","$34,566.00",Pending
106773,20/04/2026,Umbrella Ltd,west,Gadget X,26,"$2,150.00","$55,900.00",shipped
106774,2026-04-21,Stark Industries,west,Gizmo Mini,5,$45.00,$225.00,Pending
106775,2026-04-22,Acme Corp,n-y-c,Widget Lite,13,$89.99,"$1,169.87",Pending
106776,23/04/2026,Massive Dynamic,west,Gizmo Mini,8,$45.00,$360.00,Pending
106777,2026-04-24,Initech,West,Gadget X,5,"$2,150.00","$10,750.00",pending
106778,25/04/2026,Acme Corp,New York,Widget Pro,12,"$1,234.50","$14,814.00",SHIPPED
106779,2026-04-26,Globex Incorporated,New York,Gizmo Mini,11,$45.00,$495.00,Pending
106780,27/04/2026,Soylent Co,East,Widget Lite,7,$89.99,$629.93,SHIPPED
106781,28/04/2026,Acme Corp,East,Gadget X,17,"$2,150.00","$36,550.00",Pending
106782,2026-03-01,Globex Incorporated,n-y-c,Widget Lite,3,$89.99,$269.97,pending
106783,2026-03-02,Hooli,East,Widget Lite,26,$89.99,"$2,339.74",pending
106784,Mar 3 2026,Stark Industries,East,Widget Lite,1,$89.99,$89.99,Shipped
106785,13/03/2026,Wayne Enterprises,East,Gadget X,30,"$2,150.00","$64,500.00",Pending
106786,2026-03-05,Globex Incorporated,East,Gadget X,12,"$2,150.00","$25,800.00",Shipped
106787,2026-03-06,Hooli,NYC,Widget Lite,24,$89.99,"$2,159.76",Pending
106788,2026-03-07,,west,Widget Pro,1,"$1,234.50","$1,234.50",Pending
106789,2026-03-08,Stark Industries,East,Widget Lite,16,$89.99,"$1,439.84",Pending
106790,2026-03-09,Umbrella Ltd,East,Gizmo Mini,17,$45.00,$765.00,pending
106791,2026-03-10,Umbrella Ltd,East,Widget Pro,6,"$1,234.50","$7,407.00",pending
106792,2026-03-11,Vehement Capital,East,Gadget X,25,"$2,150.00","$53,750.00",SHIPPED
106793,Mar 12 2026,Soylent Co,NYC,Widget Pro,13,"$1,234.50","$16,048.50",pending
106794,2026-03-13,Soylent Co,East,Widget Pro,27,"$1,234.50","$33,331.50",pending
106795,2026-03-14,Vehement Capital,nyc,Gizmo Mini,19,$45.00,$855.00,shipped
106796,2026-03-15,Umbrella Ltd,East,Gizmo Mini,13,$45.00,$585.00,Pending
106797,2026-03-16,Initech,West,Gadget X,3,"$2,150.00","$6,450.00",shipped
106798,2026-03-17,Wayne Enterprises,west,Widget Pro,30,"$1,234.50","$37,035.00",shipped
106799,2026-03-18,Massive Dynamic,nyc,Gizmo Mini,13,$45.00,$585.00,shipped
106800,19/03/2026,Soylent Co,nyc,Gizmo Mini,7,$45.00,$315.00,Pending
106801,20/03/2026,Umbrella Ltd,East,Gadget X,18,"$2,150.00","$38,700.00",Shipped
106802,2026-03-21,Umbrella Ltd,n-y-c,Widget Pro,11,"$1,234.50","$13,579.50",pending
106803,Mar 22 2026,Acme Corp,East,Gizmo Mini,29,$45.00,"$1,305.00",SHIPPED
106804,2026-03-23,Wayne Enterprises,East,Gizmo Mini,11,$45.00,$495.00,pending
106805,2026-03-24,Umbrella Ltd,East,Gizmo Mini,20,$45.00,$900.00,pending
106806,2026-03-25,Soylent Co,East,Widget Pro,23,"$1,234.50","$28,393.50",pending
106807,26/03/2026,Initech,New York,Widget Pro,29,"$1,234.50","$35,800.50",pending
106808,2026-03-27,Wayne Enterprises,n-y-c,Widget Lite,8,$89.99,$719.92,pending
106809,2026-03-28,Umbrella Ltd,West,Widget Pro,26,"$1,234.50","$32,097.00",pending
106810,Apr 1 2026,Wayne Enterprises,East,Gizmo Mini,6,$45.00,$270.00,SHIPPED
106811,2026-04-02,Hooli,west,Gadget X,25,"$2,150.00","$53,750.00",Shipped
106812,2026-04-03,Wayne Enterprises,West,Gizmo Mini,19,$45.00,$855.00,pending
106813,2026-04-04,Stark Industries,n-y-c,Widget Pro,3,"$1,234.50","$3,703.50",shipped
106814,2026-04-05,Umbrella Ltd,East,Widget Pro,3,"1,234.50 USD","$3,703.50",pending
106815,13/04/2026,Globex Incorporated,New York,Gadget X,7,"$2,150.00","$15,050.00",Pending
106816,2026-04-07,Massive Dynamic,East,Widget Lite,10,$89.99,$899.90,SHIPPED
106817,Apr 8 2026,Massive Dynamic,East,Widget Lite,12,$89.99,"$1,079.88",SHIPPED
106818,2026-04-09,Umbrella Ltd,West,Gizmo Mini,3,$45.00,$135.00,SHIPPED
106819,2026-04-10,Umbrella Ltd,West,Widget Lite,30,$89.99,"$2,699.70",pending
106820,13/04/2026,Umbrella Ltd,west,Widget Pro,10,"$1,234.50","$12,345.00",Pending
106821,2026-04-12,Stark Industries,East,Widget Pro,20,"$1,234.50","$24,690.00",Pending
106822,2026-04-13,Globex Incorporated,East,Widget Lite,1,$89.99,$89.99,pending
106823,2026-04-14,Acme Corp,New York,Gizmo Mini,21,$45.00,$945.00,shipped
106824,15/04/2026,Initech,East,Gadget X,8,"2,150.00 USD","$17,200.00",shipped
106825,2026-04-16,Initech,nyc,Widget Pro,29,"$1,234.50","$35,800.50",SHIPPED
106826,17/04/2026,Hooli,East,Widget Pro,5,"$1,234.50","$6,172.50",Pending
106827,2026-04-18,Umbrella Ltd,n-y-c,Widget Pro,13,"$1,234.50","$16,048.50",SHIPPED
106828,2026-04-19,Wayne Enterprises,West,Widget Pro,27,"$1,234.50","$33,331.50",Pending
106829,2026-04-20,Vehement Capital,west,Widget Pro,5,"$1,234.50","$6,172.50",shipped
106830,2026-04-21,Acme Corp,East,Gadget X,5,"$2,150.00","$10,750.00",pending
106831,2026-04-22,Globex Incorporated,East,Widget Pro,22,"$1,234.50","$27,159.00",shipped
106832,2026-04-23,Soylent Co,west,Gizmo Mini,17,$45.00,$765.00,pending
106833,2026-04-24,Massive Dynamic,East,Gizmo Mini,1,$45.00,$45.00,Shipped
106834,25/04/2026,Stark Industries,East,Gadget X,21,"$2,150.00","$45,150.00",SHIPPED
106835,2026-04-26,Globex Incorporated,west,Gadget X,18,"$2,150.00","$38,700.00",pending
106836,2026-04-27,Hooli,West,Widget Lite,19,$89.99,"$1,709.81",Shipped
106837,28/04/2026,Umbrella Ltd,West,Widget Pro,7,"$1,234.50","$8,641.50",shipped
106838,13/03/2026,Initech,West,Widget Lite,2,$89.99,$179.98,shipped
106839,2026-03-02,Umbrella Ltd,West,Gizmo Mini,29,$45.00,"$1,305.00",pending
106840,2026-03-03,Initech,East,Widget Pro,1,"$1,234.50","$1,234.50",Pending
106841,2026-03-04,Acme Corp,East,Gadget X,26,"$2,150.00","$55,900.00",Shipped
106842,2026-03-05,Vehement Capital,East,Widget Lite,25,$89.99,"$2,249.75",shipped
106843,13/03/2026,Umbrella Ltd,West,Gizmo Mini,6,$45.00,$270.00,pending
106844,2026-03-07,Soylent Co,NYC,Gizmo Mini,28,$45.00,"$1,260.00",pending
106845,2026-03-08,Hooli,East,Gizmo Mini,21,$45.00,$945.00,shipped
106846,2026-03-09,Globex Incorporated,East,Widget Pro,29,"$1,234.50","$35,800.50",pending
106847,13/03/2026,Vehement Capital,n-y-c,Gizmo Mini,9,$45.00,$405.00,SHIPPED
106848,2026-03-11,Umbrella Ltd,NYC,Widget Lite,28,$89.99,"$2,519.72",Pending
106849,Mar 12 2026,Vehement Capital,East,Widget Lite,14,$89.99,"$1,259.86",SHIPPED
106850,2026-03-13,Massive Dynamic,East,Gizmo Mini,15,$45.00,$675.00,SHIPPED
106851,2026-03-14,Vehement Capital,west,Widget Pro,16,"$1,234.50","$19,752.00",Pending
106852,15/03/2026,Umbrella Ltd,n-y-c,Widget Pro,6,"$1,234.50","$7,407.00",Pending
106853,2026-03-16,Initech,n-y-c,Gizmo Mini,9,$45.00,$405.00,Pending
106854,2026-03-17,Globex Incorporated,nyc,Gizmo Mini,27,$45.00,"$1,215.00",Pending
106855,2026-03-18,Acme Corp,West,Widget Lite,29,$89.99,"$2,609.71",shipped
106856,2026-03-19,Globex Incorporated,East,Widget Pro,3,"$1,234.50","$3,703.50",SHIPPED
106857,2026-03-20,Umbrella Ltd,West,Widget Pro,27,"$1,234.50","$33,331.50",Pending
106858,2026-03-21,Soylent Co,West,Gadget X,22,"$2,150.00","$47,300.00",SHIPPED
106859,22/03/2026,Massive Dynamic,NYC,Gadget X,21,"$2,150.00","$45,150.00",SHIPPED
106860,2026-03-23,Hooli,west,Widget Pro,3,"$1,234.50","$3,703.50",Shipped
106861,2026-03-24,Soylent Co,New York,Widget Pro,10,"$1,234.50","$12,345.00",Pending
106862,2026-03-25,Globex Incorporated,west,Widget Pro,28,"$1,234.50","$34,566.00",Shipped
106863,2026-03-26,Stark Industries,East,Gizmo Mini,20,$45.00,$900.00,pending
106864,2026-03-27,Massive Dynamic,NYC,Gizmo Mini,3,$45.00,$135.00,shipped
106865,2026-03-28,Globex Incorporated,n-y-c,Widget Pro,10,"$1,234.50","$12,345.00",Pending
106866,2026-04-01,Stark Industries,East,Gizmo Mini,14,$45.00,$630.00,shipped
106867,2026-04-02,Hooli,n-y-c,Gizmo Mini,23,$45.00,"$1,035.00",Shipped
106868,2026-04-03,Stark Industries,East,Widget Lite,27,$89.99,"$2,429.73",shipped
106869,13/04/2026,Stark Industries,West,Gizmo Mini,9,$45.00,$405.00,Shipped
106870,2026-04-05,Wayne Enterprises,west,Widget Lite,22,$89.99,"$2,179.78",SHIPPED
106871,2026-04-06,Acme Corp,west,Gadget X,30,"$2,150.00","$64,930.00",pending
106872,2026-04-07,Initech,nyc,Widget Pro,25,"$1,234.50","$30,862.50",Shipped
106873,2026-04-08,Vehement Capital,west,Gadget X,18,"$2,150.00","$38,700.00",SHIPPED
106874,2026-04-09,Globex Incorporated,n-y-c,Widget Lite,20,$89.99,"$1,799.80",pending
106875,13/04/2026,Umbrella Ltd,East,Gizmo Mini,15,$45.00,$675.00,pending
106876,2026-04-11,Umbrella Ltd,west,Gizmo Mini,26,$45.00,"$1,170.00",Pending
106877,2026-04-12,Stark Industries,west,Widget Pro,17,"$1,234.50","$20,986.50",Pending
106878,Apr 13 2026,Umbrella Ltd,west,Widget Lite,14,$89.99,"$1,259.86",SHIPPED
106879,2026-04-14,Umbrella Ltd,New York,Gadget X,18,"$2,150.00","$38,700.00",pending
106880,2026-04-15,Stark Industries,East,Gadget X,23,"$2,150.00","$49,450.00",Shipped
106881,2026-04-16,Hooli,New York,Gizmo Mini,27,$45.00,"$1,215.00",Shipped
106882,2026-04-17,Vehement Capital,West,Gadget X,12,"$2,150.00","$25,800.00",Pending
106883,Apr 18 2026,Massive Dynamic,west,Gizmo Mini,17,$45.00,$765.00,SHIPPED
106884,2026-04-19,Umbrella Ltd,East,Widget Pro,13,"$1,234.50","$16,048.50",Shipped
106885,2026-04-20,Acme Corp,West,Gadget X,2,"$2,150.00","$4,300.00",SHIPPED
106886,2026-04-21,Hooli,East,Gadget X,12,"$2,150.00","$25,800.00",Shipped
106887,22/04/2026,Vehement Capital,East,Widget Pro,11,"$1,234.50","$13,579.50",Shipped
106888,2026-04-23,Massive Dynamic,West,Widget Pro,22,"$1,234.50","$27,159.00",Pending
106889,2026-04-24,Soylent Co,West,Gizmo Mini,4,$45.00,$180.00,Shipped
106890,2026-04-25,Hooli,west,Gadget X,23,"$2,150.00","$49,450.00",pending
106891,26/04/2026,Globex Incorporated,East,Gizmo Mini,26,$45.00,"$1,170.00",pending
106892,Apr 27 2026,Hooli,nyc,Widget Lite,11,$89.99,$989.89,SHIPPED
106893,2026-04-28,Acme Corp,West,Gizmo Mini,2,$45.00,$90.00,shipped
106894,2026-03-01,Massive Dynamic,New York,Gizmo Mini,28,$45.00,"$1,260.00",Pending
106895,2026-03-02,Initech,west,Gizmo Mini,15,$45.00,$675.00,Shipped
106896,Mar 3 2026,Acme Corp,East,Gizmo Mini,10,$45.00,$450.00,shipped
106897,2026-03-04,Massive Dynamic,New York,Widget Pro,7,"$1,234.50","$8,641.50",shipped
106898,2026-03-05,Soylent Co,West,Gizmo Mini,21,$45.00,$945.00,SHIPPED
106899,2026-03-06,Vehement Capital,west,Gadget X,27,"$2,150.00","$58,050.00",SHIPPED
106900,2026-03-07,Globex Incorporated,East,Gizmo Mini,27,$45.00,"$1,215.00",SHIPPED
106901,2026-03-08,Acme Corp,nyc,Gadget X,16,"$2,150.00","$34,400.00",Shipped
106902,2026-03-09,Massive Dynamic,West,Gadget X,18,"$2,150.00","$38,700.00",Pending
106903,2026-03-10,Stark Industries,West,Widget Lite,27,$89.99,"$2,429.73",Pending
106904,2026-03-11,Acme Corp,East,Widget Lite,11,$89.99,$989.89,pending
106905,2026-03-12,,west,Widget Pro,18,"$1,234.50","$22,221.00",pending
106906,2026-03-13,Massive Dynamic,nyc,Gizmo Mini,1,$45.00,$45.00,pending
106907,2026-03-14,Vehement Capital,west,Gadget X,8,"$2,150.00","$17,200.00",SHIPPED
106908,2026-03-15,Umbrella Ltd,East,Gizmo Mini,9,$45.00,$405.00,Shipped
106909,2026-03-16,Acme Corp,West,Widget Pro,3,"$1,234.50","$3,703.50",Shipped
106910,17/03/2026,Stark Industries,nyc,Widget Lite,29,$89.99,"$2,609.71",SHIPPED
106911,2026-03-18,Stark Industries,East,Gizmo Mini,13,$45.00,$585.00,SHIPPED
106912,19/03/2026,Initech,west,Widget Lite,9,$89.99,$809.91,Pending
106913,2026-03-20,Globex Incorporated,New York,Widget Pro,20,"$1,234.50","$24,690.00",Shipped
106914,2026-03-21,Stark Industries,East,Gizmo Mini,25,$45.00,"$1,125.00",pending
106915,22/03/2026,Soylent Co,New York,Gizmo Mini,22,$45.00,$990.00,SHIPPED
106916,2026-03-23,Wayne Enterprises,NYC,Widget Lite,11,$89.99,$989.89,pending
106917,2026-03-24,Vehement Capital,west,Gizmo Mini,8,$45.00,$360.00,pending
106918,2026-03-25,Initech,East,Gizmo Mini,10,$45.00,$450.00,Pending
106919,26/03/2026,Acme Corp,n-y-c,Gizmo Mini,17,$45.00,$765.00,shipped
106920,Mar 27 2026,Umbrella Ltd,East,Gizmo Mini,11,$45.00,$495.00,Pending
106921,2026-03-28,Globex Incorporated,New York,Gadget X,30,"$2,150.00","$64,500.00",Shipped
106922,2026-04-01,Wayne Enterprises,East,Gadget X,11,"$2,150.00","$23,650.00",Pending
106923,13/04/2026,Initech,west,Gizmo Mini,6,$45.00,$270.00,Shipped
106924,2026-04-03,Hooli,East,Widget Lite,18,$89.99,"$1,619.82",Pending
106925,2026-04-04,Hooli,nyc,Widget Pro,19,"$1,234.50","$23,455.50",Pending
106926,2026-04-05,Stark Industries,nyc,Gizmo Mini,24,$45.00,"$1,080.00",pending
106927,13/04/2026,Wayne Enterprises,West,Widget Pro,3,"$1,234.50","$3,703.50",Pending
106928,Apr 7 2026,Soylent Co,East,Widget Pro,29,"$1,234.50","$35,800.50",Shipped
106929,2026-04-08,Wayne Enterprises,East,Gizmo Mini,24,$45.00,"$1,080.00",pending
106930,2026-04-09,Soylent Co,west,Widget Lite,8,$89.99,$719.92,pending
106931,2026-04-10,Wayne Enterprises,East,Gadget X,20,"$2,150.00","$43,000.00",pending
106932,Apr 11 2026,Stark Industries,west,Gizmo Mini,7,$45.00,$315.00,pending
106933,13/04/2026,Umbrella Ltd,nyc,Widget Pro,15,"$1,234.50","$18,517.50",shipped
106934,2026-04-13,Soylent Co,West,Gadget X,5,"$2,150.00","$10,750.00",SHIPPED
106935,14/04/2026,Acme Corp,East,Gadget X,3,"$2,150.00","$6,450.00",Pending
106936,Apr 15 2026,Vehement Capital,West,Gadget X,15,"$2,150.00","$32,250.00",shipped
106937,2026-04-16,Globex Incorporated,n-y-c,Gadget X,2,"$2,150.00","$4,300.00",Shipped
106938,2026-04-17,Globex Incorporated,West,Widget Lite,5,$89.99,$449.95,SHIPPED
106939,Apr 18 2026,Vehement Capital,East,Gadget X,6,"$2,150.00","$12,900.00",Shipped
106940,2026-04-19,Acme Corp,West,Widget Lite,3,$89.99,$269.97,pending
106941,2026-04-20,Stark Industries,West,Widget Pro,19,"$1,234.50","$23,455.50",pending
106942,2026-04-21,Stark Industries,East,Gizmo Mini,8,$45.00,$360.00,SHIPPED
106943,2026-04-22,Globex Incorporated,west,Widget Lite,20,$89.99,"$1,799.80",SHIPPED
106944,23/04/2026,Umbrella Ltd,New York,Widget Pro,6,"$1,234.50","$7,407.00",Pending
106945,2026-04-24,Umbrella Ltd,New York,Gadget X,17,"$2,150.00","$36,550.00",Shipped
106946,2026-04-25,Globex Incorporated,East,Widget Pro,3,"$1,234.50","$4,133.50",SHIPPED
106947,2026-04-26,Umbrella Ltd,n-y-c,Widget Pro,1,"$1,234.50","$1,234.50",Pending
106947,2026-04-26, Umbrella Ltd ,N-Y-C,Widget Pro,1,"$1,234.50","$1,234.50",Pending
106948,2026-04-28,Hooli,East,Gizmo Mini,16,$45.00,$720.00,Pending
106949,2026-03-01,Globex Incorporated,East,Widget Pro,19,"$1,234.50","$23,455.50",shipped
106950,2026-03-02,Globex Incorporated,west,Gizmo Mini,27,$45.00,"$1,215.00",pending
106951,Mar 3 2026,Acme Corp,nyc,Gadget X,6,"$2,150.00","$12,900.00",shipped
106952,13/03/2026,Globex Incorporated,West,Widget Pro,26,"$1,234.50","$32,097.00",shipped
106953,2026-03-05,Acme Corp,East,Gizmo Mini,30,$45.00,"$1,350.00",SHIPPED
106954,2026-03-06,Vehement Capital,NYC,Widget Lite,14,$89.99,"$1,259.86",shipped
106955,2026-03-07,Soylent Co,NYC,Gadget X,1,"$2,150.00","$2,150.00",Shipped
106956,Mar 8 2026,Vehement Capital,West,Gizmo Mini,8,$45.00,$360.00,pending
106957,2026-03-09,Soylent Co,NYC,Widget Pro,7,"$1,234.50","$8,641.50",Pending
106958,13/03/2026,Globex Incorporated,East,Gizmo Mini,26,$45.00,"$1,170.00",pending
106959,13/03/2026,Stark Industries,nyc,Widget Pro,6,"$1,234.50","$7,407.00",pending
106960,2026-03-12,Stark Industries,West,Widget Lite,18,$89.99,"$1,619.82",pending
106961,13/03/2026,Wayne Enterprises,nyc,Gizmo Mini,12,$45.00,$540.00,Pending
106962,2026-03-14,Wayne Enterprises,East,Gizmo Mini,22,$45.00,$990.00,SHIPPED
106963,2026-03-15,Initech,New York,Gizmo Mini,18,$45.00,$810.00,pending
106964,Mar 16 2026,Globex Incorporated,New York,Gizmo Mini,21,$45.00,$945.00,Pending
106965,2026-03-17,Globex Incorporated,NYC,Gadget X,26,"$2,150.00","$55,900.00",pending
106966,2026-03-18,Initech,East,Gizmo Mini,10,$45.00,$450.00,Pending
106967,19/03/2026,Globex Incorporated,East,Widget Pro,26,"$1,234.50","$32,097.00",shipped
106968,2026-03-20,Umbrella Ltd,nyc,Widget Pro,22,"$1,234.50","$27,159.00",shipped
106969,21/03/2026,Massive Dynamic,West,Widget Pro,25,"$1,234.50","$30,862.50",Pending
106970,2026-03-22,Umbrella Ltd,West,Widget Pro,12,"$1,234.50","$14,814.00",shipped
106971,2026-03-23,Stark Industries,West,Widget Lite,20,$89.99,"$1,799.80",Shipped
106972,Mar 24 2026,Hooli,West,Widget Pro,18,"$1,234.50","$22,221.00",Shipped
106973,2026-03-25,Stark Industries,East,Gadget X,18,"$2,150.00","$38,700.00",Pending
106974,2026-03-26,Hooli,East,Widget Pro,18,"$1,234.50","$22,221.00",Pending
106975,2026-03-27,Wayne Enterprises,East,Widget Pro,19,"$1,234.50","$23,455.50",pending
106976,2026-03-28,Globex Incorporated,n-y-c,Gadget X,3,"$2,150.00","$6,450.00",SHIPPED
106977,2026-04-01,Soylent Co,west,Widget Lite,23,$89.99,"$2,069.77",pending
106978,13/04/2026,Vehement Capital,New York,Gadget X,10,"$2,150.00","$21,500.00",shipped
106979,2026-04-03,Wayne Enterprises,West,Widget Lite,7,$89.99,$629.93,shipped
106980,2026-04-04,Soylent Co,NYC,Widget Pro,12,"$1,234.50","$14,814.00",shipped
106981,2026-04-05,Wayne Enterprises,n-y-c,Widget Pro,7,"$1,234.50","$8,641.50",SHIPPED
106982,2026-04-06,Umbrella Ltd,NYC,Widget Pro,25,"$1,234.50","$30,862.50",pending
106983,2026-04-07,Hooli,n-y-c,Gadget X,23,"$2,150.00","$49,450.00",Pending
106984,2026-04-08,Vehement Capital,West,Widget Pro,2,"$1,234.50","$2,469.00",Shipped
106985,13/04/2026,Initech,n-y-c,Gizmo Mini,12,$45.00,$540.00,pending
106986,2026-04-10,Vehement Capital,East,Widget Pro,17,"$1,234.50","$20,986.50",Shipped
106987,2026-04-11,Hooli,East,Gizmo Mini,5,$45.00,$225.00,pending
106988,2026-04-12,Globex Incorporated,East,Gizmo Mini,13,$45.00,$585.00,pending
106989,2026-04-13,Initech,New York,Gadget X,18,"$2,150.00","$38,700.00",Shipped
106990,2026-04-14,Acme Corp,East,Widget Lite,28,$89.99,"$2,519.72",pending
106991,2026-04-15,Initech,nyc,Gizmo Mini,7,$45.00,$315.00,shipped
106992,2026-04-16,Hooli,East,Widget Pro,29,"$1,234.50","$35,800.50",pending
106993,2026-04-17,Stark Industries,West,Gizmo Mini,9,$45.00,$405.00,SHIPPED
106994,2026-04-18,Massive Dynamic,west,Widget Pro,28,"$1,234.50","$34,566.00",pending
106995,2026-04-19,Globex Incorporated,East,Widget Pro,2,"$1,234.50","$2,469.00",pending
106996,2026-04-20,Vehement Capital,west,Widget Pro,15,"$1,234.50","$18,517.50",pending
106997,2026-04-21,Acme Corp,n-y-c,Widget Pro,11,"$1,234.50","$13,579.50",Shipped
106998,22/04/2026,Umbrella Ltd,East,Widget Lite,27,$89.99,"$2,429.73",shipped
106999,23/04/2026,Umbrella Ltd,West,Gadget X,18,"$2,150.00","$38,700.00",pending
107000,2026-04-24,Massive Dynamic,New York,Gadget X,9,"$2,150.00","$19,350.00",shipped
107001,2026-04-25,Vehement Capital,East,Gizmo Mini,17,$45.00,$765.00,Shipped
107002,2026-04-26,Initech,west,Gadget X,4,"$2,150.00","$8,600.00",pending
107003,Apr 27 2026,Soylent Co,West,Widget Pro,6,"$1,234.50","$7,407.00",Pending
107004,2026-04-28,Wayne Enterprises,west,Gizmo Mini,4,$45.00,$610.00,Pending
107005,Mar 1 2026,Wayne Enterprises,West,Widget Lite,5,$89.99,$449.95,Pending
107006,13/03/2026,Soylent Co,East,Gizmo Mini,7,$45.00,$315.00,Shipped
107007,2026-03-03,Globex Incorporated,East,Widget Lite,5,$89.99,$449.95,Pending
107008,2026-03-04,Vehement Capital,west,Gadget X,16,"$2,150.00","$34,400.00",Pending
107009,2026-03-05,Umbrella Ltd,East,Gadget X,25,"$2,150.00","$53,750.00",Shipped
107010,2026-03-06,,New York,Gadget X,6,"$2,150.00","$12,900.00",pending
107011,2026-03-07,Stark Industries,West,Widget Pro,29,"$1,234.50","$35,800.50",Shipped
107012,Mar 8 2026,Hooli,New York,Widget Pro,10,"$1,234.50","$12,345.00",shipped
107013,Mar 9 2026,Initech,n-y-c,Gizmo Mini,2,$45.00,$90.00,pending
107014,13/03/2026,Stark Industries,East,Gadget X,24,"$2,150.00","$51,600.00",pending
107015,2026-03-11,Wayne Enterprises,west,Gadget X,17,"$2,150.00","$36,550.00",Pending
107016,13/03/2026,Umbrella Ltd,west,Gadget X,11,"$2,150.00","$23,650.00",Shipped
107017,2026-03-13,Hooli,West,Widget Pro,23,"$1,234.50","$28,393.50",pending
107018,2026-03-14,Globex Incorporated,NYC,Widget Lite,25,$89.99,"$2,249.75",SHIPPED
107019,2026-03-15,Stark Industries,New York,Widget Lite,2,$89.99,$179.98,Shipped
107020,2026-03-16,Wayne Enterprises,East,Widget Pro,25,"$1,234.50","$30,862.50",SHIPPED
107021,2026-03-17,Soylent Co,East,Widget Pro,17,"$1,234.50","$20,986.50",Pending
107022,2026-03-18,Globex Incorporated,East,Widget Lite,15,$89.99,"$1,349.85",pending
107023,19/03/2026,Acme Corp,west,Gizmo Mini,22,$45.00,$990.00,pending
107024,2026-03-20,Umbrella Ltd,West,Gizmo Mini,13,$45.00,$585.00,Pending
107025,2026-03-21,Wayne Enterprises,New York,Gadget X,30,"$2,150.00","$64,500.00",Shipped
107026,22/03/2026,Soylent Co,west,Gizmo Mini,25,$45.00,"$1,125.00",Pending
107027,23/03/2026,Initech,East,Gadget X,22,"$2,150.00","$47,300.00",shipped
107028,2026-03-24,Acme Corp,n-y-c,Widget Pro,24,"$1,234.50","$29,628.00",pending
107029,Mar 25 2026,Umbrella Ltd,n-y-c,Widget Pro,22,"$1,234.50","$27,159.00",Shipped
107030,2026-03-26,Initech,West,Gizmo Mini,21,$45.00,$945.00,Pending
107031,2026-03-27,Hooli,East,Gadget X,13,"$2,150.00","$27,950.00",SHIPPED
107032,Mar 28 2026,Hooli,New York,Widget Lite,28,$89.99,"$2,519.72",Pending
107033,2026-04-01,Vehement Capital,West,Gadget X,27,"$2,150.00","$58,050.00",shipped
107034,13/04/2026,Acme Corp,East,Gadget X,4,"$2,150.00","$8,600.00",Pending
107035,13/04/2026,Vehement Capital,East,Gadget X,17,"$2,150.00","$36,550.00",shipped
107036,2026-04-04,Soylent Co,west,Widget Lite,16,$89.99,"$1,439.84",Shipped
107037,2026-04-05,Acme Corp,East,Widget Pro,6,"$1,234.50","$7,407.00",Shipped
107038,2026-04-06,Globex Incorporated,nyc,Gadget X,10,"$2,150.00","$21,500.00",pending
107039,2026-04-07,Hooli,West,Widget Lite,7,$89.99,$629.93,Pending
107040,13/04/2026,Massive Dynamic,west,Gadget X,5,"$2,150.00","$10,750.00",Shipped
107041,2026-04-09,Umbrella Ltd,west,Widget Lite,5,$89.99,$449.95,Pending
107042,2026-04-10,Globex Incorporated,East,Gizmo Mini,14,$45.00,$630.00,Shipped
107043,2026-04-11,Vehement Capital,East,Widget Pro,9,"$1,234.50","$11,110.50",pending
107044,2026-04-12,Globex Incorporated,West,Gizmo Mini,6,$45.00,$270.00,Pending
107045,13/04/2026,Acme Corp,East,Gadget X,24,"$2,150.00","$51,600.00",Shipped
107046,2026-04-14,Stark Industries,East,Gadget X,19,"$2,150.00","$40,850.00",SHIPPED
107047,2026-04-15,Hooli,East,Gizmo Mini,6,$45.00,$270.00,shipped
107048,2026-04-16,Globex Incorporated,East,Widget Pro,13,"$1,234.50","$16,048.50",SHIPPED
107049,17/04/2026,Initech,New York,Widget Pro,23,"$1,234.50","$28,393.50",shipped
107050,18/04/2026,Soylent Co,west,Widget Pro,28,"$1,234.50","$34,566.00",pending
107051,19/04/2026,Wayne Enterprises,West,Widget Lite,4,$89.99,$359.96,shipped
107052,20/04/2026,Stark Industries,East,Gizmo Mini,7,$45.00,$315.00,shipped
107053,2026-04-21,Globex Incorporated,New York,Widget Pro,23,"$1,234.50","$28,393.50",pending
107054,2026-04-22,Wayne Enterprises,East,Gizmo Mini,22,$45.00,$990.00,SHIPPED
107055,2026-04-23,Acme Corp,New York,Widget Pro,27,"$1,234.50","$33,331.50",SHIPPED
107056,2026-04-24,Globex Incorporated,West,Widget Lite,4,$89.99,$359.96,shipped
107057,2026-04-25,Soylent Co,East,Gizmo Mini,11,$45.00,$495.00,pending
107058,2026-04-26,Globex Incorporated,west,Gizmo Mini,5,$45.00,$225.00,pending
107059,27/04/2026,Acme Corp,n-y-c,Widget Pro,30,"$1,234.50","$37,035.00",Pending
107060,2026-04-28,Globex Incorporated,West,Gizmo Mini,15,$45.00,$675.00,pending
107061,13/03/2026,Initech,n-y-c,Gizmo Mini,10,$45.00,$450.00,SHIPPED
107062,Mar 2 2026,Wayne Enterprises,n-y-c,Widget Pro,28,"$1,234.50","$34,566.00",Pending
107063,13/03/2026,Stark Industries,west,Gizmo Mini,9,$45.00,$405.00,pending
107064,13/03/2026,Soylent Co,East,Widget Pro,6,"$1,234.50","$7,407.00",Shipped
107065,13/03/2026,Acme Corp,NYC,Gadget X,30,"$2,150.00","$64,500.00",shipped
107066,2026-03-06,Soylent Co,East,Widget Pro,25,"$1,234.50","$30,862.50",SHIPPED
107067,2026-03-07,Wayne Enterprises,East,Gizmo Mini,18,$45.00,$810.00,Pending
107068,Mar 8 2026,Wayne Enterprises,West,Widget Lite,20,$89.99,"$1,799.80",shipped
107069,Mar 9 2026,Initech,New York,Widget Lite,11,$89.99,$989.89,Pending
107070,13/03/2026,Initech,west,Widget Lite,1,$89.99,$89.99,pending
107071,Mar 11 2026,Initech,NYC,Widget Pro,12,"$1,234.50","$14,814.00",SHIPPED
107072,13/03/2026,Acme Corp,n-y-c,Widget Lite,22,$89.99,"$1,979.78",pending
107073,13/03/2026,Acme Corp,West,Widget Pro,24,"$1,234.50","$29,628.00",SHIPPED
107074,2026-03-14,Soylent Co,West,Gadget X,28,"$2,150.00","$60,200.00",Shipped
107075,2026-03-15,Wayne Enterprises,East,Widget Lite,13,$89.99,"$1,169.87",pending
107076,16/03/2026,Massive Dynamic,East,Gadget X,25,"$2,150.00","$53,750.00",SHIPPED
107077,2026-03-17,Hooli,East,Gadget X,17,"$2,150.00","$36,550.00",shipped
107078,2026-03-18,Vehement Capital,West,Gadget X,22,"$2,150.00","$47,300.00",pending
107079,2026-03-19,Hooli,East,Widget Pro,1,"$1,234.50","$1,234.50",pending
107080,2026-03-20,Wayne Enterprises,East,Gizmo Mini,22,$45.00,$990.00,shipped
107081,2026-03-21,Globex Incorporated,west,Gizmo Mini,30,$45.00,"$1,350.00",Pending
107082,2026-03-22,Umbrella Ltd,nyc,Widget Lite,14,$89.99,"$1,259.86",Shipped
107083,2026-03-23,Hooli,East,Gadget X,12,"$2,150.00","$25,800.00",Shipped
107084,2026-03-24,Umbrella Ltd,New York,Gizmo Mini,13,$45.00,$585.00,pending
107085,2026-03-25,Wayne Enterprises,NYC,Gizmo Mini,30,$45.00,"$1,350.00",shipped
107086,2026-03-26,Globex Incorporated,East,Widget Pro,5,"$1,234.50","$6,172.50",pending
107087,27/03/2026,Stark Industries,East,Widget Lite,16,$89.99,"$1,439.84",shipped
107088,Mar 28 2026,Umbrella Ltd,NYC,Gadget X,11,"$2,150.00","$23,650.00",shipped
107089,2026-04-01,Stark Industries,East,Gizmo Mini,3,$45.00,$135.00,Pending
107090,2026-04-02,Globex Incorporated,New York,Gadget X,1,"$2,150.00","$2,150.00",shipped
107091,13/04/2026,Globex Incorporated,East,Gizmo Mini,14,$45.00,$630.00,Pending
107092,2026-04-04,Wayne Enterprises,west,Gizmo Mini,,,,SHIPPED
107093,2026-04-05,Wayne Enterprises,East,Gizmo Mini,5,$45.00,$225.00,Shipped
107094,13/04/2026,Massive Dynamic,NYC,Widget Lite,19,$89.99,"$1,709.81",Pending
107095,13/04/2026,Hooli,New York,Gizmo Mini,14,$45.00,$630.00,pending
107096,2026-04-08,Umbrella Ltd,n-y-c,Widget Lite,19,$89.99,"$1,709.81",Pending
107097,2026-04-09,Soylent Co,East,Gizmo Mini,28,$45.00,"$1,260.00",Pending
107098,2026-04-10,Globex Incorporated,nyc,Gizmo Mini,29,$45.00,"$1,305.00",SHIPPED
107099,2026-04-11,Hooli,West,Gizmo Mini,21,$45.00,$945.00,SHIPPED
107100,2026-04-12,Umbrella Ltd,East,Gizmo Mini,8,$45.00,$360.00,SHIPPED
107101,13/04/2026,Vehement Capital,East,Widget Lite,9,$89.99,$809.91,SHIPPED
107102,2026-04-14,Globex Incorporated,west,Widget Lite,12,$89.99,"$1,079.88",shipped
107103,2026-04-15,Soylent Co,New York,Widget Lite,9,$89.99,$809.91,Pending
107104,2026-04-16,Hooli,East,Gizmo Mini,5,$45.00,$225.00,Pending
107105,2026-04-17,Soylent Co,New York,Gadget X,8,"$2,150.00","$17,200.00",SHIPPED
107106,Apr 18 2026,Hooli,West,Gadget X,21,"$2,150.00","$45,150.00",pending
107107,2026-04-19,Initech,n-y-c,Widget Lite,25,$89.99,"$2,249.75",Pending
107108,Apr 20 2026,Stark Industries,n-y-c,Gadget X,3,"$2,150.00","$6,450.00",Shipped
107109,Apr 21 2026,Massive Dynamic,west,Widget Pro,4,"$1,234.50","$4,938.00",shipped
107110,2026-04-22,Globex Incorporated,West,Gizmo Mini,19,$45.00,$855.00,Pending
107111,2026-04-23,Acme Corp,n-y-c,Gizmo Mini,6,$45.00,$270.00,Shipped
107111,2026-04-23, Acme Corp ,N-Y-C,Gizmo Mini,6,$45.00,$270.00,Shipped
107112,2026-04-25,Initech,NYC,Widget Lite,20,$89.99,"$1,799.80",shipped
107113,2026-04-26,Initech,East,Widget Pro,22,"$1,234.50","$27,159.00",pending
107114,27/04/2026,Wayne Enterprises,East,Widget Lite,6,$89.99,$539.94,Shipped
107115,Apr 28 2026,Globex Incorporated,n-y-c,Widget Pro,22,"$1,234.50","$27,159.00",Shipped
107116,2026-03-01,Wayne Enterprises,n-y-c,Gadget X,13,"$2,150.00","$27,950.00",Shipped
107117,13/03/2026,Vehement Capital,n-y-c,Widget Lite,9,$89.99,$809.91,SHIPPED
107118,Mar 3 2026,Massive Dynamic,nyc,Widget Pro,3,"$1,234.50","$3,703.50",Shipped
107119,2026-03-04,Hooli,East,Gadget X,26,"$2,150.00","$55,900.00",Shipped
107120,2026-03-05,Initech,nyc,Gadget X,16,"$2,150.00","$34,400.00",Shipped
107121,2026-03-06,Soylent Co,NYC,Gadget X,3,"$2,150.00","$6,450.00",pending
107122,13/03/2026,Massive Dynamic,West,Widget Pro,1,"$1,234.50","$1,234.50",pending
107123,2026-03-08,Hooli,nyc,Gizmo Mini,12,$45.00,$540.00,pending
107124,2026-03-09,Acme Corp,west,Widget Lite,27,$89.99,"$2,429.73",shipped
107125,13/03/2026,Umbrella Ltd,west,Widget Pro,15,"$1,234.50","$18,517.50",SHIPPED
107126,13/03/2026,Stark Industries,west,Gizmo Mini,24,$45.00,"$1,080.00",Pending
107127,2026-03-12,Wayne Enterprises,West,Widget Pro,7,"$1,234.50","$8,641.50",SHIPPED
107128,13/03/2026,Acme Corp,west,Gizmo Mini,5,$45.00,$225.00,shipped
107129,2026-03-14,Vehement Capital,west,Gizmo Mini,3,$45.00,$135.00,Shipped
107130,15/03/2026,Stark Industries,nyc,Widget Pro,24,"$1,234.50","$29,628.00",Pending
107131,2026-03-16,Umbrella Ltd,New York,Widget Pro,3,"$1,234.50","$3,703.50",Shipped
107132,2026-03-17,Globex Incorporated,East,Widget Pro,28,"$1,234.50","$34,566.00",SHIPPED
107133,2026-03-18,Vehement Capital,west,Widget Pro,19,"$1,234.50","$23,455.50",pending
107134,2026-03-19,Stark Industries,East,Gadget X,8,"$2,150.00","$17,200.00",pending
107135,2026-03-20,Stark Industries,East,Widget Pro,19,"$1,234.50","$23,455.50",Pending
107136,2026-03-21,Initech,West,Widget Pro,25,"$1,234.50","$30,862.50",SHIPPED
107137,2026-03-22,Acme Corp,NYC,Gizmo Mini,21,$45.00,$945.00,pending
107138,Mar 23 2026,Acme Corp,West,Gadget X,29,"$2,150.00","$62,350.00",SHIPPED
107139,2026-03-24,Umbrella Ltd,West,Gadget X,26,"$2,150.00","$55,900.00",SHIPPED
107140,Mar 25 2026,Massive Dynamic,NYC,Widget Pro,16,"$1,234.50","$19,752.00",pending
107141,26/03/2026,Soylent Co,west,Gizmo Mini,6,$45.00,$270.00,pending
107142,Mar 27 2026,,west,Widget Pro,24,"$1,234.50","$29,628.00",Pending
107143,2026-03-28,Soylent Co,East,Gizmo Mini,21,$45.00,$945.00,Pending
107144,2026-04-01,Acme Corp,East,Widget Lite,21,$89.99,"$1,889.79",SHIPPED
107145,2026-04-02,Vehement Capital,New York,Widget Lite,29,$89.99,"$2,609.71",Pending
107146,13/04/2026,Hooli,New York,Widget Lite,30,$89.99,"$2,699.70",Pending
107147,2026-04-04,Acme Corp,west,Widget Lite,2,$89.99,$179.98,shipped
107148,2026-04-05,Soylent Co,nyc,Widget Lite,18,$89.99,"$1,619.82",Pending
107149,13/04/2026,Globex Incorporated,New York,Gadget X,28,"$2,150.00","$60,200.00",Shipped
107150,2026-04-07,Wayne Enterprises,East,Gadget X,20,"$2,150.00","$43,000.00",pending
107151,2026-04-08,Soylent Co,West,Gizmo Mini,17,$45.00,$765.00,Pending
107152,13/04/2026,Wayne Enterprises,West,Gadget X,19,"$2,150.00","$40,850.00",pending
107153,2026-04-10,Massive Dynamic,west,Widget Pro,20,"$1,234.50","$24,690.00",SHIPPED
107154,2026-04-11,Umbrella Ltd,East,Gadget X,23,"$2,150.00","$49,450.00",Shipped
107155,13/04/2026,Umbrella Ltd,West,Widget Pro,7,"$1,234.50","$8,641.50",shipped
107156,2026-04-13,Initech,East,Widget Lite,26,$89.99,"$2,339.74",pending
107157,14/04/2026,Stark Industries,West,Gizmo Mini,30,$45.00,"$1,350.00",Shipped
107158,2026-04-15,Acme Corp,west,Widget Lite,26,$89.99,"$2,339.74",Pending
107159,2026-04-16,Globex Incorporated,East,Gizmo Mini,17,$45.00,$765.00,Shipped
107160,2026-04-17,Vehement Capital,NYC,Widget Pro,7,"$1,234.50","$8,641.50",pending
107161,18/04/2026,Umbrella Ltd,East,Widget Pro,22,"$1,234.50","$27,159.00",SHIPPED
107162,2026-04-19,Initech,West,Widget Lite,30,$89.99,"$2,699.70",shipped
107163,2026-04-20,Globex Incorporated,NYC,Widget Lite,12,$89.99,"$1,079.88",shipped
107164,21/04/2026,Umbrella Ltd,West,Gadget X,28,"$2,150.00","$60,200.00",Pending
107165,Apr 22 2026,Wayne Enterprises,west,Widget Pro,8,"$1,234.50","$9,876.00",SHIPPED
107166,2026-04-23,Soylent Co,East,Widget Pro,9,"$1,234.50","$11,110.50",SHIPPED
107167,2026-04-24,Massive Dynamic,East,Gizmo Mini,19,$45.00,$855.00,pending
107168,25/04/2026,Acme Corp,nyc,Gizmo Mini,19,$45.00,$855.00,pending
107169,2026-04-26,Globex Incorporated,West,Widget Pro,3,"$1,234.50","$3,703.50",pending
107170,2026-04-27,Massive Dynamic,west,Widget Lite,19,$89.99,"$1,709.81",SHIPPED
107171,28/04/2026,Globex Incorporated,n-y-c,Gadget X,20,"$2,150.00","$43,000.00",Shipped
107172,Mar 1 2026,Globex Incorporated,n-y-c,Gizmo Mini,5,$45.00,$225.00,pending
107173,2026-03-02,Stark Industries,East,Widget Lite,27,$89.99,"$2,429.73",Shipped
107174,2026-03-03,Vehement Capital,East,Widget Pro,27,"$1,234.50","$33,331.50",pending
107175,2026-03-04,Wayne Enterprises,East,Widget Lite,28,$89.99,"$2,519.72",Shipped
107176,2026-03-05,Hooli,n-y-c,Gizmo Mini,21,$45.00,$945.00,Pending
107177,2026-03-06,Wayne Enterprises,n-y-c,Gadget X,9,"$2,150.00","$19,350.00",pending
107177,2026-03-06,Wayne Enterprises,n-y-c,Gadget X,9,"$2,150.00","$19,350.00",pending
107178,Mar 8 2026,Umbrella Ltd,New York,Gadget X,13,"$2,150.00","$27,950.00",Pending
107179,Mar 9 2026,Umbrella Ltd,n-y-c,Gadget X,16,"$2,150.00","$34,400.00",Shipped
107180,2026-03-10,Wayne Enterprises,East,Gadget X,5,"$2,150.00","$10,750.00",shipped
107181,2026-03-11,Wayne Enterprises,East,Widget Pro,22,"$1,234.50","$27,159.00",pending
107182,2026-03-12,Initech,west,Gizmo Mini,29,$45.00,"$1,155.00",pending
107183,Mar 13 2026,Stark Industries,west,Gizmo Mini,4,$45.00,$180.00,pending
107184,2026-03-14,Soylent Co,New York,Widget Lite,3,$89.99,$269.97,shipped
107185,Mar 15 2026,Globex Incorporated,n-y-c,Widget Pro,20,"$1,234.50","$24,690.00",Shipped
107186,2026-03-16,Massive Dynamic,west,Widget Lite,1,$89.99,$89.99,shipped
107187,2026-03-17,Umbrella Ltd,nyc,Widget Lite,,$89.99,"$1,889.79",Shipped
107188,Mar 18 2026,Hooli,East,Widget Pro,16,"$1,234.50","$19,752.00",Shipped
107189,2026-03-19,Massive Dynamic,west,Widget Pro,7,"$1,234.50","$8,641.50",shipped
107189,2026-03-19,Massive Dynamic,west,Widget Pro,7,"$1,234.50","$8,641.50",shipped
107190,2026-03-21,Initech,East,Gadget X,26,"$2,150.00","$55,900.00",shipped
107191,Mar 22 2026,Soylent Co,West,Gizmo Mini,11,$45.00,$495.00,pending
107192,2026-03-23,Acme Corp,n-y-c,Widget Pro,26,"$1,234.50","$32,097.00",pending
107193,24/03/2026,Vehement Capital,New York,Gadget X,26,"$2,150.00","$55,900.00",shipped
107194,2026-03-25,Umbrella Ltd,n-y-c,Gizmo Mini,11,$45.00,$495.00,Shipped
107195,2026-03-26,Hooli,west,Gizmo Mini,7,$45.00,$315.00,shipped
107196,2026-03-27,Hooli,West,Widget Pro,3,"$1,234.50","$3,703.50",pending
107197,Mar 28 2026,Hooli,west,Gizmo Mini,27,$45.00,"$1,215.00",pending
107198,2026-04-01,Stark Industries,East,Gadget X,23,"$2,150.00","$49,450.00",pending
107199,2026-04-02,Initech,west,Gadget X,3,"$2,150.00","$6,450.00",Shipped
107200,2026-04-03,Globex Incorporated,nyc,Gizmo Mini,10,$45.00,$450.00,Shipped
107201,2026-04-04,Massive Dynamic,West,Gadget X,6,"$2,150.00","$12,900.00",Shipped
107202,2026-04-05,Soylent Co,NYC,Widget Lite,22,$89.99,"$1,979.78",SHIPPED
107203,2026-04-06,Massive Dynamic,n-y-c,Gadget X,19,"$2,150.00","$40,850.00",pending
107204,2026-04-07,Wayne Enterprises,West,Gizmo Mini,15,$45.00,$675.00,shipped
107205,2026-04-08,Vehement Capital,West,Widget Pro,21,"$1,234.50","$25,924.50",Pending
107206,13/04/2026,Hooli,East,Widget Lite,24,$89.99,"$2,159.76",SHIPPED
107207,2026-04-10,Hooli,East,Gizmo Mini,21,$45.00,$945.00,Pending
107208,2026-04-11,Globex Incorporated,East,Gizmo Mini,16,$45.00,$720.00,Shipped
107209,2026-04-12,Hooli,New York,Gadget X,17,"$2,150.00","$36,550.00",pending
107210,2026-04-13,Massive Dynamic,West,Widget Lite,15,$89.99,"$1,349.85",pending
107211,14/04/2026,Stark Industries,west,Gadget X,29,"$2,150.00","$62,350.00",Pending
107212,2026-04-15,Vehement Capital,west,Widget Pro,7,"$1,234.50","$8,641.50",Pending
107213,2026-04-16,Soylent Co,n-y-c,Gadget X,16,"$2,150.00","$34,400.00",Pending
107214,2026-04-17,Soylent Co,East,Widget Lite,16,$89.99,"$1,439.84",pending
107215,18/04/2026,Soylent Co,East,Widget Lite,19,$89.99,"$1,709.81",Shipped
107216,2026-04-19,Initech,East,Widget Lite,27,$89.99,"$2,429.73",SHIPPED
107217,2026-04-20,Stark Industries,west,Widget Lite,1,$89.99,$89.99,SHIPPED
107218,2026-04-21,Acme Corp,n-y-c,Widget Pro,12,"$1,234.50","$14,814.00",shipped
107219,2026-04-22,Initech,East,Widget Lite,19,$89.99,"$1,709.81",Shipped
107220,2026-04-23,Massive Dynamic,n-y-c,Gadget X,27,"$2,150.00","$58,050.00",shipped
107221,2026-04-24,Vehement Capital,n-y-c,Gadget X,25,"$2,150.00","$53,750.00",Pending
107222,25/04/2026,Initech,East,Widget Lite,2,$89.99,$179.98,Shipped
107223,2026-04-26,Wayne Enterprises,East,Gizmo Mini,1,$45.00,$45.00,pending
107224,2026-04-27,Wayne Enterprises,west,Widget Lite,25,$89.99,"$2,249.75",Shipped
107225,2026-04-28,Globex Incorporated,East,Gizmo Mini,13,$45.00,$585.00,SHIPPED
107226,2026-03-01,Soylent Co,New York,Widget Lite,3,$89.99,$269.97,pending
107227,Mar 2 2026,Umbrella Ltd,NYC,Widget Lite,30,$89.99,"$2,699.70",Pending
107228,2026-03-03,Stark Industries,west,Widget Lite,6,$89.99,$539.94,pending
107229,2026-03-04,Umbrella Ltd,East,Widget Lite,26,$89.99,"$2,339.74",SHIPPED
107230,2026-03-05,Massive Dynamic,nyc,Gadget X,14,"$2,150.00","$30,100.00",pending
107231,2026-03-06,Acme Corp,West,Widget Lite,26,$89.99,"$2,339.74",Shipped
107232,2026-03-07,Acme Corp,East,Gizmo Mini,17,$45.00,$765.00,pending
107233,13/03/2026,Hooli,East,Widget Pro,17,"$1,234.50","$20,986.50",Shipped
107234,13/03/2026,Soylent Co,West,Gadget X,4,"$2,150.00","$8,600.00",Shipped
107235,2026-03-10,Soylent Co,West,Widget Lite,25,$89.99,"$2,249.75",shipped
107236,2026-03-11,Initech,NYC,Gadget X,4,"$2,150.00","$8,600.00",Shipped
107237,13/03/2026,Acme Corp,East,Gadget X,20,"$2,150.00","$43,000.00",SHIPPED
107238,2026-03-13,Umbrella Ltd,n-y-c,Gizmo Mini,3,$45.00,$135.00,Pending
107239,2026-03-14,Umbrella Ltd,East,Widget Lite,25,$89.99,"$2,249.75",SHIPPED
107240,2026-03-15,Massive Dynamic,East,Gizmo Mini,13,$45.00,$585.00,shipped
107241,2026-03-16,Stark Industries,nyc,Gadget X,26,"$2,150.00","$55,900.00",pending
107242,2026-03-17,Umbrella Ltd,East,Widget Pro,29,"$1,234.50","$35,800.50",SHIPPED
107243,18/03/2026,Acme Corp,west,Gadget X,30,"$2,150.00","$64,500.00",Pending
107244,2026-03-19,Initech,nyc,Widget Pro,4,"$1,234.50","$4,938.00",Pending
107245,Mar 20 2026,Soylent Co,west,Gadget X,7,"$2,150.00","$15,050.00",pending
107246,2026-03-21,Umbrella Ltd,East,Widget Pro,30,"$1,234.50","$37,035.00",Pending
107247,2026-03-22,Soylent Co,East,Gadget X,25,"$2,150.00","$53,750.00",SHIPPED
107248,2026-03-23,Hooli,East,Gadget X,18,"$2,150.00","$38,700.00",shipped
107249,Mar 24 2026,Wayne Enterprises,West,Widget Lite,28,$89.99,"$2,519.72",Shipped
107250,2026-03-25,Globex Incorporated,East,Widget Lite,3,$89.99,$269.97,SHIPPED
107251,2026-03-26,Stark Industries,west,Gadget X,28,"$2,150.00","$60,200.00",Shipped
107252,2026-03-27,Acme Corp,n-y-c,Gizmo Mini,18,$45.00,$810.00,pending
107253,Mar 28 2026,Wayne Enterprises,East,Widget Lite,20,$89.99,"$1,799.80",pending
107254,2026-04-01,Vehement Capital,East,Widget Pro,1,"$1,234.50","$1,234.50",Pending
107255,2026-04-02,,West,Gadget X,25,"$2,150.00","$53,750.00",pending
107256,2026-04-03,Acme Corp,East,Gizmo Mini,11,$45.00,$495.00,pending
107257,13/04/2026,Hooli,West,Widget Lite,16,$89.99,"$1,439.84",Pending
107258,2026-04-05,Acme Corp,East,Gizmo Mini,4,$45.00,$180.00,shipped
107259,13/04/2026,Vehement Capital,New York,Widget Pro,17,"$1,234.50","$20,986.50",pending
107260,2026-04-07,Hooli,n-y-c,Widget Pro,25,"$1,234.50","$30,862.50",pending
107261,13/04/2026,Hooli,west,Gizmo Mini,9,$45.00,$405.00,pending
107262,2026-04-09,Vehement Capital,East,Gizmo Mini,15,$45.00,$675.00,Pending
107263,2026-04-10,Wayne Enterprises,East,Widget Lite,12,$89.99,"$1,079.88",pending
107264,2026-04-11,Massive Dynamic,East,Widget Lite,21,$89.99,"$1,889.79",SHIPPED
107265,2026-04-12,Stark Industries,west,Widget Lite,1,$89.99,$89.99,SHIPPED
107266,2026-04-13,Umbrella Ltd,East,Widget Pro,13,"$1,234.50","$16,048.50",Pending
107267,2026-04-14,Vehement Capital,nyc,Gizmo Mini,3,$45.00,$135.00,Pending
107268,2026-04-15,Acme Corp,nyc,Widget Pro,9,"$1,234.50","$11,110.50",pending
107269,16/04/2026,Hooli,west,Gizmo Mini,23,$45.00,"$1,035.00",pending
107270,2026-04-17,Hooli,East,Gadget X,1,"$2,150.00","$2,150.00",SHIPPED
107271,18/04/2026,Stark Industries,New York,Gadget X,23,"$2,150.00","$49,450.00",SHIPPED
107272,19/04/2026,Wayne Enterprises,East,Widget Lite,18,$89.99,"$1,619.82",pending
107273,2026-04-20,Stark Industries,New York,Widget Lite,1,$89.99,$89.99,Pending
107274,21/04/2026,Massive Dynamic,NYC,Gadget X,1,"$2,150.00","$2,150.00",pending
107275,2026-04-22,Umbrella Ltd,West,Gadget X,12,"$2,150.00","$26,230.00",Pending
107276,23/04/2026,Wayne Enterprises,west,Gizmo Mini,25,$45.00,"$1,125.00",Shipped
107277,2026-04-24,Massive Dynamic,n-y-c,Widget Pro,8,"$1,234.50","$9,876.00",SHIPPED
107278,Apr 25 2026,Vehement Capital,West,Widget Lite,4,$89.99,$359.96,SHIPPED
107279,26/04/2026,Wayne Enterprises,west,Widget Pro,17,"$1,234.50","$20,986.50",pending
107280,2026-04-27,Vehement Capital,East,Widget Lite,25,$89.99,"$2,249.75",Shipped
107281,2026-04-28,Hooli,New York,Gadget X,20,"$2,150.00","$43,000.00",pending
107282,2026-03-01,Stark Industries,NYC,Gizmo Mini,-22,$45.00,-$990.00,cancelled
107283,13/03/2026,Acme Corp,west,Gadget X,9,"$2,150.00","$19,350.00",shipped
107284,2026-03-03,Umbrella Ltd,West,Gizmo Mini,10,$45.00,$450.00,Pending
107285,2026-03-04,Stark Industries,East,Gizmo Mini,14,$45.00,$630.00,SHIPPED
107286,2026-03-05,Vehement Capital,n-y-c,Widget Pro,10,"$1,234.50","$12,345.00",pending
107287,2026-03-06,Initech,n-y-c,Widget Lite,4,$89.99,$359.96,Shipped
107288,2026-03-07,Globex Incorporated,East,Gadget X,1,"$2,150.00","$2,150.00",pending
107289,2026-03-08,Globex Incorporated,n-y-c,Widget Lite,10,$89.99,$899.90,shipped
107290,2026-03-09,Acme Corp,East,Widget Lite,27,$89.99,"$2,429.73",pending
107291,2026-03-10,Soylent Co,West,Widget Pro,17,"$1,234.50","$20,986.50",Pending
107292,2026-03-11,Globex Incorporated,East,Gizmo Mini,24,$45.00,"$1,080.00",SHIPPED
107293,2026-03-12,Stark Industries,NYC,Widget Lite,19,$89.99,"$1,709.81",Shipped
107294,2026-03-13,Acme Corp,East,Gadget X,7,"$2,150.00","$15,050.00",shipped
107295,2026-03-14,Initech,East,Widget Lite,24,$89.99,"$2,159.76",Pending
107296,15/03/2026,Globex Incorporated,n-y-c,Gadget X,15,"$2,150.00","$32,250.00",pending
107297,2026-03-16,Vehement Capital,East,Gadget X,27,"$2,150.00","$58,050.00",Shipped
107298,2026-03-17,Globex Incorporated,East,Widget Lite,24,$89.99,"$2,159.76",shipped
107299,2026-03-18,Massive Dynamic,West,Gadget X,5,"$2,150.00","$10,750.00",pending
107300,2026-03-19,Wayne Enterprises,East,Gizmo Mini,3,$45.00,$135.00,shipped
107301,20/03/2026,Umbrella Ltd,west,Gizmo Mini,25,$45.00,"$1,125.00",shipped
107302,2026-03-21,Stark Industries,West,Widget Pro,16,"$1,234.50","$19,752.00",Pending
107303,2026-03-22,Initech,East,Widget Pro,24,"$1,234.50","$29,628.00",pending
107304,Mar 23 2026,Hooli,East,Gadget X,7,"$2,150.00","$15,050.00",Shipped
107305,2026-03-24,Hooli,East,Widget Lite,1,$89.99,$89.99,SHIPPED
107306,2026-03-25,Initech,west,Gizmo Mini,19,$45.00,$855.00,shipped
107307,2026-03-26,Globex Incorporated,East,Widget Lite,29,$89.99,"$2,609.71",pending
107308,2026-03-27,Vehement Capital,West,Gizmo Mini,26,$45.00,"$1,170.00",pending
107309,2026-03-28,Stark Industries,East,Widget Pro,18,"$1,234.50","$22,221.00",Pending
107310,2026-04-01,Acme Corp,nyc,Gizmo Mini,9,$45.00,$405.00,SHIPPED
107311,13/04/2026,Wayne Enterprises,west,Widget Pro,10,"$1,234.50","$12,345.00",Pending
107312,2026-04-03,Globex Incorporated,East,Widget Pro,18,"$1,234.50","$22,221.00",Shipped
107313,2026-04-04,Wayne Enterprises,East,Gizmo Mini,23,$45.00,"$1,035.00",pending
107314,2026-04-05,Initech,west,Widget Lite,13,$89.99,"$1,169.87",shipped
107315,Apr 6 2026,Hooli,nyc,Gizmo Mini,15,$45.00,$675.00,shipped
107316,2026-04-07,Initech,East,Widget Lite,30,$89.99,"$2,699.70",shipped
107317,2026-04-08,Wayne Enterprises,East,Widget Pro,9,"$1,234.50","$11,110.50",pending
107318,2026-04-09,Massive Dynamic,East,Widget Pro,15,"$1,234.50","$18,517.50",Shipped
107319,2026-04-10,Vehement Capital,East,Gizmo Mini,24,$45.00,"$1,080.00",pending
107320,2026-04-11,Initech,west,Widget Lite,29,$89.99,"$2,609.71",Shipped
107321,13/04/2026,Umbrella Ltd,West,Widget Lite,8,$89.99,$719.92,pending
107322,2026-04-13,Hooli,West,Widget Pro,20,"$1,234.50","$24,690.00",shipped
107323,2026-04-14,Globex Incorporated,East,Gizmo Mini,27,$45.00,"$1,215.00",shipped
107324,2026-04-15,Soylent Co,nyc,Gadget X,20,"$2,150.00","$43,000.00",SHIPPED
107325,2026-04-16,Initech,nyc,Widget Lite,23,$89.99,"$2,069.77",pending
107326,17/04/2026,Stark Industries,west,Gadget X,23,"$2,150.00","$49,450.00",Pending
107327,2026-04-18,Acme Corp,west,Widget Lite,2,$89.99,$179.98,Pending
107328,2026-04-19,Massive Dynamic,NYC,Widget Lite,13,$89.99,"$1,169.87",pending
107329,2026-04-20,Wayne Enterprises,west,Gadget X,7,"$2,150.00","$15,050.00",Pending
107330,2026-04-21,Stark Industries,west,Widget Lite,6,$89.99,$539.94,SHIPPED
107331,2026-04-22,Wayne Enterprises,East,Widget Pro,21,"$1,234.50","$25,924.50",Shipped
107332,2026-04-23,Hooli,West,Gadget X,24,"$2,150.00","$51,600.00",shipped
107333,2026-04-24,Vehement Capital,West,Widget Lite,11,$89.99,$989.89,pending
107334,25/04/2026,Acme Corp,west,Gizmo Mini,27,$45.00,"$1,215.00",SHIPPED
107335,2026-04-26,Hooli,West,Widget Pro,12,"$1,234.50","$14,814.00",Pending
107336,2026-04-27,Hooli,nyc,Widget Lite,9,$89.99,$809.91,pending
107337,2026-04-28,Wayne Enterprises,New York,Widget Lite,7,$89.99,$629.93,pending
107338,2026-03-01,Massive Dynamic,East,Widget Pro,28,"$1,234.50","$34,566.00",pending
107339,2026-03-02,Soylent Co,East,Widget Lite,28,$89.99,"$2,519.72",pending
107340,2026-03-03,Hooli,East,Widget Lite,5,$89.99,$449.95,Shipped
107341,13/03/2026,Hooli,West,Gizmo Mini,27,$45.00,"$1,215.00",Pending
107342,2026-03-05,Massive Dynamic,East,Gadget X,3,"$2,150.00","$6,450.00",Pending
107343,2026-03-06,Hooli,nyc,Gadget X,23,"$2,150.00","$49,450.00",shipped
107343,2026-03-06, Hooli ,NYC,Gadget X,23,"$2,150.00","$49,450.00",shipped
107344,2026-03-08,Hooli,West,Widget Pro,11,"$1,234.50","$13,579.50",shipped
107345,13/03/2026,Acme Corp,East,Gadget X,28,"$2,150.00","$60,200.00",shipped
107346,2026-03-10,Stark Industries,west,Gadget X,3,"$2,150.00","$6,450.00",Shipped
107347,2026-03-11,Vehement Capital,n-y-c,Gizmo Mini,18,$45.00,$810.00,Pending
107348,2026-03-12,Vehement Capital,n-y-c,Widget Lite,12,$89.99,"$1,079.88",pending
107349,2026-03-13,Hooli,West,Gizmo Mini,16,$45.00,$720.00,shipped
107350,2026-03-14,Initech,west,Gadget X,17,"$2,150.00","$36,550.00",pending
107351,2026-03-15,Stark Industries,East,Widget Pro,6,"$1,234.50","$7,407.00",Pending
107352,16/03/2026,Stark Industries,West,Gadget X,27,"$2,150.00","$58,050.00",shipped
107353,2026-03-17,Initech,New York,Widget Pro,21,"$1,234.50","$25,924.50",Shipped
107354,2026-03-18,Umbrella Ltd,n-y-c,Widget Pro,1,"$1,234.50","$1,234.50",shipped
107355,Mar 19 2026,Acme Corp,West,Gizmo Mini,13,$45.00,$585.00,Pending
107356,20/03/2026,Stark Industries,nyc,Gadget X,14,"$2,150.00","$30,100.00",shipped
107357,Mar 21 2026,Umbrella Ltd,n-y-c,Widget Lite,10,$89.99,$899.90,shipped
107358,2026-03-22,Hooli,nyc,Widget Lite,13,$89.99,"$1,169.87",pending
107359,2026-03-23,Soylent Co,New York,Gadget X,19,"$2,150.00","$40,850.00",shipped
107360,2026-03-24,Acme Corp,East,Gizmo Mini,23,$45.00,"$1,035.00",Shipped
107361,2026-03-25,Hooli,East,Gadget X,16,"$2,150.00","$34,400.00",SHIPPED
107362,2026-03-26,Vehement Capital,East,Gizmo Mini,27,$45.00,"$1,215.00",shipped
107363,Mar 27 2026,Acme Corp,n-y-c,Gizmo Mini,27,$45.00,"$1,215.00",SHIPPED
107364,28/03/2026,Stark Industries,West,Gadget X,17,"$2,150.00","$36,550.00",shipped
107365,13/04/2026,Stark Industries,East,Gadget X,18,"$2,150.00","$38,700.00",pending
107366,2026-04-02,Vehement Capital,n-y-c,Gadget X,25,"$2,150.00","$53,750.00",Pending
107367,13/04/2026,Soylent Co,East,Gizmo Mini,17,$45.00,$765.00,pending
107368,2026-04-04,Umbrella Ltd,East,Gizmo Mini,4,$45.00,$180.00,shipped
107369,13/04/2026,Soylent Co,West,Gizmo Mini,11,$45.00,$495.00,Shipped
107370,Apr 6 2026,Stark Industries,NYC,Widget Pro,18,"$1,234.50","$22,221.00",Pending
107371,2026-04-07,Hooli,West,Widget Lite,5,$89.99,$449.95,Pending
107372,2026-04-08,Massive Dynamic,n-y-c,Widget Lite,12,$89.99,"$1,079.88",shipped
107373,2026-04-09,Vehement Capital,East,Gadget X,9,"$2,150.00","$19,350.00",Pending
107374,2026-04-10,Hooli,West,Gadget X,22,"$2,150.00","$47,300.00",Pending
107375,2026-04-11,Acme Corp,East,Widget Pro,10,"$1,234.50","$12,345.00",Shipped
107376,2026-04-12,Wayne Enterprises,NYC,Widget Pro,5,"$1,234.50","$6,172.50",pending
107377,Apr 13 2026,Globex Incorporated,NYC,Gizmo Mini,23,$45.00,"$1,035.00",Pending
107378,2026-04-14,Wayne Enterprises,west,Widget Pro,8,"$1,234.50","$9,876.00",pending
107379,Apr 15 2026,Soylent Co,East,Gizmo Mini,11,$45.00,$495.00,pending
107380,Apr 16 2026,Wayne Enterprises,west,Widget Lite,18,$89.99,"$1,619.82",Pending
107381,2026-04-17,Hooli,n-y-c,Gadget X,24,"$2,150.00","$51,600.00",SHIPPED
107382,18/04/2026,Umbrella Ltd,nyc,Gizmo Mini,11,$45.00,$495.00,Pending
107383,2026-04-19,Initech,n-y-c,Gadget X,3,"$2,150.00","$6,450.00",pending
107384,2026-04-20,Umbrella Ltd,n-y-c,Widget Lite,15,$89.99,"$1,349.85",pending
107385,2026-04-21,Massive Dynamic,East,Widget Lite,1,$89.99,$89.99,Pending
107386,2026-04-22,Stark Industries,New York,Gizmo Mini,18,$45.00,$810.00,Pending
107387,2026-04-23,Acme Corp,nyc,Gizmo Mini,6,$45.00,$270.00,Shipped
107388,2026-04-24,Wayne Enterprises,East,Widget Pro,21,"$1,234.50","$25,924.50",Shipped
107389,25/04/2026,Soylent Co,west,Widget Pro,27,"$1,234.50","$33,331.50",SHIPPED
107390,2026-04-26,Wayne Enterprises,nyc,Gadget X,10,"$2,150.00","$21,500.00",Shipped
107391,2026-04-27,Massive Dynamic,NYC,Widget Pro,12,"$1,234.50","$14,814.00",pending
107392,2026-04-28,Umbrella Ltd,West,Gadget X,30,"$2,150.00","$64,500.00",SHIPPED
107393,2026-03-01,Stark Industries,n-y-c,Gadget X,30,"$2,150.00","$64,500.00",pending
107394,2026-03-02,Massive Dynamic,West,Widget Pro,14,"$1,234.50","$17,283.00",SHIPPED
107395,2026-03-03,Hooli,West,Widget Lite,23,$89.99,"$2,069.77",shipped
107396,2026-03-04,Initech,East,Widget Lite,2,$89.99,$179.98,SHIPPED
107397,2026-03-05,Umbrella Ltd,west,Widget Lite,10,$89.99,$899.90,Shipped
107398,Mar 6 2026,Massive Dynamic,East,Widget Pro,28,"$1,234.50","$34,566.00",SHIPPED
107399,2026-03-07,Acme Corp,West,Widget Pro,15,"$1,234.50","$18,517.50",SHIPPED
107400,2026-03-08,Stark Industries,NYC,Gizmo Mini,2,$45.00,$90.00,shipped
107401,2026-03-09,Acme Corp,West,Widget Pro,12,"$1,234.50","$14,814.00",shipped
107402,2026-03-10,Soylent Co,West,Widget Lite,4,$89.99,$359.96,pending
107403,13/03/2026,Wayne Enterprises,NYC,Gadget X,18,"$2,150.00","$38,700.00",SHIPPED
107404,2026-03-12,Globex Incorporated,n-y-c,Widget Pro,26,"$1,234.50","$32,097.00",Pending
107405,2026-03-13,Massive Dynamic,West,Widget Pro,8,"$1,234.50","$9,876.00",shipped
107406,2026-03-14,Wayne Enterprises,West,Gizmo Mini,7,$45.00,$315.00,SHIPPED
107407,2026-03-15,Initech,n-y-c,Widget Pro,1,"$1,234.50","$1,234.50",Pending
107408,2026-03-16,Stark Industries,West,Gadget X,14,"$2,150.00","$30,100.00",Pending
107409,2026-03-17,Soylent Co,East,Widget Lite,30,$89.99,"$2,699.70",SHIPPED
107410,2026-03-18,Vehement Capital,New York,Gizmo Mini,21,$45.00,$945.00,SHIPPED
107411,Mar 19 2026,Hooli,west,Gadget X,17,"$2,150.00","$36,550.00",Pending
107412,2026-03-20,Initech,East,Gizmo Mini,22,$45.00,$990.00,shipped
107413,2026-03-21,Soylent Co,East,Widget Lite,19,$89.99,"$1,709.81",Pending
107414,2026-03-22,Acme Corp,nyc,Gadget X,15,"$2,150.00","$32,250.00",Shipped
107415,23/03/2026,Initech,New York,Gizmo Mini,11,$45.00,$495.00,shipped
107416,2026-03-24,Wayne Enterprises,nyc,Gadget X,9,"$2,150.00","$19,350.00",SHIPPED
107417,2026-03-25,Globex Incorporated,New York,Widget Lite,17,$89.99,"$1,529.83",Pending
107418,2026-03-26,Soylent Co,nyc,Gadget X,30,"$2,150.00","$64,500.00",Shipped
107419,2026-03-27,Massive Dynamic,n-y-c,Gizmo Mini,24,$45.00,"$1,080.00",shipped
107420,2026-03-28,Vehement Capital,West,Widget Pro,30,"$1,234.50","$37,035.00",shipped
107421,13/04/2026,Soylent Co,East,Widget Lite,30,$89.99,"$2,699.70",Shipped
107422,2026-04-02,Hooli,nyc,Gadget X,22,"$2,150.00","$47,300.00",shipped
107423,13/04/2026,Massive Dynamic,West,Gadget X,24,"$2,150.00","$51,600.00",Pending
107424,Apr 4 2026,Initech,nyc,Gadget X,30,"$2,150.00","$64,500.00",Shipped
107425,13/04/2026,Massive Dynamic,East,Widget Lite,12,$89.99,"$1,079.88",shipped
107426,2026-04-06,Acme Corp,NYC,Widget Pro,27,"$1,234.50","$33,331.50",shipped
107427,2026-04-07,Vehement Capital,East,Gizmo Mini,29,$45.00,"$1,305.00",Shipped
107428,2026-04-08,Hooli,West,Widget Lite,30,$89.99,"$2,699.70",SHIPPED
107429,2026-04-09,Umbrella Ltd,n-y-c,Gadget X,4,"$2,150.00","$8,600.00",Shipped
107430,2026-04-10,Umbrella Ltd,NYC,Gadget X,24,"$2,150.00","$51,600.00",Shipped
107431,2026-04-11,Hooli,East,Gizmo Mini,23,$45.00,"$1,035.00",Pending
107432,2026-04-12,Wayne Enterprises,west,Widget Pro,10,"$1,234.50","$12,345.00",shipped
107433,2026-04-13,Globex Incorporated,west,Gadget X,25,"$2,150.00","$53,750.00",Pending
107434,14/04/2026,Acme Corp,n-y-c,Gadget X,9,"$2,150.00","$19,350.00",shipped
107435,15/04/2026,Stark Industries,west,Widget Pro,22,"$1,234.50","$27,159.00",Pending
107436,2026-04-16,Hooli,East,Gadget X,16,"$2,150.00","$34,400.00",pending
107437,2026-04-17,Stark Industries,East,Widget Pro,22,"$1,234.50","$27,159.00",pending
107438,2026-04-18,Wayne Enterprises,west,Widget Lite,22,$89.99,"$1,979.78",shipped
107439,2026-04-19,Vehement Capital,East,Widget Pro,22,"$1,234.50","$27,159.00",pending
107440,2026-04-20,Vehement Capital,west,Gizmo Mini,26,$45.00,"$1,170.00",pending
107441,2026-04-21,Umbrella Ltd,East,Gizmo Mini,25,$45.00,"$1,125.00",Shipped
107442,22/04/2026,Initech,East,Gizmo Mini,2,$45.00,$90.00,pending
107443,Apr 23 2026,Soylent Co,East,Widget Pro,13,"$1,234.50","$16,048.50",SHIPPED
107444,2026-04-24,Wayne Enterprises,West,Gadget X,9,"$2,150.00","$19,350.00",SHIPPED
107445,Apr 25 2026,Stark Industries,East,Widget Lite,23,$89.99,"$2,069.77",Pending
107446,2026-04-26,Vehement Capital,nyc,Widget Pro,14,"$1,234.50","$17,283.00",Pending
107447,27/04/2026,Stark Industries,West,Gadget X,14,"$2,150.00","$30,100.00",Shipped
107448,2026-04-28,Initech,n-y-c,Widget Pro,24,"$1,234.50","$29,628.00",Shipped
107449,2026-03-01,Vehement Capital,East,Widget Lite,17,$89.99,"$1,529.83",pending
107450,2026-03-02,Massive Dynamic,East,Widget Pro,11,"$1,234.50","$13,579.50",pending
107451,2026-03-03,Umbrella Ltd,NYC,Gadget X,10,"$2,150.00","$21,500.00",Pending
107452,2026-03-04,Hooli,East,Gadget X,20,"$2,150.00","$43,000.00",SHIPPED
107453,13/03/2026,Initech,New York,Gizmo Mini,24,$45.00,"$1,080.00",SHIPPED
107454,13/03/2026,Acme Corp,n-y-c,Gadget X,6,"$2,150.00","$12,900.00",shipped
107455,2026-03-07,Acme Corp,New York,Widget Pro,30,"$1,234.50","$37,035.00",Shipped
107456,2026-03-08,Initech,NYC,Widget Lite,11,$89.99,$989.89,pending
107457,Mar 9 2026,Stark Industries,nyc,Widget Lite,23,$89.99,"$2,069.77",pending
107458,Mar 10 2026,Acme Corp,New York,Widget Lite,18,$89.99,"$1,619.82",SHIPPED
107459,13/03/2026,Vehement Capital,West,Gadget X,13,"$2,150.00","$27,950.00",pending
107460,2026-03-12,Initech,East,Gizmo Mini,3,$45.00,$135.00,Shipped
107461,2026-03-13,Wayne Enterprises,East,Widget Pro,26,"$1,234.50","$32,097.00",shipped
107462,2026-03-14,Globex Incorporated,NYC,Gadget X,8,"$2,150.00","$17,200.00",Pending
107463,Mar 15 2026,Soylent Co,West,Gadget X,18,"$2,150.00","$38,700.00",Pending
107464,Mar 16 2026,Massive Dynamic,East,Gizmo Mini,21,$45.00,$945.00,SHIPPED
107465,2026-03-17,Vehement Capital,New York,Widget Lite,22,$89.99,"$1,979.78",Pending
107466,18/03/2026,Hooli,New York,Gizmo Mini,19,$45.00,$855.00,pending
107467,2026-03-19,Wayne Enterprises,East,Widget Pro,14,"$1,234.50","$17,283.00",SHIPPED
107468,2026-03-20,Umbrella Ltd,west,Gadget X,23,"$2,150.00","$49,450.00",pending
107469,2026-03-21,Acme Corp,west,Gadget X,15,"$2,150.00","$32,250.00",Pending
107470,2026-03-22,Hooli,n-y-c,Gadget X,29,"$2,150.00","$62,350.00",shipped
107471,2026-03-23,Soylent Co,NYC,Gizmo Mini,27,$45.00,"$1,215.00",Pending
107472,24/03/2026,Vehement Capital,west,Widget Lite,25,$89.99,"$2,249.75",shipped
107473,25/03/2026,Vehement Capital,west,Widget Pro,12,"$1,234.50","$14,814.00",Shipped
107474,Mar 26 2026,Massive Dynamic,west,Widget Lite,9,$89.99,$809.91,Shipped
107475,2026-03-27,Massive Dynamic,n-y-c,Gizmo Mini,14,$45.00,$630.00,Pending
107476,Mar 28 2026,Stark Industries,East,Widget Pro,27,"$1,234.50","$33,331.50",Pending
107477,13/04/2026,Globex Incorporated,n-y-c,Widget Pro,19,"$1,234.50","$23,455.50",SHIPPED
107478,2026-04-02,Massive Dynamic,NYC,Widget Pro,23,"$1,234.50","$28,393.50",pending
107479,13/04/2026,Vehement Capital,East,Gizmo Mini,22,$45.00,$990.00,pending
107480,13/04/2026,Initech,West,Widget Pro,25,"$1,234.50","$30,862.50",Pending
107481,2026-04-05,Acme Corp,west,Gadget X,4,"$2,150.00","$8,600.00",Pending
107482,2026-04-06,Hooli,NYC,Gadget X,5,"$2,150.00","$10,750.00",Shipped
107483,2026-04-07,Vehement Capital,New York,Gizmo Mini,22,$45.00,$990.00,Shipped
107484,2026-04-08,Stark Industries,East,Widget Pro,17,"$1,234.50","$20,986.50",Shipped
107485,2026-04-09,Soylent Co,East,Gadget X,1,"$2,150.00","$2,150.00",Shipped
107486,2026-04-10,Initech,West,Gadget X,5,"$2,150.00","$10,750.00",Shipped
107487,2026-04-11,Umbrella Ltd,East,Gizmo Mini,30,$45.00,"$1,350.00",pending
107488,2026-04-12,Stark Industries,East,Widget Lite,20,$89.99,"$1,799.80",shipped
107489,2026-04-13,Initech,nyc,Widget Lite,16,$89.99,"$1,439.84",shipped
107490,2026-04-14,Soylent Co,East,Gizmo Mini,4,$45.00,$180.00,Pending
107491,2026-04-15,Massive Dynamic,East,Widget Lite,3,$89.99,$269.97,Pending
107492,16/04/2026,Acme Corp,n-y-c,Gadget X,7,"$2,150.00","$15,050.00",pending
107493,2026-04-17,Wayne Enterprises,East,Gizmo Mini,15,$45.00,$675.00,SHIPPED
107494,18/04/2026,Initech,n-y-c,Widget Lite,4,$89.99,$359.96,Shipped
107495,Apr 19 2026,Massive Dynamic,nyc,Widget Pro,18,"$1,234.50","$22,221.00",Pending
107496,20/04/2026,Soylent Co,New York,Gizmo Mini,2,$45.00,$90.00,SHIPPED
107497,Apr 21 2026,Initech,west,Gadget X,17,"$2,150.00","$36,550.00",Pending
107498,2026-04-22,Hooli,West,Widget Lite,5,$89.99,$449.95,shipped
107499,23/04/2026,Soylent Co,West,Gadget X,25,"$2,150.00","$53,750.00",SHIPPED
107500,24/04/2026,Initech,New York,Widget Pro,8,"$1,234.50","$9,876.00",shipped
107501,2026-04-25,Soylent Co,n-y-c,Gizmo Mini,9,$45.00,$405.00,pending
107502,2026-04-26,Hooli,West,Widget Pro,14,"$1,234.50","$17,283.00",Pending
107503,27/04/2026,Massive Dynamic,East,Gizmo Mini,13,$45.00,$585.00,Pending
107504,2026-04-28,Umbrella Ltd,West,Gadget X,13,"$2,150.00","$27,950.00",Pending
107505,2026-03-01,Hooli,west,Widget Pro,3,"$1,234.50","$3,703.50",shipped
107506,2026-03-02,Initech,East,Widget Pro,13,"$1,234.50","$16,048.50",SHIPPED
107507,2026-03-03,Massive Dynamic,NYC,Widget Pro,6,"$1,234.50","$7,407.00",shipped
107508,2026-03-04,Acme Corp,West,Gadget X,7,"$2,150.00","$15,050.00",pending
107509,2026-03-05,Initech,East,Gadget X,5,"$2,150.00","$10,750.00",SHIPPED
107510,2026-03-06,Wayne Enterprises,East,Widget Lite,3,$89.99,$269.97,shipped
107511,2026-03-07,Globex Incorporated,East,Widget Pro,-23,"$1,234.50","-$28,393.50",cancelled
107512,2026-03-08,Vehement Capital,n-y-c,Gadget X,7,"$2,150.00","$15,050.00",pending
107513,13/03/2026,Wayne Enterprises,East,Widget Lite,11,$89.99,$989.89,Pending
107514,2026-03-10,Massive Dynamic,west,Gizmo Mini,5,$45.00,$225.00,pending
107515,2026-03-11,Vehement Capital,west,Gizmo Mini,18,$45.00,$810.00,pending
107516,2026-03-12,Globex Incorporated,n-y-c,Gizmo Mini,7,$45.00,$315.00,Pending
107517,Mar 13 2026,Wayne Enterprises,nyc,Widget Lite,11,$89.99,$989.89,pending
107518,2026-03-14,Vehement Capital,New York,Gizmo Mini,30,$45.00,"$1,350.00",pending
107519,2026-03-15,Massive Dynamic,nyc,Widget Pro,13,"$1,234.50","$16,048.50",Shipped
107520,2026-03-16,Massive Dynamic,west,Gadget X,28,"$2,150.00","$60,200.00",Pending
107521,Mar 17 2026,Stark Industries,nyc,Gadget X,14,"$2,150.00","$30,100.00",Pending
107522,2026-03-18,Wayne Enterprises,west,Gizmo Mini,29,$45.00,"$1,305.00",SHIPPED
107523,2026-03-19,Soylent Co,West,Widget Lite,25,$89.99,"$2,249.75",pending
107524,20/03/2026,Umbrella Ltd,East,Widget Lite,18,$89.99,"$1,619.82",SHIPPED
107525,21/03/2026,,n-y-c,Gadget X,15,"$2,150.00","$32,250.00",Shipped
107526,2026-03-22,Massive Dynamic,East,Widget Lite,28,$89.99,"$2,519.72",SHIPPED
107527,2026-03-23,Umbrella Ltd,East,Gadget X,27,"$2,150.00","$58,050.00",pending
107528,2026-03-24,Soylent Co,East,Gadget X,19,"$2,150.00","$40,850.00",Shipped
107529,Mar 25 2026,Globex Incorporated,East,Widget Pro,4,"$1,234.50","$4,938.00",pending
107530,Mar 26 2026,Wayne Enterprises,East,Widget Pro,4,"$1,234.50","$4,938.00",pending
107531,2026-03-27,Soylent Co,New York,Gizmo Mini,29,$45.00,"$1,305.00",shipped
107532,2026-03-28,Initech,nyc,Widget Lite,18,$89.99,"$1,619.82",pending
107533,Apr 1 2026,Stark Industries,NYC,Gizmo Mini,20,$45.00,$900.00,Pending
107534,2026-04-02,Wayne Enterprises,New York,Widget Pro,8,"$1,234.50","$9,876.00",SHIPPED
107535,2026-04-03,Globex Incorporated,n-y-c,Gizmo Mini,16,$45.00,$720.00,Pending
107536,Apr 4 2026,Massive Dynamic,n-y-c,Widget Lite,17,$89.99,"$1,529.83",SHIPPED
107537,13/04/2026,Stark Industries,East,Gadget X,23,"$2,150.00","$49,450.00",Pending
107538,13/04/2026,Globex Incorporated,west,Widget Pro,29,"$1,234.50","$35,800.50",Shipped
107539,2026-04-07,Stark Industries,nyc,Widget Pro,13,"$1,234.50","$16,048.50",shipped
107540,2026-04-08,Stark Industries,New York,Gizmo Mini,21,$45.00,$945.00,Pending
107541,2026-04-09,Initech,west,Gadget X,11,"$2,150.00","$23,650.00",shipped
107542,2026-04-10,Massive Dynamic,n-y-c,Gadget X,27,"$2,150.00","$58,050.00",Pending
107543,13/04/2026,Umbrella Ltd,NYC,Gizmo Mini,12,$45.00,$540.00,Pending
107544,Apr 12 2026,Stark Industries,West,Widget Pro,10,"$1,234.50","$12,345.00",pending
107545,2026-04-13,Soylent Co,East,Gadget X,15,"$2,150.00","$32,250.00",Shipped
107546,14/04/2026,Soylent Co,West,Gadget X,7,"$2,150.00","$15,050.00",SHIPPED
107547,15/04/2026,Soylent Co,East,Gadget X,10,"$2,150.00","$21,500.00",pending
107548,2026-04-16,Umbrella Ltd,west,Widget Pro,15,"$1,234.50","$18,517.50",SHIPPED
107549,2026-04-17,Massive Dynamic,East,Widget Lite,24,$89.99,"$2,159.76",pending
107550,2026-04-18,,East,Widget Lite,28,$89.99,"$2,519.72",Pending
107551,2026-04-19,Acme Corp,East,Gadget X,13,"$2,150.00","$27,950.00",pending
107552,2026-04-20,Stark Industries,New York,Gadget X,7,"$2,150.00","$15,050.00",Pending
107553,2026-04-21,Umbrella Ltd,East,Gadget X,5,"$2,150.00","$10,750.00",Pending
107554,2026-04-22,Globex Incorporated,nyc,Gizmo Mini,10,$45.00,$450.00,pending
107555,2026-04-23,Massive Dynamic,East,Gizmo Mini,11,$45.00,$495.00,shipped
107556,24/04/2026,Initech,East,Gizmo Mini,17,$45.00,$765.00,shipped
107557,2026-04-25,Acme Corp,East,Widget Lite,5,$89.99,$449.95,Pending
107558,2026-04-26,Acme Corp,n-y-c,Widget Pro,8,"$1,234.50","$9,876.00",Pending
107559,2026-04-27,Acme Corp,NYC,Widget Lite,12,$89.99,"$1,079.88",pending
107560,2026-04-28,Hooli,East,Gizmo Mini,22,$45.00,$990.00,Pending
107561,2026-03-01,Acme Corp,west,Widget Lite,18,$89.99,"$1,619.82",Pending
107562,2026-03-02,Acme Corp,NYC,Widget Lite,30,$89.99,"$2,699.70",shipped
107563,2026-03-03,Wayne Enterprises,nyc,Widget Pro,7,"$1,234.50","$8,641.50",Shipped
107564,2026-03-04,,west,Widget Pro,14,"$1,234.50","$17,283.00",shipped
107565,Mar 5 2026,Wayne Enterprises,West,Widget Pro,11,"$1,234.50","$13,579.50",Shipped
107566,2026-03-06,Initech,West,Widget Lite,1,$89.99,$89.99,Shipped
107567,Mar 7 2026,Globex Incorporated,East,Gizmo Mini,7,$45.00,$315.00,pending
107568,2026-03-08,Hooli,East,Widget Pro,25,"$1,234.50","$30,862.50",Pending
107569,13/03/2026,Massive Dynamic,East,Widget Pro,24,"$1,234.50","$29,628.00",SHIPPED
107570,13/03/2026,Hooli,East,Gizmo Mini,18,$45.00,$810.00,shipped
107571,2026-03-11,Umbrella Ltd,New York,Widget Pro,18,"$1,234.50","$22,221.00",shipped
107572,Mar 12 2026,Soylent Co,west,Gizmo Mini,22,$45.00,$990.00,SHIPPED
107573,2026-03-13,Vehement Capital,East,Gadget X,9,"$2,150.00","$19,550.00",shipped
107574,Mar 14 2026,Initech,East,Widget Lite,15,$89.99,"$1,349.85",Pending
107575,15/03/2026,Wayne Enterprises,West,Widget Lite,22,$89.99,"$1,979.78",Pending
107576,16/03/2026,Vehement Capital,nyc,Widget Lite,21,$89.99,"$1,889.79",Shipped
107577,2026-03-17,Initech,West,Gizmo Mini,27,$45.00,"$1,215.00",shipped
107578,2026-03-18,Umbrella Ltd,NYC,Gadget X,28,"$2,150.00","$60,200.00",pending
107579,2026-03-19,Umbrella Ltd,East,Gadget X,23,"$2,150.00","$49,450.00",Pending
107580,20/03/2026,Soylent Co,west,Gadget X,20,"$2,150.00","$43,000.00",Pending
107581,2026-03-21,Massive Dynamic,west,Gadget X,17,"$2,150.00","$36,550.00",pending
107582,2026-03-22,Soylent Co,East,Gadget X,26,"$2,150.00","$55,900.00",Shipped
107583,2026-03-23,Soylent Co,west,Gizmo Mini,3,$45.00,$135.00,pending
107584,2026-03-24,Soylent Co,West,Widget Lite,2,$89.99,$179.98,Shipped
107585,2026-03-25,Soylent Co,NYC,Gizmo Mini,5,$45.00,$225.00,shipped
107586,2026-03-26,Wayne Enterprises,NYC,Gadget X,13,"$2,150.00","$27,950.00",pending
107587,2026-03-27,Soylent Co,nyc,Gizmo Mini,7,$45.00,$315.00,shipped
107588,Mar 28 2026,,East,Gadget X,5,"$2,150.00","$10,750.00",pending
107589,2026-04-01,Wayne Enterprises,East,Gizmo Mini,18,$45.00,$810.00,Shipped
107590,13/04/2026,Globex Incorporated,n-y-c,Widget Lite,27,$89.99,"$2,429.73",pending
107591,2026-04-03,Stark Industries,NYC,Gizmo Mini,3,$45.00,$135.00,shipped
107592,2026-04-04,Initech,West,Gadget X,24,"$2,150.00","$51,600.00",Shipped
107593,2026-04-05,,nyc,Widget Lite,3,$89.99,$269.97,shipped
107594,2026-04-06,Massive Dynamic,west,Gadget X,15,"$2,150.00","$32,250.00",Pending
107595,2026-04-07,Soylent Co,East,Gizmo Mini,15,$45.00,$675.00,pending
107596,2026-04-08,Acme Corp,West,Widget Pro,26,"$1,234.50","$32,097.00",Pending
107597,2026-04-09,Umbrella Ltd,New York,Gadget X,18,"$2,150.00","$38,700.00",Shipped
107598,13/04/2026,Globex Incorporated,East,Widget Pro,2,"$1,234.50","$2,469.00",Pending
107599,2026-04-11,Wayne Enterprises,n-y-c,Widget Lite,29,$89.99,"$2,609.71",shipped
107600,2026-04-12,Vehement Capital,n-y-c,Gizmo Mini,27,$45.00,"$1,215.00",Pending
107601,2026-04-13,Initech,NYC,Gizmo Mini,18,$45.00,$810.00,shipped
107602,Apr 14 2026,Umbrella Ltd,NYC,Widget Pro,3,"$1,234.50","$3,703.50",Shipped
107603,2026-04-15,Initech,West,Widget Pro,11,"$1,234.50","$13,579.50",pending
107604,16/04/2026,Globex Incorporated,n-y-c,Gadget X,21,"$2,150.00","$45,150.00",shipped
107605,2026-04-17,Vehement Capital,East,Widget Pro,10,"$1,234.50","$12,345.00",Pending
107606,2026-04-18,Stark Industries,nyc,Gizmo Mini,30,$45.00,"$1,350.00",Shipped
107607,2026-04-19,Initech,n-y-c,Widget Lite,23,$89.99,"$2,069.77",Shipped
107608,20/04/2026,Globex Incorporated,East,Gizmo Mini,6,$45.00,$270.00,SHIPPED
107609,2026-04-21,Stark Industries,n-y-c,Widget Lite,30,$89.99,"$2,699.70",Pending
107610,2026-04-22,Soylent Co,New York,Gadget X,22,"$2,150.00","$47,300.00",Shipped
107611,2026-04-23,Initech,New York,Gizmo Mini,7,$45.00,$315.00,Pending
107612,2026-04-24,Massive Dynamic,nyc,Gizmo Mini,1,$45.00,$45.00,Pending
107613,2026-04-25,Massive Dynamic,west,Widget Pro,23,"$1,234.50","$28,393.50",SHIPPED
107614,2026-04-26,Massive Dynamic,west,Widget Pro,29,"$1,234.50","$35,800.50",Pending
107615,2026-04-27,Wayne Enterprises,west,Widget Lite,28,$89.99,"$2,519.72",shipped
107616,2026-04-28,Acme Corp,East,Gizmo Mini,30,$45.00,"$1,350.00",Pending
107617,2026-03-01,Acme Corp,East,Widget Lite,25,$89.99,"$2,249.75",pending
107618,2026-03-02,Acme Corp,East,Gizmo Mini,11,$45.00,$495.00,Pending
107619,2026-03-03,Massive Dynamic,nyc,Widget Pro,29,"$1,234.50","$35,800.50",Pending
107620,2026-03-04,Initech,East,Widget Pro,17,"$1,234.50","$20,986.50",Pending
107621,2026-03-05,Initech,East,Widget Lite,29,$89.99,"$2,609.71",pending
107622,2026-03-06,Wayne Enterprises,West,Widget Pro,27,"$1,234.50","$33,331.50",pending
107623,2026-03-07,Acme Corp,East,Widget Pro,12,"$1,234.50","$14,814.00",Pending
107624,2026-03-08,Acme Corp,nyc,Widget Pro,18,"$1,234.50","$22,221.00",shipped
107625,2026-03-09,Hooli,nyc,Gizmo Mini,4,$45.00,$180.00,shipped
107626,13/03/2026,Soylent Co,n-y-c,Widget Lite,22,$89.99,"$1,979.78",Shipped
107627,2026-03-11,Vehement Capital,East,Widget Pro,16,"$1,234.50","$19,752.00",Pending
107628,2026-03-12,Initech,East,Widget Pro,11,"$1,234.50","$13,579.50",Pending
107629,2026-03-13,Vehement Capital,west,Widget Lite,18,$89.99,"$1,619.82",SHIPPED
107630,Mar 14 2026,Hooli,East,Widget Pro,8,"$1,234.50","$9,876.00",Shipped
107631,2026-03-15,Hooli,New York,Widget Lite,9,$89.99,$809.91,pending
107632,2026-03-16,Wayne Enterprises,West,Gizmo Mini,17,$45.00,$765.00,SHIPPED
107633,17/03/2026,Umbrella Ltd,west,Gadget X,15,"$2,150.00","$32,250.00",Pending
107634,18/03/2026,Globex Incorporated,East,Gadget X,27,"$2,150.00","$58,050.00",SHIPPED
107635,19/03/2026,Soylent Co,west,Widget Lite,24,$89.99,"$2,159.76",SHIPPED
107636,2026-03-20,,nyc,Gadget X,21,"$2,150.00","$45,150.00",SHIPPED
107637,21/03/2026,Massive Dynamic,NYC,Widget Lite,19,$89.99,"$1,709.81",Pending
107638,2026-03-22,Acme Corp,East,Widget Lite,24,$89.99,"$2,159.76",SHIPPED
107639,2026-03-23,Massive Dynamic,West,Widget Lite,26,$89.99,"$2,339.74",SHIPPED
107640,2026-03-24,Stark Industries,New York,Widget Lite,15,$89.99,"$1,349.85",SHIPPED
107641,2026-03-25,Globex Incorporated,East,Gadget X,18,"$2,150.00","$38,700.00",Pending
107642,2026-03-26,Stark Industries,East,Gadget X,10,"$2,150.00","$21,500.00",pending
107643,2026-03-27,Stark Industries,New York,Widget Lite,10,$89.99,$899.90,SHIPPED
107644,2026-03-28,Vehement Capital,East,Widget Lite,7,$89.99,$629.93,pending
107645,Apr 1 2026,Acme Corp,nyc,Gadget X,13,"$2,150.00","$27,950.00",Pending
107646,2026-04-02,Acme Corp,East,Widget Pro,16,"$1,234.50","$19,752.00",Shipped
107647,2026-04-03,Soylent Co,New York,Gizmo Mini,4,$45.00,$180.00,Shipped
107648,13/04/2026,Stark Industries,East,Widget Lite,24,$89.99,"$2,159.76",Shipped
107649,13/04/2026,Initech,East,Gizmo Mini,23,$45.00,"$1,035.00",Pending
107650,Apr 6 2026,Soylent Co,n-y-c,Gadget X,9,"$2,150.00","$19,350.00",shipped
107651,2026-04-07,Vehement Capital,East,Gadget X,16,"$2,150.00","$34,400.00",pending
107652,2026-04-08,Soylent Co,west,Gadget X,14,"$2,150.00","$30,100.00",pending
107653,2026-04-09,Vehement Capital,n-y-c,Gizmo Mini,24,$45.00,"$1,080.00",Shipped
107654,13/04/2026,Massive Dynamic,nyc,Gizmo Mini,15,$45.00,$675.00,SHIPPED
107655,2026-04-11,Initech,n-y-c,Widget Lite,9,$89.99,$809.91,shipped
107656,2026-04-12,Umbrella Ltd,East,Gadget X,9,"$2,150.00","$19,350.00",SHIPPED
107657,Apr 13 2026,Globex Incorporated,East,Gizmo Mini,17,$45.00,$615.00,pending
107658,Apr 14 2026,Hooli,NYC,Gadget X,27,"$2,150.00","$58,050.00",Shipped
107659,2026-04-15,Acme Corp,west,Gadget X,22,"$2,150.00","$47,300.00",SHIPPED
107660,16/04/2026,Wayne Enterprises,East,Widget Pro,11,"$1,234.50","$13,579.50",pending
107661,2026-04-17,Initech,West,Widget Pro,9,"$1,234.50","$11,110.50",pending
107662,2026-04-18,Vehement Capital,East,Gadget X,4,"$2,150.00","$8,600.00",Pending
107663,2026-04-19,Stark Industries,nyc,Gizmo Mini,9,$45.00,$405.00,Pending
107664,20/04/2026,Stark Industries,west,Widget Pro,10,"$1,234.50","$12,345.00",pending
107665,2026-04-21,Umbrella Ltd,west,Gadget X,30,"$2,150.00","$64,500.00",Pending
107666,2026-04-22,Umbrella Ltd,nyc,Widget Lite,29,$89.99,"$2,609.71",Shipped
107667,Apr 23 2026,Soylent Co,East,Widget Lite,18,$89.99,"$1,619.82",shipped
107668,2026-04-24,Initech,n-y-c,Gadget X,8,"$2,150.00","$17,200.00",Shipped
107669,2026-04-25,Soylent Co,West,Gizmo Mini,6,$45.00,$270.00,shipped
107670,2026-04-26,Vehement Capital,New York,Widget Lite,10,$89.99,$899.90,pending
107671,27/04/2026,Initech,n-y-c,Widget Pro,11,"$1,234.50","$13,579.50",pending
107672,2026-04-28,Initech,west,Widget Lite,16,$89.99,"$1,439.84",shipped
107673,2026-03-01,Umbrella Ltd,nyc,Gizmo Mini,9,$45.00,$405.00,Shipped
107674,2026-03-02,Acme Corp,New York,Widget Pro,9,"$1,234.50","$11,110.50",Pending
107675,2026-03-03,Umbrella Ltd,West,Gizmo Mini,28,$45.00,"$1,260.00",shipped
107676,13/03/2026,Hooli,nyc,Gizmo Mini,4,$45.00,$180.00,Pending
107677,13/03/2026,Globex Incorporated,west,Widget Pro,25,"$1,234.50","$30,862.50",pending
107678,2026-03-06,Massive Dynamic,west,Gadget X,10,"$2,150.00","$21,500.00",SHIPPED
107679,2026-03-07,Acme Corp,NYC,Gizmo Mini,1,$45.00,$45.00,SHIPPED
107680,2026-03-08,Initech,West,Gadget X,1,"$2,150.00","$2,150.00",Shipped
107681,2026-03-09,Stark Industries,nyc,Widget Pro,6,"$1,234.50","$7,407.00",SHIPPED
107682,2026-03-10,Vehement Capital,nyc,Widget Lite,26,$89.99,"$2,339.74",Pending
107683,2026-03-11,Wayne Enterprises,West,Gadget X,3,"$2,150.00","$6,450.00",shipped
107684,2026-03-12,Wayne Enterprises,west,Widget Lite,25,$89.99,"$2,249.75",shipped
107685,2026-03-13,Initech,East,Gizmo Mini,27,$45.00,"$1,215.00",Shipped
107686,2026-03-14,Globex Incorporated,nyc,Gizmo Mini,19,$45.00,$855.00,shipped
107687,Mar 15 2026,Vehement Capital,west,Gizmo Mini,12,$45.00,$540.00,shipped
107688,2026-03-16,Acme Corp,n-y-c,Gizmo Mini,22,$45.00,$990.00,Pending
107689,2026-03-17,Globex Incorporated,East,Widget Lite,1,$89.99,$89.99,Pending
107690,2026-03-18,Umbrella Ltd,East,Widget Pro,10,"$1,234.50","$12,345.00",Pending
107691,2026-03-19,Soylent Co,West,Gizmo Mini,13,$45.00,$585.00,Shipped
107692,20/03/2026,Stark Industries,New York,Gizmo Mini,30,$45.00,"$1,350.00",SHIPPED
107693,21/03/2026,Hooli,n-y-c,Gadget X,12,"$2,150.00","$25,800.00",shipped
107694,2026-03-22,Acme Corp,nyc,Gizmo Mini,25,$45.00,"$1,125.00",Pending
107695,2026-03-23,Vehement Capital,East,Gadget X,30,"$2,150.00","$64,500.00",Pending
107696,2026-03-24,Vehement Capital,nyc,Widget Pro,2,"$1,234.50","$2,469.00",SHIPPED
107697,2026-03-25,Acme Corp,West,Gadget X,8,"$2,150.00","$17,200.00",Pending
107698,26/03/2026,Soylent Co,East,Widget Pro,3,"$1,234.50","$3,703.50",pending
107699,Mar 27 2026,Soylent Co,west,Gizmo Mini,30,$45.00,"$1,350.00",pending
107700,2026-03-28,Acme Corp,East,Gadget X,26,"$2,150.00","$55,900.00",Shipped
107701,2026-04-01,Stark Industries,New York,Widget Lite,1,$89.99,$89.99,shipped
107702,2026-04-02,Globex Incorporated,West,Gadget X,20,"$2,150.00","$43,000.00",Pending
107703,2026-04-03,Acme Corp,nyc,Widget Pro,4,"$1,234.50","$4,938.00",SHIPPED
107704,Apr 4 2026,Globex Incorporated,East,Gadget X,9,"$2,150.00","$19,350.00",Pending
107705,2026-04-05,Hooli,West,Gadget X,9,"$2,150.00","$19,350.00",pending
107706,2026-04-06,Massive Dynamic,nyc,Gizmo Mini,17,$45.00,$765.00,SHIPPED
107707,13/04/2026,Globex Incorporated,West,Widget Pro,27,"$1,234.50","$33,331.50",shipped
107708,Apr 8 2026,Globex Incorporated,West,Gadget X,9,"$2,150.00","$19,350.00",SHIPPED
107709,13/04/2026,Hooli,East,Gadget X,18,"$2,150.00","$38,700.00",pending
107710,2026-04-10,Stark Industries,nyc,Widget Lite,27,$89.99,"$2,429.73",Shipped
107711,2026-04-11,Acme Corp,west,Gadget X,18,"$2,150.00","$38,700.00",pending
107712,2026-04-12,Acme Corp,East,Widget Pro,26,"$1,234.50","$32,097.00",SHIPPED
107713,2026-04-13,Soylent Co,East,Gizmo Mini,28,$45.00,"$1,260.00",pending
107714,2026-04-14,Acme Corp,West,Gizmo Mini,19,$45.00,$855.00,SHIPPED
107715,2026-04-15,Vehement Capital,East,Widget Pro,,,,shipped
107716,16/04/2026,Hooli,East,Widget Lite,6,$89.99,$539.94,shipped
107717,2026-04-17,Soylent Co,East,Gadget X,3,"2,150.00 USD","$6,450.00",Pending
107718,2026-04-18,Umbrella Ltd,NYC,Gizmo Mini,7,$45.00,$315.00,pending
107719,2026-04-19,Wayne Enterprises,n-y-c,Widget Pro,3,"$1,234.50","$3,703.50",Shipped
107720,2026-04-20,Soylent Co,West,Gizmo Mini,23,$45.00,"$1,035.00",SHIPPED
107721,2026-04-21,Umbrella Ltd,East,Gadget X,29,"$2,150.00","$62,350.00",shipped
107722,2026-04-22,Soylent Co,NYC,Gizmo Mini,18,$45.00,$810.00,Pending
107723,2026-04-23,Globex Incorporated,East,Gadget X,12,"$2,150.00","$25,800.00",SHIPPED
107724,2026-04-24,Massive Dynamic,East,Widget Lite,20,$89.99,"$1,799.80",SHIPPED
107725,2026-04-25,Acme Corp,nyc,Gizmo Mini,8,$45.00,$360.00,Pending
107726,2026-04-26,Initech,New York,Widget Lite,14,$89.99,"$1,259.86",shipped
107727,2026-04-27,Soylent Co,East,Widget Lite,26,89.99 USD,"$2,339.74",Pending
107727,2026-04-27,Soylent Co,East,Widget Lite,26,89.99 USD,"$2,339.74",Pending
107728,Mar 1 2026,Stark Industries,East,Widget Lite,18,$89.99,"$1,619.82",Shipped
107729,2026-03-02,Soylent Co,west,Gizmo Mini,13,$45.00,$585.00,pending
107730,2026-03-03,Hooli,NYC,Gadget X,16,"$2,150.00","$34,400.00",Pending
107731,2026-03-04,Umbrella Ltd,n-y-c,Widget Lite,23,$89.99,"$2,069.77",Pending
107732,13/03/2026,Hooli,west,Widget Lite,20,$89.99,"$1,799.80",shipped
107733,2026-03-06,,NYC,Gizmo Mini,14,$45.00,$630.00,SHIPPED
107734,Mar 7 2026,Vehement Capital,nyc,Gizmo Mini,24,$45.00,"$1,080.00",Pending
107735,13/03/2026,Umbrella Ltd,west,Widget Pro,8,"$1,234.50","$9,876.00",SHIPPED
107736,2026-03-09,Wayne Enterprises,nyc,Gizmo Mini,20,$45.00,$900.00,pending
107737,2026-03-10,Globex Incorporated,nyc,Gadget X,28,"$2,150.00","$60,200.00",Pending
107738,2026-03-11,Umbrella Ltd,West,Widget Lite,16,$89.99,"$1,439.84",shipped
107739,2026-03-12,Wayne Enterprises,West,Gadget X,7,"$2,150.00","$15,050.00",shipped
107740,2026-03-13,Wayne Enterprises,NYC,Widget Pro,17,"$1,234.50","$20,986.50",Pending
107741,2026-03-14,Initech,East,Gizmo Mini,30,$45.00,"$1,350.00",shipped
107742,2026-03-15,Initech,East,Gizmo Mini,13,$45.00,$585.00,pending
107743,16/03/2026,Wayne Enterprises,west,Gadget X,12,"$2,150.00","$25,800.00",shipped
107744,2026-03-17,Soylent Co,n-y-c,Gadget X,6,"$2,150.00","$12,900.00",pending
107745,2026-03-18,Hooli,n-y-c,Widget Lite,24,$89.99,"$2,159.76",pending
107746,2026-03-19,Wayne Enterprises,East,Gadget X,29,"$2,150.00","$62,350.00",Shipped
107747,2026-03-20,Massive Dynamic,New York,Widget Pro,25,"$1,234.50","$30,862.50",Pending
107748,21/03/2026,Vehement Capital,NYC,Widget Pro,4,"$1,234.50","$4,938.00",shipped
107749,2026-03-22,Stark Industries,n-y-c,Gadget X,5,"$2,150.00","$10,750.00",Shipped
107750,Mar 23 2026,Globex Incorporated,West,Widget Lite,28,$89.99,"$2,519.72",Shipped
107751,24/03/2026,Globex Incorporated,nyc,Widget Pro,28,"$1,234.50","$34,566.00",pending
107752,25/03/2026,Acme Corp,nyc,Gadget X,1,"$2,150.00","$2,150.00",SHIPPED
107753,2026-03-26,Globex Incorporated,East,Widget Lite,12,$89.99,"$1,079.88",Pending
107754,27/03/2026,Vehement Capital,East,Gizmo Mini,12,$45.00,$540.00,Shipped
107755,2026-03-28,Acme Corp,New York,Widget Lite,6,$89.99,$539.94,pending
107756,13/04/2026,Wayne Enterprises,nyc,Widget Lite,5,$89.99,$449.95,SHIPPED
107757,2026-04-02,Massive Dynamic,West,Gadget X,28,"$2,150.00","$60,200.00",Pending
107758,2026-04-03,Initech,west,Widget Pro,21,"$1,234.50","$25,924.50",SHIPPED
107759,2026-04-04,Wayne Enterprises,East,Gizmo Mini,4,$45.00,$180.00,SHIPPED
107760,2026-04-05,Umbrella Ltd,west,Widget Pro,28,"$1,234.50","$34,566.00",SHIPPED
107761,Apr 6 2026,Soylent Co,East,Widget Lite,27,$89.99,"$2,429.73",pending
107762,2026-04-07,Acme Corp,west,Widget Lite,22,$89.99,"$1,979.78",Pending
107763,2026-04-08,Acme Corp,East,Widget Lite,25,$89.99,"$2,249.75",Pending
107764,13/04/2026,Hooli,nyc,Widget Lite,28,$89.99,"$2,519.72",Pending
107765,2026-04-10,Stark Industries,west,Gadget X,14,"$2,150.00","$30,100.00",Pending
107766,2026-04-11,Massive Dynamic,New York,Widget Lite,28,$89.99,"$2,519.72",pending
107767,13/04/2026,Globex Incorporated,west,Gizmo Mini,2,$45.00,$90.00,SHIPPED
107768,2026-04-13,Wayne Enterprises,East,Widget Pro,1,"$1,234.50","$1,234.50",Shipped
107769,2026-04-14,Umbrella Ltd,west,Widget Lite,-7,$89.99,-$629.93,cancelled
107770,2026-04-15,Acme Corp,n-y-c,Gizmo Mini,15,$45.00,$675.00,pending
107771,2026-04-16,Soylent Co,East,Gizmo Mini,21,$45.00,$945.00,Shipped
107772,2026-04-17,Initech,nyc,Widget Lite,17,$89.99,"$1,529.83",pending
107773,2026-04-18,Globex Incorporated,East,Widget Pro,28,"$1,234.50","$34,566.00",shipped
107774,2026-04-19,Wayne Enterprises,west,Gizmo Mini,21,$45.00,$945.00,Pending
107775,20/04/2026,Wayne Enterprises,nyc,Gizmo Mini,24,$45.00,"$1,080.00",Shipped
107776,21/04/2026,Soylent Co,NYC,Gizmo Mini,19,$45.00,$855.00,pending
107777,2026-04-22,Vehement Capital,n-y-c,Widget Pro,16,"$1,234.50","$19,752.00",SHIPPED
107778,Apr 23 2026,Stark Industries,n-y-c,Gadget X,30,"$2,150.00","$64,500.00",SHIPPED
107779,24/04/2026,Umbrella Ltd,NYC,Gadget X,28,"$2,150.00","$60,200.00",Shipped
107780,Apr 25 2026,Stark Industries,west,Widget Pro,20,"$1,234.50","$24,690.00",pending
107781,2026-04-26,Stark Industries,west,Gizmo Mini,19,$45.00,$855.00,Pending
107782,Apr 27 2026,Stark Industries,West,Gadget X,28,"$2,150.00","$60,200.00",shipped
107783,28/04/2026,Soylent Co,west,Widget Pro,5,"$1,234.50","$6,172.50",Pending
107784,2026-03-01,Umbrella Ltd,nyc,Widget Pro,5,"$1,234.50","$6,172.50",shipped
107785,2026-03-02,Globex Incorporated,west,Widget Lite,25,$89.99,"$2,249.75",Shipped
107786,13/03/2026,Hooli,West,Gadget X,2,"$2,150.00","$4,300.00",Pending
107787,2026-03-04,Soylent Co,n-y-c,Gadget X,17,"$2,150.00","$36,550.00",Pending
107788,2026-03-05,Vehement Capital,NYC,Gadget X,24,"$2,150.00","$51,600.00",pending
107789,13/03/2026,Globex Incorporated,East,Gizmo Mini,30,$45.00,"$1,350.00",shipped
107790,2026-03-07,Stark Industries,West,Widget Pro,27,"$1,234.50","$33,331.50",shipped
107791,2026-03-08,Initech,West,Widget Lite,15,$89.99,"$1,349.85",Pending
107792,2026-03-09,Massive Dynamic,East,Gadget X,16,"$2,150.00","$34,400.00",shipped
107793,2026-03-10,Umbrella Ltd,East,Gizmo Mini,8,$45.00,$360.00,shipped
107794,2026-03-11,Wayne Enterprises,west,Widget Pro,21,"$1,234.50","$25,924.50",shipped
107795,2026-03-12,Umbrella Ltd,East,Gizmo Mini,28,$45.00,"$1,260.00",shipped
107796,2026-03-13,Globex Incorporated,East,Widget Pro,16,"$1,234.50","$19,752.00",SHIPPED
107797,2026-03-14,Initech,East,Gadget X,17,"$2,150.00","$36,550.00",Pending
107798,2026-03-15,Hooli,East,Gizmo Mini,13,$45.00,$585.00,pending
107799,16/03/2026,Wayne Enterprises,West,Widget Pro,21,"$1,234.50","$25,924.50",Shipped
107800,2026-03-17,Acme Corp,West,Widget Lite,4,$89.99,$359.96,Pending
107801,Mar 18 2026,Initech,East,Gadget X,8,"$2,150.00","$17,200.00",shipped
107802,2026-03-19,Vehement Capital,East,Widget Lite,14,$89.99,"$1,259.86",pending
107803,2026-03-20,Massive Dynamic,West,Widget Lite,11,$89.99,$989.89,Pending
107804,2026-03-21,Umbrella Ltd,East,Gizmo Mini,2,$45.00,$90.00,SHIPPED
107805,2026-03-22,Massive Dynamic,New York,Widget Pro,23,"$1,234.50","$28,393.50",Shipped
107806,2026-03-23,Umbrella Ltd,East,Widget Lite,7,$89.99,$629.93,SHIPPED
107807,2026-03-24,Umbrella Ltd,n-y-c,Widget Pro,15,"$1,234.50","$18,517.50",pending
107808,2026-03-25,Acme Corp,west,Widget Lite,11,$89.99,$989.89,pending
107809,2026-03-26,Umbrella Ltd,NYC,Widget Pro,16,"$1,234.50","$19,752.00",pending
107810,2026-03-27,Acme Corp,New York,Widget Lite,27,$89.99,"$2,429.73",SHIPPED
107811,28/03/2026,Vehement Capital,East,Widget Lite,15,$89.99,"$1,349.85",SHIPPED
107812,2026-04-01,Globex Incorporated,n-y-c,Widget Pro,14,"$1,234.50","$17,283.00",Pending
107813,13/04/2026,Hooli,East,Widget Pro,5,"$1,234.50","$6,172.50",pending
107814,2026-04-03,Acme Corp,East,Widget Pro,18,"$1,234.50","$22,221.00",SHIPPED
107815,Apr 4 2026,Globex Incorporated,n-y-c,Widget Lite,26,$89.99,"$2,339.74",Shipped
107816,2026-04-05,Wayne Enterprises,West,Gadget X,11,"$2,150.00","$23,650.00",Shipped
107817,13/04/2026,Vehement Capital,n-y-c,Gadget X,10,"$2,150.00","$21,500.00",pending
107818,2026-04-07,Acme Corp,west,Widget Pro,27,"$1,234.50","$33,331.50",shipped
107819,Apr 8 2026,Stark Industries,west,Gizmo Mini,30,$45.00,"$1,350.00",SHIPPED
107820,2026-04-09,Initech,n-y-c,Widget Lite,8,$89.99,$719.92,pending
107821,2026-04-10,Soylent Co,west,Gadget X,29,"$2,150.00","$62,350.00",Shipped
107822,2026-04-11,Umbrella Ltd,New York,Gizmo Mini,21,$45.00,$945.00,SHIPPED
107823,2026-04-12,Wayne Enterprises,East,Widget Lite,7,$89.99,$629.93,shipped
107824,2026-04-13,Hooli,west,Gadget X,12,"$2,150.00","$25,800.00",pending
107825,2026-04-14,Acme Corp,n-y-c,Gizmo Mini,17,$45.00,$765.00,Shipped
107826,2026-04-15,Massive Dynamic,nyc,Gizmo Mini,27,$45.00,"$1,215.00",Shipped
107827,2026-04-16,Acme Corp,West,Widget Lite,6,$89.99,$539.94,shipped
107828,2026-04-17,Umbrella Ltd,East,Widget Lite,11,$89.99,$989.89,Pending
107829,Apr 18 2026,Vehement Capital,East,Gadget X,12,"$2,150.00","$25,800.00",pending
107830,2026-04-19,Vehement Capital,East,Widget Pro,30,"$1,234.50","$37,035.00",Pending
107831,2026-04-20,Globex Incorporated,East,Widget Pro,8,"$1,234.50","$9,876.00",shipped
107832,2026-04-21,Initech,East,Widget Lite,8,$89.99,$719.92,Pending
107833,2026-04-22,Stark Industries,East,Widget Pro,29,"$1,234.50","$35,800.50",SHIPPED
107834,23/04/2026,Soylent Co,East,Gizmo Mini,8,$45.00,$360.00,SHIPPED
107835,2026-04-24,Umbrella Ltd,East,Widget Pro,19,"$1,234.50","$23,455.50",Pending
107836,2026-04-25,Umbrella Ltd,west,Gadget X,30,"$2,150.00","$64,500.00",SHIPPED
107837,2026-04-26,Wayne Enterprises,West,Widget Lite,14,$89.99,"$1,259.86",SHIPPED
107838,2026-04-27,Initech,East,Gizmo Mini,25,$45.00,"$1,125.00",SHIPPED
107839,2026-04-28,Wayne Enterprises,west,Widget Lite,10,$89.99,$899.90,shipped
107840,2026-03-01,Soylent Co,west,Gadget X,26,"$2,150.00","$55,900.00",Shipped
107841,2026-03-02,Globex Incorporated,East,Gadget X,13,"$2,150.00","$27,950.00",shipped
107842,2026-03-03,Wayne Enterprises,west,Widget Pro,25,"$1,234.50","$30,862.50",Pending
107843,13/03/2026,Vehement Capital,West,Gizmo Mini,13,$45.00,$585.00,Pending
107844,2026-03-05,Soylent Co,NYC,Gadget X,7,"$2,150.00","$15,050.00",Shipped
107845,13/03/2026,Globex Incorporated,west,Widget Pro,28,"$1,234.50","$34,566.00",Pending
107846,2026-03-07,Stark Industries,west,Widget Pro,25,"$1,234.50","$30,862.50",Pending
107847,13/03/2026,Umbrella Ltd,East,Gadget X,21,"$2,150.00","$45,150.00",shipped
107848,Mar 9 2026,Initech,East,Widget Pro,17,"$1,234.50","$20,986.50",pending
107849,2026-03-10,Acme Corp,East,Widget Pro,8,"$1,234.50","$9,876.00",pending
107850,2026-03-11,Vehement Capital,nyc,Gadget X,8,"$2,150.00","$17,200.00",shipped
107851,2026-03-12,Initech,nyc,Gizmo Mini,24,$45.00,"$1,080.00",shipped
107852,2026-03-13,Globex Incorporated,New York,Widget Pro,4,"$1,234.50","$4,938.00",shipped
107853,2026-03-14,Initech,East,Widget Lite,17,$89.99,"$1,529.83",shipped
107854,2026-03-15,Umbrella Ltd,NYC,Widget Lite,4,$89.99,$359.96,pending
107855,2026-03-16,Vehement Capital,East,Widget Lite,22,$89.99,"$1,979.78",Pending
107856,2026-03-17,Vehement Capital,west,Gizmo Mini,13,$45.00,$585.00,SHIPPED
107857,2026-03-18,Acme Corp,west,Gadget X,29,"$2,150.00","$62,350.00",Pending
107858,19/03/2026,Stark Industries,west,Gadget X,27,"$2,150.00","$58,050.00",pending
107859,2026-03-20,Hooli,NYC,Gadget X,6,"$2,150.00","$12,900.00",shipped
107860,Mar 21 2026,Stark Industries,East,Widget Pro,27,"$1,234.50","$33,331.50",Pending
107861,2026-03-22,Stark Industries,East,Gadget X,9,"$2,150.00","$19,350.00",pending
107862,23/03/2026,Stark Industries,West,Widget Pro,10,"$1,234.50","$12,345.00",Pending
107863,Mar 24 2026,Soylent Co,west,Widget Pro,23,"$1,234.50","$28,393.50",pending
107864,25/03/2026,Wayne Enterprises,New York,Gadget X,2,"$2,150.00","$4,300.00",Shipped
107865,2026-03-26,Stark Industries,New York,Widget Lite,4,$89.99,$359.96,shipped
107866,2026-03-27,Wayne Enterprises,East,Widget Lite,10,$89.99,$899.90,SHIPPED
107867,2026-03-28,Stark Industries,East,Widget Pro,8,"$1,234.50","$9,876.00",Pending
107868,2026-04-01,Stark Industries,n-y-c,Widget Pro,13,"$1,234.50","$16,048.50",pending
107869,2026-04-02,Acme Corp,nyc,Gizmo Mini,19,$45.00,$855.00,Pending
107870,2026-04-03,Globex Incorporated,n-y-c,Widget Lite,8,$89.99,$719.92,shipped
107871,2026-04-04,Initech,nyc,Widget Pro,5,"$1,234.50","$6,172.50",pending
107872,2026-04-05,Initech,west,Gadget X,16,"$2,150.00","$34,400.00",SHIPPED
107873,2026-04-06,Massive Dynamic,East,Widget Lite,29,$89.99,"$2,609.71",Shipped
107874,2026-04-07,Hooli,West,Widget Pro,29,"$1,234.50","$35,800.50",SHIPPED
107875,2026-04-08,Umbrella Ltd,New York,Widget Pro,13,"$1,234.50","$16,048.50",Pending
107876,2026-04-09,Acme Corp,New York,Widget Pro,28,"$1,234.50","$34,566.00",Pending
107877,2026-04-10,Acme Corp,NYC,Gadget X,17,"$2,150.00","$36,550.00",pending
107878,2026-04-11,Massive Dynamic,East,Gadget X,28,"$2,150.00","$60,200.00",pending
107879,2026-04-12,Initech,west,Widget Pro,4,"$1,234.50","$4,938.00",Pending
107880,13/04/2026,Hooli,New York,Gizmo Mini,21,$45.00,$945.00,pending
107881,2026-04-14,Acme Corp,West,Widget Pro,13,"$1,234.50","$16,048.50",Pending
107882,2026-04-15,Soylent Co,East,Widget Pro,7,"1,234.50 USD","$8,641.50",Shipped
107883,16/04/2026,Stark Industries,East,Widget Lite,24,$89.99,"$2,159.76",shipped
107884,2026-04-17,Globex Incorporated,East,Gizmo Mini,10,$45.00,$450.00,Pending
107885,Apr 18 2026,Vehement Capital,New York,Widget Lite,16,$89.99,"$1,439.84",Shipped
107886,Apr 19 2026,Globex Incorporated,East,Gadget X,23,"$2,150.00","$49,450.00",Pending
107887,2026-04-20,Massive Dynamic,nyc,Gizmo Mini,24,$45.00,"$1,080.00",Shipped
107888,21/04/2026,Vehement Capital,New York,Gadget X,6,"$2,150.00","$12,900.00",SHIPPED
107889,2026-04-22,Stark Industries,New York,Widget Pro,21,"$1,234.50","$25,924.50",Shipped
107890,2026-04-23,Vehement Capital,West,Gadget X,6,"$2,150.00","$12,900.00",pending
107891,2026-04-24,Massive Dynamic,n-y-c,Gadget X,11,"$2,150.00","$23,650.00",pending
107891,2026-04-24,Massive Dynamic,n-y-c,Gadget X,11,"$2,150.00","$23,650.00",pending
107892,Apr 26 2026,Massive Dynamic,East,Widget Pro,5,"$1,234.50","$6,172.50",pending
107893,2026-04-27,Hooli,East,Gadget X,23,"$2,150.00","$49,450.00",pending
107894,Apr 28 2026,Wayne Enterprises,New York,Gizmo Mini,25,$45.00,"$1,125.00",Pending
107895,2026-03-01,Acme Corp,West,Widget Pro,24,"$1,234.50","$29,628.00",pending
107896,2026-03-02,Wayne Enterprises,East,Widget Pro,4,"$1,234.50","$4,938.00",SHIPPED
107897,2026-03-03,Wayne Enterprises,West,Gizmo Mini,18,$45.00,$810.00,Shipped
107898,2026-03-04,Hooli,East,Gizmo Mini,25,$45.00,"$1,125.00",Shipped
107899,2026-03-05,Wayne Enterprises,West,Gadget X,21,"$2,150.00","$45,150.00",pending
107900,13/03/2026,Massive Dynamic,NYC,Widget Lite,4,$89.99,$359.96,shipped
107901,13/03/2026,Initech,west,Gizmo Mini,16,$45.00,$720.00,shipped
107902,13/03/2026,Wayne Enterprises,NYC,Gadget X,17,"$2,150.00","$36,550.00",Pending
107903,2026-03-09,Massive Dynamic,west,Gizmo Mini,3,$45.00,$135.00,Shipped
107904,13/03/2026,Initech,East,Gizmo Mini,8,$45.00,$360.00,pending
107905,2026-03-11,Globex Incorporated,NYC,Gadget X,25,"$2,150.00","$53,750.00",Shipped
107906,2026-03-12,Vehement Capital,East,Widget Pro,3,"$1,234.50","$3,703.50",shipped
107907,2026-03-13,Wayne Enterprises,West,Widget Pro,24,"$1,234.50","$29,628.00",SHIPPED
107908,2026-03-14,Hooli,west,Widget Pro,11,"$1,234.50","$13,579.50",pending
107909,2026-03-15,Soylent Co,East,Widget Lite,19,$89.99,"$1,709.81",Pending
107910,2026-03-16,Wayne Enterprises,New York,Gadget X,25,"$2,150.00","$53,750.00",Pending
107911,2026-03-17,Umbrella Ltd,nyc,Gizmo Mini,1,$45.00,$45.00,Pending
107912,18/03/2026,Vehement Capital,nyc,Gizmo Mini,27,$45.00,"$1,215.00",Pending
107913,2026-03-19,Stark Industries,west,Gizmo Mini,15,$45.00,$675.00,pending
107914,2026-03-20,Stark Industries,West,Gadget X,26,"$2,150.00","$55,900.00",Shipped
107915,21/03/2026,Initech,nyc,Widget Pro,12,"$1,234.50","$14,814.00",SHIPPED
107916,2026-03-22,Umbrella Ltd,West,Gadget X,17,"$2,150.00","$36,550.00",shipped
107917,2026-03-23,Hooli,nyc,Widget Pro,15,"$1,234.50","$18,517.50",shipped
107918,2026-03-24,Acme Corp,n-y-c,Widget Pro,21,"$1,234.50","$25,924.50",pending
107919,2026-03-25,Soylent Co,nyc,Gizmo Mini,7,$45.00,$315.00,shipped
107920,26/03/2026,Acme Corp,west,Gadget X,9,"$2,150.00","$19,350.00",SHIPPED
107921,2026-03-27,Vehement Capital,East,Widget Lite,18,$89.99,"$1,619.82",SHIPPED
107922,2026-03-28,Massive Dynamic,n-y-c,Gadget X,7,"$2,150.00","$15,050.00",Pending
107923,2026-04-01,Initech,New York,Gadget X,9,"$2,150.00","$19,350.00",SHIPPED
107924,Apr 2 2026,Massive Dynamic,New York,Widget Pro,30,"$1,234.50","$37,035.00",pending
107925,2026-04-03,Hooli,West,Gadget X,14,"$2,150.00","$30,100.00",shipped
107926,13/04/2026,Vehement Capital,West,Widget Lite,1,$89.99,$89.99,Pending
107927,2026-04-05,Vehement Capital,New York,Widget Lite,18,$89.99,"$1,619.82",pending
107928,2026-04-06,Soylent Co,East,Gizmo Mini,25,$45.00,"$1,125.00",Pending
107929,Apr 7 2026,Hooli,west,Gizmo Mini,14,$45.00,$630.00,Pending
107930,2026-04-08,Hooli,West,Gadget X,11,"$2,150.00","$23,650.00",pending
107931,2026-04-09,Globex Incorporated,n-y-c,Gizmo Mini,18,$45.00,$810.00,pending
107932,2026-04-10,Hooli,n-y-c,Gadget X,8,"$2,150.00","$17,200.00",Shipped
107933,2026-04-11,Initech,East,Gizmo Mini,28,$45.00,"$1,260.00",shipped
107934,13/04/2026,Acme Corp,west,Widget Pro,17,"$1,234.50","$20,986.50",Pending
107935,2026-04-13,Umbrella Ltd,n-y-c,Gadget X,11,"$2,150.00","$23,650.00",pending
107936,2026-04-14,Globex Incorporated,East,Gadget X,4,"$2,150.00","$8,600.00",pending
107937,2026-04-15,Globex Incorporated,East,Widget Lite,25,$89.99,"$2,249.75",Pending
107938,2026-04-16,Soylent Co,East,Gizmo Mini,8,$45.00,$360.00,Pending
107939,2026-04-17,Vehement Capital,n-y-c,Widget Pro,12,"$1,234.50","$14,814.00",Shipped
107940,18/04/2026,Wayne Enterprises,East,Widget Lite,13,$89.99,"$1,169.87",SHIPPED
107941,2026-04-19,Wayne Enterprises,west,Widget Lite,13,$89.99,"$1,169.87",SHIPPED
107942,2026-04-20,Massive Dynamic,West,Gadget X,18,"$2,150.00","$38,700.00",Pending
107943,2026-04-21,Globex Incorporated,West,Gadget X,29,"$2,150.00","$62,350.00",pending
107944,22/04/2026,Massive Dynamic,West,Widget Pro,24,"$1,234.50","$29,628.00",SHIPPED
107945,23/04/2026,Vehement Capital,west,Widget Lite,28,$89.99,"$2,519.72",Shipped
107946,Apr 24 2026,Soylent Co,west,Gizmo Mini,30,$45.00,"$1,350.00",Shipped
107947,2026-04-25,Globex Incorporated,west,Widget Pro,12,"$1,234.50","$14,814.00",Shipped
107948,Apr 26 2026,Initech,West,Widget Lite,29,$89.99,"$2,609.71",Pending
107949,2026-04-27,Globex Incorporated,New York,Gadget X,28,"$2,150.00","$60,200.00",pending
107950,2026-04-28,Vehement Capital,West,Gizmo Mini,5,$45.00,$225.00,Pending
107951,2026-03-01,Massive Dynamic,nyc,Gadget X,11,"$2,150.00","$23,650.00",Pending
107952,2026-03-02,Umbrella Ltd,East,Widget Pro,13,"$1,234.50","$16,048.50",Shipped
107953,2026-03-03,Acme Corp,New York,Widget Pro,23,"$1,234.50","$28,393.50",Shipped
107954,2026-03-04,Umbrella Ltd,West,Gadget X,26,"$2,150.00","$55,900.00",Shipped
107955,2026-03-05,Hooli,west,Widget Lite,17,$89.99,"$1,529.83",SHIPPED
107956,2026-03-06,,West,Widget Pro,30,"$1,234.50","$37,035.00",shipped
107957,13/03/2026,Wayne Enterprises,East,Widget Lite,30,$89.99,"$2,699.70",Shipped
107958,13/03/2026,Vehement Capital,East,Widget Lite,30,$89.99,"$2,699.70",Pending
107959,2026-03-09,Vehement Capital,NYC,Gizmo Mini,27,$45.00,"$1,215.00",Pending
107960,13/03/2026,Vehement Capital,NYC,Gizmo Mini,1,$45.00,$45.00,Pending
107961,2026-03-11,Globex Incorporated,East,Widget Pro,20,"$1,234.50","$24,690.00",pending
107962,2026-03-12,Wayne Enterprises,NYC,Gadget X,18,"$2,150.00","$38,700.00",SHIPPED
107963,2026-03-13,Soylent Co,East,Gadget X,17,"$2,150.00","$36,550.00",SHIPPED
107964,2026-03-14,Globex Incorporated,west,Widget Lite,28,$89.99,"$2,519.72",pending
107965,15/03/2026,Soylent Co,East,Gadget X,2,"$2,150.00","$4,300.00",Pending
107966,2026-03-16,Massive Dynamic,East,Gizmo Mini,22,$45.00,$990.00,pending
107967,2026-03-17,Umbrella Ltd,East,Gadget X,13,"$2,150.00","$27,950.00",pending
107968,2026-03-18,Soylent Co,New York,Gizmo Mini,19,$45.00,$855.00,Pending
107969,19/03/2026,Wayne Enterprises,NYC,Widget Lite,9,$89.99,$809.91,Pending
107970,20/03/2026,Vehement Capital,New York,Widget Pro,12,"$1,234.50","$14,814.00",Pending
107971,21/03/2026,Globex Incorporated,n-y-c,Gizmo Mini,14,$45.00,$630.00,Pending
107972,2026-03-22,Initech,n-y-c,Widget Pro,10,"$1,234.50","$12,345.00",Pending
107973,2026-03-23,Initech,East,Gadget X,28,"$2,150.00","$60,200.00",pending
107974,2026-03-24,Acme Corp,west,Widget Lite,-16,$89.99,"-$1,439.84",cancelled
107975,2026-03-25,Soylent Co,nyc,Gizmo Mini,13,$45.00,$585.00,pending
107976,2026-03-26,Umbrella Ltd,West,Gizmo Mini,7,$45.00,$315.00,shipped
107977,2026-03-27,Wayne Enterprises,West,Widget Pro,18,"$1,234.50","$22,221.00",Shipped
107978,2026-03-28,Hooli,NYC,Widget Lite,27,$89.99,"$2,429.73",SHIPPED
107979,2026-04-01,Umbrella Ltd,nyc,Widget Pro,19,"$1,234.50","$23,455.50",pending
107980,13/04/2026,Hooli,East,Widget Lite,15,$89.99,"$1,349.85",SHIPPED
107981,2026-04-03,Stark Industries,west,Gizmo Mini,28,$45.00,"$1,260.00",Pending
107982,2026-04-04,Soylent Co,East,Gizmo Mini,22,$45.00,$990.00,Shipped
107983,2026-04-05,Vehement Capital,East,Widget Pro,29,"$1,234.50","$35,800.50",Pending
107984,2026-04-06,Initech,west,Widget Lite,17,$89.99,"$1,529.83",shipped
107985,2026-04-07,Globex Incorporated,East,Gadget X,28,"$2,150.00","$60,200.00",Pending
107986,2026-04-08,Stark Industries,NYC,Gadget X,16,"$2,150.00","$34,400.00",Pending
107987,2026-04-09,Acme Corp,NYC,Gadget X,15,"$2,150.00","$32,250.00",SHIPPED
107988,13/04/2026,Globex Incorporated,west,Widget Lite,25,$89.99,"$2,249.75",Shipped
107989,2026-04-11,Hooli,west,Widget Pro,7,"$1,234.50","$8,641.50",pending
107990,2026-04-12,Umbrella Ltd,East,Gizmo Mini,7,$45.00,$315.00,Pending
107991,2026-04-13,Hooli,East,Widget Lite,7,$89.99,$629.93,Shipped
107992,2026-04-14,Vehement Capital,East,Widget Lite,14,$89.99,"$1,259.86",SHIPPED
107993,2026-04-15,Hooli,West,Gadget X,25,"$2,150.00","$53,750.00",pending
107994,2026-04-16,Vehement Capital,west,Widget Lite,7,$89.99,$629.93,pending
107995,Apr 17 2026,Hooli,nyc,Gadget X,6,"$2,150.00","$12,900.00",Pending
107996,2026-04-18,Umbrella Ltd,East,Gizmo Mini,21,$45.00,$945.00,Pending
107997,Apr 19 2026,Acme Corp,nyc,Widget Lite,10,$89.99,$899.90,SHIPPED
107998,20/04/2026,Stark Industries,west,Widget Pro,7,"$1,234.50","$8,641.50",pending
107999,2026-04-21,Acme Corp,East,Widget Pro,4,"$1,234.50","$4,938.00",Pending
108000,22/04/2026,Massive Dynamic,East,Gizmo Mini,28,$45.00,"$1,260.00",pending
108001,2026-04-23,Acme Corp,West,Widget Pro,21,"$1,234.50","$26,354.50",pending
108002,2026-04-24,Stark Industries,NYC,Gadget X,17,"$2,150.00","$36,550.00",shipped
108003,2026-04-25,Initech,n-y-c,Gadget X,16,"$2,150.00","$34,400.00",pending
108004,2026-04-26,Umbrella Ltd,East,Gizmo Mini,7,$45.00,$315.00,pending
108005,2026-04-27,Soylent Co,west,Gadget X,2,"$2,150.00","$4,300.00",pending
108006,2026-04-28,Acme Corp,West,Gizmo Mini,12,$45.00,$540.00,Pending
108007,2026-03-01,Wayne Enterprises,East,Widget Lite,26,$89.99,"$2,339.74",Shipped
108008,2026-03-02,Soylent Co,East,Gizmo Mini,2,$45.00,$90.00,Shipped
108009,2026-03-03,Initech,East,Gizmo Mini,19,$45.00,$855.00,shipped
108010,2026-03-04,Umbrella Ltd,New York,Gadget X,10,"$2,150.00","$21,500.00",Shipped
108011,2026-03-05,Soylent Co,East,Gadget X,4,"$2,150.00","$8,600.00",pending
108012,13/03/2026,Hooli,East,Gadget X,19,"$2,150.00","$40,850.00",SHIPPED
108013,2026-03-07,Acme Corp,East,Widget Lite,21,$89.99,"$1,889.79",Pending
108014,2026-03-08,Vehement Capital,west,Widget Pro,27,"$1,234.50","$33,331.50",shipped
108015,2026-03-09,Massive Dynamic,East,Widget Lite,17,$89.99,"$1,529.83",pending
108016,2026-03-10,Globex Incorporated,West,Widget Pro,25,"$1,234.50","$30,862.50",SHIPPED
108017,2026-03-11,Initech,East,Gizmo Mini,14,$45.00,$630.00,Shipped
108018,2026-03-12,Soylent Co,East,Gizmo Mini,30,$45.00,"$1,350.00",Shipped
108019,2026-03-13,Acme Corp,West,Widget Lite,21,$89.99,"$1,889.79",pending
108020,2026-03-14,Vehement Capital,nyc,Widget Pro,19,"$1,234.50","$23,455.50",pending
108021,2026-03-15,Hooli,West,Widget Lite,27,$89.99,"$2,429.73",SHIPPED
108022,2026-03-16,Soylent Co,NYC,Gadget X,13,"$2,150.00","$27,950.00",pending
108023,2026-03-17,Wayne Enterprises,NYC,Widget Pro,10,"$1,234.50","$12,345.00",pending
108024,2026-03-18,Acme Corp,NYC,Widget Lite,14,$89.99,"$1,259.86",Pending
108025,Mar 19 2026,Stark Industries,NYC,Widget Lite,17,$89.99,"$1,529.83",SHIPPED
108026,20/03/2026,Umbrella Ltd,nyc,Gadget X,13,"$2,150.00","$27,950.00",shipped
108027,2026-03-21,Soylent Co,n-y-c,Gadget X,10,"$2,150.00","$21,500.00",shipped
108028,2026-03-22,Wayne Enterprises,West,Gadget X,7,"$2,150.00","$15,050.00",shipped
108029,23/03/2026,Umbrella Ltd,NYC,Widget Pro,19,"$1,234.50","$23,455.50",pending
108030,2026-03-24,Vehement Capital,n-y-c,Widget Lite,19,$89.99,"$1,709.81",Pending
108031,2026-03-25,Soylent Co,East,Widget Lite,3,$89.99,$269.97,Shipped
108032,2026-03-26,Massive Dynamic,East,Gadget X,8,"$2,150.00","$17,200.00",shipped
108033,27/03/2026,Massive Dynamic,West,Widget Lite,4,$89.99,$359.96,pending
108034,2026-03-28,Soylent Co,East,Gizmo Mini,19,$45.00,$855.00,SHIPPED
108035,Apr 1 2026,Globex Incorporated,west,Gizmo Mini,13,$45.00,$585.00,pending
108036,2026-04-02,Massive Dynamic,East,Widget Lite,22,$89.99,"$1,979.78",shipped
108037,Apr 3 2026,Wayne Enterprises,west,Gadget X,20,"$2,150.00","$43,000.00",shipped
108038,2026-04-04,Hooli,East,Gizmo Mini,4,$45.00,$180.00,shipped
108039,Apr 5 2026,Stark Industries,West,Gadget X,5,"$2,150.00","$10,750.00",shipped
108040,2026-04-06,Acme Corp,NYC,Gizmo Mini,3,$45.00,$135.00,Shipped
108041,2026-04-07,Vehement Capital,West,Widget Lite,29,$89.99,"$2,609.71",Pending
108042,13/04/2026,Hooli,New York,Widget Pro,29,"$1,234.50","$35,800.50",SHIPPED
108043,2026-04-09,Stark Industries,East,Widget Lite,18,$89.99,"$1,619.82",SHIPPED
108044,2026-04-10,Wayne Enterprises,NYC,Gadget X,11,"$2,150.00","$23,650.00",Shipped
108045,2026-04-11,Umbrella Ltd,west,Widget Lite,16,$89.99,"$1,439.84",pending
108046,2026-04-12,Hooli,East,Widget Lite,30,$89.99,"$2,699.70",pending
108047,13/04/2026,Massive Dynamic,west,Gizmo Mini,14,$45.00,$630.00,Shipped
108048,14/04/2026,Initech,East,Widget Pro,6,"$1,234.50","$7,407.00",SHIPPED
108049,2026-04-15,Umbrella Ltd,west,Gadget X,4,"$2,150.00","$8,600.00",pending
108050,2026-04-16,Wayne Enterprises,West,Gizmo Mini,22,$45.00,$990.00,pending
108051,17/04/2026,Acme Corp,west,Widget Lite,14,$89.99,"$1,259.86",shipped
108052,2026-04-18,Globex Incorporated,New York,Widget Pro,7,"$1,234.50","$8,641.50",SHIPPED
108053,2026-04-19,Wayne Enterprises,west,Gadget X,14,"$2,150.00","$30,100.00",Pending
108054,20/04/2026,Hooli,East,Gizmo Mini,19,$45.00,$855.00,shipped
108055,2026-04-21,Stark Industries,East,Widget Pro,6,"$1,234.50","$7,407.00",Pending
108056,2026-04-22,Initech,East,Widget Lite,22,$89.99,"$1,979.78",Pending
108057,2026-04-23,Umbrella Ltd,East,Gadget X,27,"$2,150.00","$58,050.00",Pending
108058,2026-04-24,Soylent Co,West,Gizmo Mini,6,$45.00,$270.00,shipped
108059,2026-04-25,Initech,NYC,Widget Pro,4,"$1,234.50","$4,938.00",Pending
108060,2026-04-26,Massive Dynamic,NYC,Gadget X,30,"$2,150.00","$64,500.00",Shipped
108061,2026-04-27,Globex Incorporated,East,Widget Pro,4,"$1,234.50","$4,938.00",pending
108062,2026-04-28,Globex Incorporated,East,Gadget X,3,"$2,150.00","$6,450.00",pending
108063,13/03/2026,Acme Corp,East,Widget Pro,14,"$1,234.50","$17,283.00",shipped
108064,2026-03-02,Wayne Enterprises,n-y-c,Widget Pro,9,"$1,234.50","$11,110.50",pending
108065,2026-03-03,Wayne Enterprises,East,Widget Pro,8,"$1,234.50","$9,876.00",shipped
108066,2026-03-04,Vehement Capital,New York,Gadget X,22,"$2,150.00","$47,300.00",SHIPPED
108067,2026-03-05,Stark Industries,west,Gizmo Mini,8,$45.00,$360.00,shipped
108068,2026-03-06,Wayne Enterprises,West,Gadget X,28,"$2,150.00","$60,200.00",Pending
108069,2026-03-07,Initech,NYC,Widget Lite,26,$89.99,"$2,339.74",pending
108070,2026-03-08,Soylent Co,n-y-c,Widget Pro,1,"$1,234.50","$1,234.50",Pending
108071,2026-03-09,Hooli,West,Gadget X,17,"$2,150.00","$36,550.00",shipped
108072,2026-03-10,Wayne Enterprises,NYC,Widget Pro,15,"$1,234.50","$18,517.50",Pending
108073,2026-03-11,Globex Incorporated,East,Gadget X,4,"$2,150.00","$8,600.00",pending
108074,2026-03-12,Hooli,nyc,Gadget X,26,"$2,150.00","$55,900.00",Shipped
108075,13/03/2026,Hooli,West,Widget Pro,16,"$1,234.50","$19,752.00",Pending
108076,14/03/2026,Initech,West,Widget Pro,20,"$1,234.50","$24,690.00",SHIPPED
108077,2026-03-15,Wayne Enterprises,New York,Gadget X,,"$2,150.00","$60,200.00",Shipped
108078,Mar 16 2026,Hooli,west,Gadget X,3,"$2,150.00","$6,450.00",Pending
108079,2026-03-17,Umbrella Ltd,East,Gizmo Mini,9,$45.00,$405.00,pending
108080,2026-03-18,Vehement Capital,East,Gizmo Mini,11,$45.00,$495.00,Pending
108081,2026-03-19,Vehement Capital,west,Gadget X,17,"$2,150.00","$36,550.00",SHIPPED
108082,Mar 20 2026,Hooli,West,Gizmo Mini,10,$45.00,$450.00,pending
108083,2026-03-21,Globex Incorporated,East,Widget Lite,6,$89.99,$539.94,shipped
108084,2026-03-22,Massive Dynamic,East,Gadget X,18,"$2,150.00","$38,700.00",Pending
108085,2026-03-23,Massive Dynamic,West,Gizmo Mini,20,$45.00,$900.00,Pending
108086,Mar 24 2026,Wayne Enterprises,East,Widget Pro,4,"$1,234.50","$4,938.00",SHIPPED
108087,Mar 25 2026,Soylent Co,East,Widget Lite,6,$89.99,$539.94,shipped
108088,2026-03-26,Hooli,West,Widget Pro,18,"$1,234.50","$22,221.00",shipped
108089,2026-03-27,Initech,nyc,Widget Pro,6,"$1,234.50","$7,407.00",Shipped
108090,2026-03-28,Acme Corp,East,Gadget X,7,"$2,150.00","$15,050.00",SHIPPED
108091,13/04/2026,Massive Dynamic,n-y-c,Widget Pro,18,"$1,234.50","$22,221.00",SHIPPED
108092,Apr 2 2026,Wayne Enterprises,West,Widget Lite,6,$89.99,$539.94,Pending
108093,2026-04-03,Globex Incorporated,n-y-c,Gadget X,9,"$2,150.00","$19,350.00",Shipped
108094,2026-04-04,Stark Industries,west,Gadget X,4,"$2,150.00","$8,600.00",Pending
108095,2026-04-05,Wayne Enterprises,West,Widget Pro,8,"$1,234.50","$9,876.00",pending
108096,2026-04-06,Initech,New York,Widget Lite,19,$89.99,"$1,709.81",pending
108097,2026-04-07,Massive Dynamic,East,Widget Pro,1,"$1,234.50","$1,234.50",pending
108097,2026-04-07, Massive Dynamic ,EAST,Widget Pro,1,"$1,234.50","$1,234.50",pending
108098,Apr 9 2026,Acme Corp,West,Widget Pro,29,"$1,234.50","$35,800.50",Shipped
108099,2026-04-10,Initech,East,Widget Lite,4,$89.99,$359.96,Shipped
108100,13/04/2026,Umbrella Ltd,East,Gizmo Mini,16,$45.00,$720.00,SHIPPED
108101,2026-04-12,Acme Corp,East,Widget Lite,16,$89.99,"$1,439.84",SHIPPED
108102,2026-04-13,Hooli,East,Widget Lite,18,$89.99,"$1,619.82",pending
108103,14/04/2026,Massive Dynamic,East,Gizmo Mini,8,$45.00,$360.00,pending
108104,2026-04-15,Wayne Enterprises,west,Widget Lite,13,$89.99,"$1,169.87",Pending
108105,2026-04-16,,East,Gadget X,4,"$2,150.00","$8,600.00",SHIPPED
108106,2026-04-17,Stark Industries,East,Widget Lite,26,$89.99,"$2,339.74",Shipped
108107,2026-04-18,Initech,nyc,Widget Lite,27,$89.99,"$2,429.73",pending
108108,Apr 19 2026,Vehement Capital,n-y-c,Gadget X,27,"$2,150.00","$58,050.00",shipped
108109,2026-04-20,Vehement Capital,New York,Widget Pro,23,"$1,234.50","$28,393.50",Shipped
108110,2026-04-21,Soylent Co,East,Gizmo Mini,14,$45.00,$630.00,pending
108111,22/04/2026,Wayne Enterprises,East,Gizmo Mini,26,$45.00,"$1,170.00",Pending
108112,2026-04-23,Hooli,west,Widget Pro,17,"$1,234.50","$20,986.50",pending
108113,2026-04-24,Soylent Co,West,Gizmo Mini,17,$45.00,$765.00,shipped
108114,2026-04-25,Wayne Enterprises,NYC,Widget Lite,1,$89.99,$519.99,pending
108115,2026-04-26,Globex Incorporated,East,Gizmo Mini,4,$45.00,$180.00,pending
108116,2026-04-27,Hooli,n-y-c,Widget Lite,1,$89.99,$89.99,Pending
108116,2026-04-27,Hooli,n-y-c,Widget Lite,1,$89.99,$89.99,Pending
108117,13/03/2026,Wayne Enterprises,west,Widget Lite,29,$89.99,"$2,609.71",shipped
108118,2026-03-02,Initech,NYC,Widget Lite,20,$89.99,"$1,799.80",Shipped
108119,13/03/2026,Initech,East,Gadget X,24,"$2,150.00","$51,600.00",pending
108120,2026-03-04,Initech,East,Widget Pro,20,"$1,234.50","$24,690.00",SHIPPED
108121,2026-03-05,Initech,nyc,Widget Lite,13,$89.99,"$1,169.87",Pending
108122,2026-03-06,Initech,west,Gadget X,29,"$2,150.00","$62,350.00",shipped
108123,2026-03-07,Acme Corp,East,Widget Pro,18,"$1,234.50","$22,221.00",pending
108124,2026-03-08,Vehement Capital,East,Widget Lite,29,$89.99,"$2,609.71",Shipped
108125,2026-03-09,Globex Incorporated,East,Gizmo Mini,30,$45.00,"$1,350.00",pending
108126,2026-03-10,Initech,East,Widget Lite,9,$89.99,$809.91,pending
108127,2026-03-11,Hooli,NYC,Gizmo Mini,2,$45.00,$90.00,pending
108128,13/03/2026,Massive Dynamic,New York,Gadget X,19,"$2,150.00","$40,850.00",SHIPPED
108129,13/03/2026,Acme Corp,East,Widget Pro,25,"$1,234.50","$30,862.50",pending
108130,2026-03-14,Acme Corp,West,Widget Lite,24,$89.99,"$2,159.76",shipped
108131,2026-03-15,Umbrella Ltd,East,Gizmo Mini,24,$45.00,"$1,080.00",SHIPPED
108132,16/03/2026,Umbrella Ltd,West,Gadget X,20,"$2,150.00","$43,000.00",Pending
108133,2026-03-17,Acme Corp,west,Widget Lite,14,$89.99,"$1,259.86",pending
108134,18/03/2026,Vehement Capital,n-y-c,Gadget X,11,"$2,150.00","$23,650.00",shipped
108135,2026-03-19,Massive Dynamic,NYC,Gizmo Mini,25,$45.00,"$1,125.00",Shipped
108136,Mar 20 2026,Acme Corp,East,Gizmo Mini,25,$45.00,"$1,125.00",shipped
108137,21/03/2026,Wayne Enterprises,East,Widget Lite,12,$89.99,"$1,079.88",Pending
108138,Mar 22 2026,Acme Corp,East,Gadget X,15,"$2,150.00","$32,250.00",Pending
108139,2026-03-23,Hooli,East,Gadget X,8,"$2,150.00","$17,200.00",Pending
108140,2026-03-24,Globex Incorporated,nyc,Gizmo Mini,17,$45.00,$765.00,pending
108141,25/03/2026,Hooli,n-y-c,Widget Pro,20,"$1,234.50","$24,690.00",pending
108142,2026-03-26,Wayne Enterprises,west,Gizmo Mini,13,$45.00,$585.00,SHIPPED
108143,2026-03-27,Vehement Capital,East,Gadget X,-6,"$2,150.00","-$12,900.00",cancelled
108144,2026-03-28,Initech,NYC,Widget Pro,15,"$1,234.50","$18,517.50",Pending
108145,2026-04-01,Umbrella Ltd,west,Gizmo Mini,11,$45.00,$495.00,SHIPPED
108146,Apr 2 2026,Stark Industries,West,Gizmo Mini,19,$45.00,$855.00,Shipped
108147,13/04/2026,Wayne Enterprises,west,Gizmo Mini,8,$45.00,$360.00,Shipped
108148,2026-04-04,Soylent Co,west,Gadget X,17,"$2,150.00","$36,550.00",SHIPPED
108149,2026-04-05,Massive Dynamic,west,Gizmo Mini,18,$45.00,$810.00,shipped
108150,2026-04-06,Umbrella Ltd,New York,Gizmo Mini,5,$45.00,$225.00,pending
108151,2026-04-07,Acme Corp,West,Widget Lite,14,$89.99,"$1,459.86",shipped
108152,2026-04-08,Initech,East,Gadget X,18,"$2,150.00","$38,700.00",pending
108153,13/04/2026,Wayne Enterprises,East,Widget Lite,14,$89.99,"$1,259.86",Pending
108154,2026-04-10,Vehement Capital,NYC,Gizmo Mini,8,$45.00,$360.00,SHIPPED
108155,Apr 11 2026,Vehement Capital,west,Widget Lite,,$89.99,"$1,079.88",pending
108156,2026-04-12,Hooli,west,Widget Lite,30,$89.99,"$2,699.70",Pending
108157,2026-04-13,Stark Industries,nyc,Widget Lite,12,$89.99,"$1,079.88",pending
108158,2026-04-14,Wayne Enterprises,nyc,Widget Pro,15,"$1,234.50","$18,517.50",shipped
108159,2026-04-15,Massive Dynamic,West,Widget Lite,2,$89.99,$179.98,SHIPPED
108160,16/04/2026,Globex Incorporated,n-y-c,Gadget X,5,"$2,150.00","$10,750.00",Pending
108161,2026-04-17,Vehement Capital,west,Gadget X,29,"$2,150.00","$62,350.00",Pending
108162,Apr 18 2026,Wayne Enterprises,West,Widget Lite,19,$89.99,"$1,709.81",Shipped
108163,2026-04-19,Initech,n-y-c,Gizmo Mini,15,$45.00,$675.00,pending
108164,Apr 20 2026,Wayne Enterprises,West,Gizmo Mini,23,$45.00,"$1,035.00",Shipped
108165,2026-04-21,Soylent Co,West,Gadget X,15,"$2,150.00","$32,250.00",Pending
108166,2026-04-22,Initech,n-y-c,Widget Lite,21,$89.99,"$1,889.79",SHIPPED
108167,Apr 23 2026,Wayne Enterprises,west,Gizmo Mini,27,$45.00,"$1,215.00",pending
108168,2026-04-24,Vehement Capital,n-y-c,Gizmo Mini,30,$45.00,"$1,350.00",shipped
108169,2026-04-25,Vehement Capital,East,Gadget X,22,"$2,150.00","$47,300.00",Pending
108170,Apr 26 2026,Wayne Enterprises,West,Widget Pro,4,"$1,234.50","$4,938.00",pending
108171,2026-04-27,Hooli,West,Gadget X,26,"$2,150.00","$55,900.00",SHIPPED
108172,2026-04-28,Massive Dynamic,West,Gadget X,19,"$2,150.00","$40,850.00",pending
108173,2026-03-01,Initech,East,Gadget X,4,"$2,150.00","$8,600.00",Pending
108174,13/03/2026,Hooli,nyc,Widget Lite,12,$89.99,"$1,079.88",Pending
108175,Mar 3 2026,Globex Incorporated,n-y-c,Gadget X,1,"$2,150.00","$2,150.00",pending
108176,2026-03-04,Globex Incorporated,west,Gizmo Mini,3,$45.00,$135.00,Pending
108177,2026-03-05,Stark Industries,New York,Widget Pro,16,"$1,234.50","$19,752.00",shipped
108178,2026-03-06,Hooli,East,Widget Lite,10,$89.99,$899.90,shipped
108179,2026-03-07,Umbrella Ltd,East,Widget Pro,1,"$1,234.50","$1,234.50",Pending
108180,2026-03-08,Hooli,New York,Gadget X,29,"$2,150.00","$62,350.00",Pending
108181,2026-03-09,Acme Corp,New York,Gadget X,19,"$2,150.00","$40,850.00",shipped
108182,2026-03-10,Acme Corp,East,Widget Pro,12,"$1,234.50","$14,814.00",pending
108183,2026-03-11,Acme Corp,west,Widget Lite,29,$89.99,"$2,609.71",pending
108184,Mar 12 2026,Acme Corp,East,Gizmo Mini,6,$45.00,$270.00,SHIPPED
108185,2026-03-13,Umbrella Ltd,NYC,Widget Lite,17,$89.99,"$1,529.83",Shipped
108186,14/03/2026,Initech,NYC,Widget Lite,10,$89.99,$899.90,Shipped
108187,2026-03-15,Acme Corp,East,Widget Pro,27,"$1,234.50","$33,331.50",Pending
108188,16/03/2026,Umbrella Ltd,west,Gadget X,11,"$2,150.00","$23,650.00",pending
108189,Mar 17 2026,Hooli,East,Widget Lite,26,$89.99,"$2,339.74",pending
108190,18/03/2026,Umbrella Ltd,West,Gizmo Mini,24,$45.00,"$1,080.00",Shipped
108191,2026-03-19,Globex Incorporated,East,Widget Lite,24,$89.99,"$2,159.76",shipped
108192,2026-03-20,Stark Industries,East,Widget Pro,26,"$1,234.50","$32,097.00",pending
108193,2026-03-21,Umbrella Ltd,West,Gadget X,29,"$2,150.00","$62,350.00",SHIPPED
108194,22/03/2026,Wayne Enterprises,nyc,Widget Pro,15,"$1,234.50","$18,517.50",pending
108195,2026-03-23,Stark Industries,west,Widget Pro,9,"$1,234.50","$11,110.50",SHIPPED
108196,2026-03-24,Globex Incorporated,New York,Gizmo Mini,1,$45.00,$45.00,shipped
108197,25/03/2026,Stark Industries,East,Widget Pro,13,"$1,234.50","$16,048.50",SHIPPED
108198,2026-03-26,Soylent Co,East,Widget Lite,23,$89.99,"$2,069.77",pending
108199,2026-03-27,Vehement Capital,west,Widget Lite,20,$89.99,"$1,799.80",pending
108200,2026-03-28,Globex Incorporated,west,Widget Pro,5,"$1,234.50","$6,172.50",pending
108201,2026-04-01,Acme Corp,NYC,Widget Pro,25,"$1,234.50","$30,862.50",Shipped
108202,2026-04-02,Vehement Capital,n-y-c,Widget Pro,1,"$1,234.50","$1,234.50",Pending
108203,2026-04-03,Hooli,East,Widget Lite,28,$89.99,"$2,519.72",SHIPPED
108204,2026-04-04,Initech,west,Widget Lite,29,$89.99,"$2,609.71",Shipped
108205,2026-04-05,Stark Industries,n-y-c,Widget Pro,25,"$1,234.50","$30,862.50",SHIPPED
108206,2026-04-06,Umbrella Ltd,East,Widget Pro,20,"$1,234.50","$24,690.00",Pending
108207,2026-04-07,Soylent Co,New York,Gadget X,4,"$2,150.00","$8,600.00",pending
108208,2026-04-08,Hooli,East,Widget Lite,22,$89.99,"$1,979.78",Pending
108209,2026-04-09,Stark Industries,West,Widget Lite,8,$89.99,$719.92,Pending
108210,2026-04-10,Soylent Co,West,Widget Pro,15,"$1,234.50","$18,517.50",SHIPPED
108211,13/04/2026,Globex Incorporated,NYC,Widget Lite,25,$89.99,"$2,249.75",pending
108212,13/04/2026,Globex Incorporated,west,Gadget X,24,"$2,150.00","$51,600.00",pending
108213,2026-04-13,Massive Dynamic,NYC,Widget Pro,6,"$1,234.50","$7,407.00",SHIPPED
108214,2026-04-14,Globex Incorporated,NYC,Gizmo Mini,6,$45.00,$270.00,pending
108215,Apr 15 2026,Initech,East,Widget Lite,27,$89.99,"$2,429.73",Shipped
108216,16/04/2026,Wayne Enterprises,New York,Widget Pro,30,"$1,234.50","$37,035.00",Shipped
108217,2026-04-17,Massive Dynamic,n-y-c,Gizmo Mini,5,$45.00,$225.00,SHIPPED
108218,Apr 18 2026,Wayne Enterprises,East,Widget Pro,8,"$1,234.50","$9,876.00",Pending
108219,2026-04-19,Stark Industries,nyc,Gadget X,18,"$2,150.00","$38,700.00",Shipped
108220,2026-04-20,Vehement Capital,West,Widget Lite,23,$89.99,"$2,069.77",shipped
108221,2026-04-21,Vehement Capital,n-y-c,Gadget X,28,"$2,150.00","$60,200.00",Pending
108222,2026-04-22,Globex Incorporated,West,Widget Pro,7,"$1,234.50","$8,641.50",Shipped
108223,2026-04-23,Umbrella Ltd,East,Gizmo Mini,29,$45.00,"$1,305.00",Shipped
108224,2026-04-24,Vehement Capital,East,Widget Lite,23,$89.99,"$2,069.77",pending
108225,2026-04-25,Globex Incorporated,East,Widget Lite,1,$89.99,$89.99,SHIPPED
108226,26/04/2026,Acme Corp,West,Gadget X,8,"$2,150.00","$17,200.00",pending
108227,2026-04-27,Initech,nyc,Widget Lite,2,$89.99,$179.98,pending
108228,2026-04-28,Soylent Co,west,Gadget X,12,"$2,150.00","$25,800.00",Shipped
108229,13/03/2026,Umbrella Ltd,west,Widget Lite,12,$89.99,"$1,079.88",Pending
108230,2026-03-02,Globex Incorporated,NYC,Widget Lite,15,$89.99,"$1,349.85",Pending
108231,2026-03-03,Umbrella Ltd,west,Widget Pro,21,"$1,234.50","$25,924.50",Pending
108232,2026-03-04,Stark Industries,West,Widget Lite,26,$89.99,"$2,339.74",SHIPPED
108233,2026-03-05,Umbrella Ltd,New York,Widget Pro,14,"$1,234.50","$17,283.00",SHIPPED
108234,2026-03-06,Hooli,East,Widget Pro,5,"$1,234.50","$6,172.50",Shipped
108235,2026-03-07,Massive Dynamic,n-y-c,Gizmo Mini,20,$45.00,$900.00,shipped
108236,2026-03-08,Stark Industries,n-y-c,Widget Pro,3,"$1,234.50","$3,703.50",Pending
108237,2026-03-09,Stark Industries,East,Widget Lite,19,$89.99,"$1,709.81",shipped
108238,2026-03-10,Globex Incorporated,West,Widget Pro,4,"$1,234.50","$4,938.00",shipped
108239,Mar 11 2026,Hooli,East,Widget Pro,24,"$1,234.50","$29,628.00",pending
108240,2026-03-12,Vehement Capital,East,Widget Lite,23,$89.99,"$2,069.77",SHIPPED
108241,2026-03-13,Initech,n-y-c,Gizmo Mini,14,$45.00,$630.00,Pending
108242,2026-03-14,Globex Incorporated,East,Widget Lite,23,$89.99,"$2,069.77",pending
108243,Mar 15 2026,Massive Dynamic,west,Widget Lite,30,$89.99,"$2,699.70",pending
108244,16/03/2026,Umbrella Ltd,west,Gizmo Mini,22,$45.00,$990.00,Pending
108245,2026-03-17,Massive Dynamic,NYC,Gadget X,7,"$2,150.00","$15,050.00",shipped
108246,2026-03-18,Globex Incorporated,nyc,Widget Pro,28,"$1,234.50","$34,566.00",SHIPPED
108247,Mar 19 2026,Wayne Enterprises,n-y-c,Widget Pro,30,"$1,234.50","$37,035.00",Pending
108248,2026-03-20,Hooli,NYC,Widget Lite,8,$89.99,$719.92,shipped
108249,21/03/2026,Wayne Enterprises,New York,Gizmo Mini,27,$45.00,"$1,215.00",pending
108250,2026-03-22,Stark Industries,East,Widget Lite,25,$89.99,"$2,249.75",Shipped
108251,2026-03-23,Umbrella Ltd,NYC,Gadget X,8,"$2,150.00","$17,200.00",SHIPPED
108252,2026-03-24,Initech,East,Widget Pro,30,"$1,234.50","$37,035.00",Pending
108253,25/03/2026,Acme Corp,East,Widget Lite,16,$89.99,"$1,439.84",Shipped
108254,2026-03-26,Wayne Enterprises,West,Gizmo Mini,14,$45.00,$630.00,Pending
108255,2026-03-27,Acme Corp,West,Gadget X,10,"$2,150.00","$21,500.00",Shipped
108256,28/03/2026,Stark Industries,East,Widget Lite,18,$89.99,"$1,619.82",Shipped
108257,2026-04-01,Stark Industries,west,Widget Pro,2,"1,234.50 USD","$2,469.00",Shipped
108258,13/04/2026,Stark Industries,west,Widget Pro,7,"$1,234.50","$8,641.50",SHIPPED
108259,13/04/2026,Stark Industries,NYC,Gadget X,24,"$2,150.00","$51,600.00",pending
108260,2026-04-04,Wayne Enterprises,NYC,Widget Lite,24,$89.99,"$2,159.76",pending
108261,2026-04-05,Soylent Co,East,Gizmo Mini,19,$45.00,$855.00,Shipped
108262,2026-04-06,Acme Corp,west,Widget Lite,21,$89.99,"$1,889.79",Pending
108263,2026-04-07,Hooli,n-y-c,Widget Lite,30,$89.99,"$2,699.70",SHIPPED
108264,Apr 8 2026,Initech,nyc,Gizmo Mini,21,$45.00,$945.00,Shipped
108265,2026-04-09,Initech,west,Gizmo Mini,8,$45.00,$360.00,Pending
108266,2026-04-10,Soylent Co,west,Gizmo Mini,15,$45.00,$675.00,pending
108267,2026-04-11,Vehement Capital,NYC,Widget Pro,28,"$1,234.50","$34,566.00",Pending
108268,2026-04-12,Globex Incorporated,East,Widget Lite,23,$89.99,"$2,069.77",pending
108269,13/04/2026,Wayne Enterprises,nyc,Gizmo Mini,23,$45.00,"$1,035.00",SHIPPED
108270,2026-04-14,Soylent Co,West,Gizmo Mini,25,$45.00,"$1,125.00",shipped
108271,2026-04-15,Hooli,East,Gadget X,6,"$2,150.00","$12,900.00",Pending
108272,2026-04-16,Acme Corp,East,Widget Lite,2,$89.99,$179.98,pending
108273,17/04/2026,Globex Incorporated,NYC,Widget Lite,24,$89.99,"$2,159.76",Shipped
108274,2026-04-18,Globex Incorporated,west,Widget Lite,9,$89.99,$809.91,SHIPPED
108275,Apr 19 2026,Vehement Capital,East,Gadget X,23,"$2,150.00","$49,450.00",pending
108276,20/04/2026,Massive Dynamic,nyc,Gizmo Mini,5,$45.00,$225.00,pending
108277,2026-04-21,Soylent Co,East,Gadget X,9,"$2,150.00","$19,350.00",Pending
108278,22/04/2026,Vehement Capital,East,Gizmo Mini,8,$45.00,$360.00,SHIPPED
108279,2026-04-23,Soylent Co,East,Widget Lite,4,$89.99,$359.96,pending
108280,24/04/2026,Soylent Co,west,Gadget X,12,"$2,150.00","$25,800.00",SHIPPED
108281,2026-04-25,Vehement Capital,New York,Widget Lite,5,$89.99,$449.95,Pending
108282,Apr 26 2026,Wayne Enterprises,West,Gizmo Mini,2,$45.00,$90.00,Shipped
108283,2026-04-27,Hooli,West,Widget Pro,12,"$1,234.50","$14,814.00",pending
108284,2026-04-28,Globex Incorporated,n-y-c,Widget Pro,24,"$1,234.50","$29,628.00",SHIPPED
108285,2026-03-01,Wayne Enterprises,West,Widget Lite,2,$89.99,$179.98,SHIPPED
108286,2026-03-02,Acme Corp,East,Gizmo Mini,3,$45.00,$135.00,pending
108287,2026-03-03,Soylent Co,west,Widget Lite,14,$89.99,"$1,259.86",Pending
108288,13/03/2026,Acme Corp,East,Gizmo Mini,19,$45.00,$855.00,Pending
108289,13/03/2026,Globex Incorporated,East,Gizmo Mini,16,$45.00,$720.00,shipped
108290,2026-03-06,Stark Industries,West,Gadget X,25,"$2,150.00","$53,750.00",SHIPPED
108291,13/03/2026,Acme Corp,West,Gadget X,5,"$2,150.00","$10,750.00",Pending
108292,2026-03-08,Umbrella Ltd,New York,Widget Pro,16,"$1,234.50","$19,752.00",shipped
108293,13/03/2026,Initech,East,Widget Lite,16,$89.99,"$1,439.84",Pending
108294,Mar 10 2026,Globex Incorporated,East,Widget Pro,24,"$1,234.50","$29,628.00",pending
108295,2026-03-11,Hooli,West,Gizmo Mini,21,$45.00,$945.00,Pending
108296,2026-03-12,Globex Incorporated,East,Widget Lite,24,$89.99,"$2,159.76",SHIPPED
108297,2026-03-13,Acme Corp,East,Widget Lite,4,$89.99,$359.96,SHIPPED
108298,14/03/2026,,west,Gizmo Mini,9,$45.00,$405.00,SHIPPED
108299,2026-03-15,Initech,West,Gadget X,23,"$2,150.00","$49,450.00",SHIPPED
108300,16/03/2026,Umbrella Ltd,East,Widget Lite,12,$89.99,"$1,079.88",pending
108301,2026-03-17,Umbrella Ltd,west,Widget Pro,22,"$1,234.50","$27,159.00",shipped
108302,18/03/2026,Umbrella Ltd,west,Gadget X,27,"$2,150.00","$58,050.00",Pending
108303,2026-03-19,Wayne Enterprises,NYC,Widget Pro,6,"$1,234.50","$7,407.00",Pending
108304,Mar 20 2026,Wayne Enterprises,East,Gizmo Mini,12,$45.00,$540.00,Pending
108305,21/03/2026,Initech,East,Widget Pro,3,"$1,234.50","$3,703.50",pending
108306,2026-03-22,Wayne Enterprises,West,Widget Lite,24,$89.99,"$2,159.76",SHIPPED
108307,23/03/2026,Massive Dynamic,nyc,Gizmo Mini,23,$45.00,"$1,035.00",shipped
108308,Mar 24 2026,Hooli,New York,Gadget X,1,"$2,150.00","$2,150.00",Pending
108309,2026-03-25,Initech,west,Gizmo Mini,19,$45.00,$855.00,pending
108310,26/03/2026,Umbrella Ltd,west,Widget Lite,28,$89.99,"$2,519.72",pending
108311,2026-03-27,Stark Industries,nyc,Widget Lite,9,$89.99,$809.91,Pending
108312,2026-03-28,Massive Dynamic,West,Gizmo Mini,23,$45.00,"$1,035.00",SHIPPED
108313,2026-04-01,Vehement Capital,West,Gadget X,22,"$2,150.00","$47,300.00",Shipped
108314,13/04/2026,Globex Incorporated,west,Gizmo Mini,1,$45.00,$45.00,shipped
108315,2026-04-03,Massive Dynamic,West,Widget Pro,4,"$1,234.50","$4,938.00",Pending
108316,Apr 4 2026,Globex Incorporated,West,Gizmo Mini,4,$45.00,$180.00,SHIPPED
108317,2026-04-05,Soylent Co,East,Gizmo Mini,11,$45.00,$495.00,SHIPPED
108318,2026-04-06,Stark Industries,East,Gadget X,11,"$2,150.00","$23,650.00",shipped
108319,13/04/2026,Stark Industries,NYC,Gadget X,17,"$2,150.00","$36,550.00",SHIPPED
108320,2026-04-08,Wayne Enterprises,NYC,Widget Lite,12,$89.99,"$1,079.88",Pending
108321,Apr 9 2026,Initech,East,Widget Pro,22,"$1,234.50","$27,159.00",shipped
108322,13/04/2026,Hooli,East,Gadget X,27,"$2,150.00","$58,050.00",shipped
108323,13/04/2026,Wayne Enterprises,New York,Gizmo Mini,14,$45.00,$630.00,pending
108324,Apr 12 2026,Soylent Co,East,Gizmo Mini,9,$45.00,$405.00,shipped
108325,2026-04-13,Initech,East,Widget Lite,20,$89.99,"$1,799.80",Pending
108326,14/04/2026,Umbrella Ltd,New York,Widget Lite,15,$89.99,"$1,349.85",Shipped
108327,2026-04-15,Umbrella Ltd,New York,Gizmo Mini,14,$45.00,$630.00,Pending
108328,2026-04-16,Wayne Enterprises,East,Gizmo Mini,26,$45.00,"$1,170.00",shipped
108329,17/04/2026,Umbrella Ltd,west,Gizmo Mini,22,$45.00,$990.00,Shipped
108330,2026-04-18,Globex Incorporated,East,Widget Pro,12,"$1,234.50","$14,814.00",pending
108331,2026-04-19,Soylent Co,East,Gadget X,8,"$2,150.00","$17,200.00",pending
108332,2026-04-20,Stark Industries,west,Widget Lite,21,$89.99,"$1,889.79",Shipped
108333,2026-04-21,Wayne Enterprises,East,Widget Pro,23,"$1,234.50","$28,393.50",Pending
108333,2026-04-21,Wayne Enterprises,East,Widget Pro,23,"$1,234.50","$28,393.50",Pending
108334,2026-04-23,Umbrella Ltd,East,Widget Lite,17,$89.99,"$1,529.83",pending
108335,Apr 24 2026,Acme Corp,nyc,Widget Lite,20,$89.99,"$1,799.80",shipped
108336,2026-04-25,Vehement Capital,East,Widget Lite,23,$89.99,"$2,069.77",Pending
108337,2026-04-26,Vehement Capital,East,Widget Lite,3,$89.99,$269.97,pending
108338,2026-04-27,Vehement Capital,nyc,Gizmo Mini,1,$45.00,$45.00,SHIPPED
108339,2026-04-28,Acme Corp,NYC,Gizmo Mini,30,$45.00,"$1,350.00",pending
108340,2026-03-01,Massive Dynamic,East,Gadget X,29,"$2,150.00","$62,350.00",shipped
108341,2026-03-02,Wayne Enterprises,East,Widget Lite,21,$89.99,"$1,889.79",Pending
108342,2026-03-03,Acme Corp,East,Widget Pro,6,"$1,234.50","$7,407.00",Shipped
108343,2026-03-04,Umbrella Ltd,West,Gadget X,1,"$2,150.00","$2,150.00",Pending
108344,13/03/2026,Hooli,East,Widget Pro,28,"$1,234.50","$34,566.00",Pending
108345,2026-03-06,Massive Dynamic,New York,Widget Lite,5,$89.99,$449.95,SHIPPED
108346,2026-03-07,Massive Dynamic,East,Gadget X,30,"$2,150.00","$64,500.00",shipped
108347,13/03/2026,Acme Corp,East,Widget Lite,30,$89.99,"$2,699.70",Shipped
108348,2026-03-09,Umbrella Ltd,n-y-c,Widget Pro,20,"$1,234.50","$24,690.00",pending
108349,2026-03-10,Vehement Capital,NYC,Gadget X,10,"$2,150.00","$21,500.00",SHIPPED
108350,13/03/2026,Hooli,NYC,Gadget X,12,"$2,150.00","$25,800.00",shipped
108351,2026-03-12,Acme Corp,NYC,Gadget X,24,"$2,150.00","$51,600.00",Pending
108352,2026-03-13,Initech,west,Gadget X,4,"$2,150.00","$8,600.00",pending
108353,2026-03-14,Vehement Capital,west,Widget Pro,18,"$1,234.50","$22,221.00",Shipped
108354,15/03/2026,Acme Corp,West,Gadget X,28,"$2,150.00","$60,200.00",Pending
108355,2026-03-16,Globex Incorporated,west,Widget Lite,19,$89.99,"$1,709.81",Pending
108356,2026-03-17,Stark Industries,n-y-c,Widget Lite,14,$89.99,"$1,259.86",pending
108357,2026-03-18,Soylent Co,west,Gadget X,30,"$2,150.00","$64,500.00",SHIPPED
108358,2026-03-19,Hooli,nyc,Widget Pro,26,"$1,234.50","$32,097.00",pending
108359,2026-03-20,Vehement Capital,west,Gadget X,19,"$2,150.00","$40,850.00",Pending
108360,2026-03-21,Wayne Enterprises,NYC,Gadget X,21,"$2,150.00","$45,150.00",pending
108361,2026-03-22,Umbrella Ltd,West,Gadget X,13,"$2,150.00","$27,950.00",Pending
108362,23/03/2026,Wayne Enterprises,n-y-c,Gadget X,21,"$2,150.00","$45,150.00",pending
108363,24/03/2026,Soylent Co,West,Widget Lite,2,$89.99,$179.98,SHIPPED
108364,2026-03-25,Massive Dynamic,nyc,Gizmo Mini,9,$45.00,$405.00,pending
108365,26/03/2026,Wayne Enterprises,nyc,Widget Pro,27,"$1,234.50","$33,331.50",SHIPPED
108366,2026-03-27,Soylent Co,New York,Widget Pro,18,"$1,234.50","$22,221.00",Shipped
108367,2026-03-28,Globex Incorporated,East,Gizmo Mini,7,$45.00,$515.00,Pending
108368,13/04/2026,Soylent Co,n-y-c,Gadget X,26,"$2,150.00","$55,900.00",Shipped
108369,Apr 2 2026,Stark Industries,East,Widget Lite,18,$89.99,"$1,619.82",shipped
108370,2026-04-03,Acme Corp,New York,Gadget X,6,"$2,150.00","$12,900.00",Pending
108371,13/04/2026,Soylent Co,East,Gizmo Mini,1,$45.00,$45.00,SHIPPED
108372,2026-04-05,Umbrella Ltd,West,Widget Lite,1,$89.99,$89.99,pending
108373,2026-04-06,Acme Corp,nyc,Widget Pro,8,"$1,234.50","$9,876.00",shipped
108374,13/04/2026,Initech,East,Gizmo Mini,26,$45.00,"$1,170.00",pending
108375,13/04/2026,Initech,west,Widget Lite,1,$89.99,$89.99,Pending
108376,2026-04-09,Initech,East,Gadget X,1,"$2,150.00","$2,150.00",pending
108377,2026-04-10,Stark Industries,west,Widget Lite,20,$89.99,"$1,799.80",Pending
108378,2026-04-11,Globex Incorporated,East,Gadget X,25,"$2,150.00","$53,750.00",pending
108379,2026-04-12,Initech,west,Gizmo Mini,1,$45.00,$45.00,Pending
108380,2026-04-13,Hooli,west,Widget Pro,2,"$1,234.50","$2,469.00",Shipped
108381,2026-04-14,Acme Corp,west,Widget Pro,21,"$1,234.50","$25,924.50",Shipped
108382,2026-04-15,Massive Dynamic,west,Widget Lite,16,$89.99,"$1,439.84",Shipped
108383,2026-04-16,Stark Industries,West,Gizmo Mini,28,$45.00,"$1,260.00",SHIPPED
108384,17/04/2026,Vehement Capital,west,Gizmo Mini,12,$45.00,$540.00,pending
108385,2026-04-18,Acme Corp,n-y-c,Widget Lite,21,$89.99,"$1,889.79",Shipped
108386,Apr 19 2026,Soylent Co,East,Gizmo Mini,12,$45.00,$540.00,SHIPPED
108387,2026-04-20,Stark Industries,East,Widget Pro,21,"$1,234.50","$25,924.50",Pending
108388,2026-04-21,Wayne Enterprises,west,Widget Pro,22,"$1,234.50","$27,159.00",Pending
108389,2026-04-22,Globex Incorporated,West,Gadget X,9,"$2,150.00","$19,350.00",Shipped
108390,2026-04-23,Umbrella Ltd,west,Widget Pro,19,"$1,234.50","$23,455.50",Shipped
108391,2026-04-24,Wayne Enterprises,NYC,Gizmo Mini,24,$45.00,"$1,080.00",SHIPPED
108392,2026-04-25,Globex Incorporated,n-y-c,Widget Pro,23,"$1,234.50","$28,393.50",SHIPPED
108393,26/04/2026,Stark Industries,West,Widget Pro,13,"$1,234.50","$16,048.50",shipped
108394,2026-04-27,Stark Industries,New York,Gadget X,7,"$2,150.00","$15,050.00",shipped
108395,2026-04-28,Acme Corp,East,Widget Pro,3,"$1,234.50","$3,703.50",Shipped
108396,13/03/2026,Globex Incorporated,nyc,Gadget X,15,"$2,150.00","$32,250.00",SHIPPED
108397,2026-03-02,Stark Industries,west,Gizmo Mini,11,$45.00,$495.00,Pending
108398,13/03/2026,Globex Incorporated,New York,Gizmo Mini,6,$45.00,$270.00,shipped
108399,2026-03-04,Umbrella Ltd,West,Gizmo Mini,28,$45.00,"$1,260.00",shipped
108400,2026-03-05,Umbrella Ltd,West,Widget Pro,10,"$1,234.50","$12,345.00",pending
108401,2026-03-06,Stark Industries,n-y-c,Gadget X,23,"$2,150.00","$49,450.00",pending
108402,2026-03-07,Acme Corp,n-y-c,Gadget X,27,"$2,150.00","$58,050.00",Pending
108403,2026-03-08,Globex Incorporated,nyc,Gadget X,6,"$2,150.00","$12,900.00",Shipped
108404,13/03/2026,Wayne Enterprises,East,Gizmo Mini,30,$45.00,"$1,350.00",pending
108405,2026-03-10,Soylent Co,west,Gizmo Mini,21,$45.00,$945.00,SHIPPED
108406,2026-03-11,Umbrella Ltd,NYC,Widget Pro,5,"$1,234.50","$6,172.50",pending
108407,2026-03-12,Umbrella Ltd,NYC,Widget Pro,5,"$1,234.50","$6,172.50",shipped
108408,2026-03-13,Soylent Co,west,Widget Lite,10,$89.99,$899.90,Shipped
108409,14/03/2026,Stark Industries,East,Gizmo Mini,30,$45.00,"$1,350.00",pending
108410,2026-03-15,Hooli,New York,Gadget X,21,"$2,150.00","$45,150.00",SHIPPED
108411,2026-03-16,Stark Industries,west,Gadget X,3,"$2,150.00","$6,450.00",Shipped
108412,17/03/2026,Initech,west,Widget Pro,1,"$1,234.50","$1,234.50",pending
108413,2026-03-18,Umbrella Ltd,West,Widget Lite,19,$89.99,"$1,709.81",SHIPPED
108414,2026-03-19,Wayne Enterprises,NYC,Widget Lite,29,$89.99,"$2,609.71",pending
108415,2026-03-20,Wayne Enterprises,NYC,Gizmo Mini,15,$45.00,$675.00,pending
108416,Mar 21 2026,Hooli,west,Gadget X,15,"$2,150.00","$32,250.00",SHIPPED
108417,Mar 22 2026,Hooli,NYC,Gadget X,27,"$2,150.00","$58,050.00",Pending
108418,2026-03-23,Vehement Capital,west,Widget Lite,4,$89.99,$359.96,Pending
108419,2026-03-24,Hooli,East,Gizmo Mini,18,$45.00,$810.00,Pending
108420,2026-03-25,Globex Incorporated,West,Gizmo Mini,16,$45.00,$720.00,pending
108421,2026-03-26,Hooli,west,Gizmo Mini,28,$45.00,"$1,260.00",SHIPPED
108422,2026-03-27,Hooli,NYC,Gadget X,16,"$2,150.00","$34,400.00",Shipped
108423,Mar 28 2026,Hooli,East,Gadget X,18,"$2,150.00","$38,700.00",SHIPPED
108424,13/04/2026,Initech,East,Widget Lite,19,$89.99,"$1,709.81",Pending
108425,2026-04-02,Acme Corp,East,Gizmo Mini,20,$45.00,$900.00,SHIPPED
108426,2026-04-03,Initech,New York,Widget Lite,10,$89.99,$899.90,Pending
108427,Apr 4 2026,Hooli,NYC,Widget Pro,30,"$1,234.50","$37,035.00",pending
108428,2026-04-05,Globex Incorporated,West,Gadget X,30,"$2,150.00","$64,500.00",shipped
108429,2026-04-06,Stark Industries,west,Widget Pro,12,"$1,234.50","$14,814.00",SHIPPED
108430,2026-04-07,Umbrella Ltd,West,Gadget X,1,"$2,150.00","$2,150.00",shipped
108431,13/04/2026,Stark Industries,West,Widget Pro,23,"$1,234.50","$28,393.50",pending
108432,Apr 9 2026,Wayne Enterprises,New York,Gadget X,11,"$2,150.00","$23,650.00",pending
108433,2026-04-10,Acme Corp,East,Widget Lite,12,$89.99,"$1,079.88",SHIPPED
108434,Apr 11 2026,Umbrella Ltd,New York,Gizmo Mini,13,$45.00,$585.00,Pending
108435,2026-04-12,Massive Dynamic,West,Gizmo Mini,13,$45.00,$585.00,shipped
108436,2026-04-13,Globex Incorporated,East,Widget Pro,11,"$1,234.50","$13,579.50",Shipped
108437,14/04/2026,Vehement Capital,west,Gizmo Mini,28,$45.00,"$1,260.00",Shipped
108438,Apr 15 2026,Massive Dynamic,East,Widget Lite,1,$89.99,$89.99,shipped
108439,2026-04-16,Initech,New York,Gadget X,8,"$2,150.00","$17,200.00",pending
108440,2026-04-17,Wayne Enterprises,West,Gizmo Mini,20,$45.00,$900.00,SHIPPED
108441,2026-04-18,Soylent Co,New York,Widget Lite,9,$89.99,$809.91,shipped
108442,2026-04-19,Massive Dynamic,East,Gizmo Mini,19,$45.00,$855.00,SHIPPED
108443,2026-04-20,Initech,East,Gadget X,19,"$2,150.00","$40,850.00",shipped
108444,2026-04-21,Umbrella Ltd,west,Widget Lite,5,$89.99,$449.95,SHIPPED
108445,Apr 22 2026,,New York,Widget Pro,4,"$1,234.50","$4,938.00",shipped
108446,23/04/2026,Massive Dynamic,West,Gadget X,15,"$2,150.00","$32,250.00",pending
108447,2026-04-24,Initech,East,Gadget X,8,"$2,150.00","$17,200.00",Pending
108448,2026-04-25,Umbrella Ltd,West,Gadget X,7,"$2,150.00","$15,050.00",Shipped
108449,2026-04-26,Umbrella Ltd,East,Widget Lite,12,$89.99,"$1,079.88",Shipped
108450,2026-04-27,Initech,East,Widget Pro,25,"$1,234.50","$30,862.50",Pending
108451,28/04/2026,Soylent Co,East,Widget Pro,12,"$1,234.50","$14,814.00",Shipped
108452,2026-03-01,Massive Dynamic,East,Gadget X,23,"$2,150.00","$49,450.00",pending
108453,2026-03-02,Vehement Capital,East,Widget Lite,22,$89.99,"$1,979.78",pending
108454,2026-03-03,Initech,East,Gadget X,17,"$2,150.00","$36,550.00",Pending
108455,2026-03-04,Soylent Co,New York,Gizmo Mini,6,$45.00,$270.00,pending
108456,13/03/2026,Globex Incorporated,East,Widget Lite,7,$89.99,$629.93,Pending
108457,Mar 6 2026,Stark Industries,East,Widget Lite,1,$89.99,$89.99,pending
108458,2026-03-07,Wayne Enterprises,East,Gadget X,15,"$2,150.00","$32,250.00",SHIPPED
108459,Mar 8 2026,Soylent Co,west,Widget Lite,16,$89.99,"$1,439.84",SHIPPED
108460,2026-03-09,Soylent Co,nyc,Widget Lite,6,$89.99,$539.94,shipped
108461,2026-03-10,Soylent Co,west,Gadget X,30,"$2,150.00","$64,500.00",Pending
108462,2026-03-11,Soylent Co,West,Gizmo Mini,9,$45.00,$405.00,SHIPPED
108463,2026-03-12,Umbrella Ltd,West,Widget Lite,8,$89.99,$719.92,Pending
108464,2026-03-13,Initech,nyc,Gizmo Mini,23,$45.00,"$1,035.00",shipped
108465,Mar 14 2026,Soylent Co,West,Widget Pro,11,"$1,234.50","$13,579.50",shipped
108466,2026-03-15,Acme Corp,n-y-c,Widget Lite,22,$89.99,"$1,979.78",pending
108467,2026-03-16,Wayne Enterprises,nyc,Gizmo Mini,20,$45.00,$900.00,Shipped
108468,2026-03-17,Umbrella Ltd,East,Widget Pro,7,"$1,234.50","$8,641.50",shipped
108469,18/03/2026,Umbrella Ltd,New York,Widget Pro,27,"$1,234.50","$33,331.50",SHIPPED
108470,2026-03-19,Massive Dynamic,East,Gadget X,17,"$2,150.00","$36,550.00",Pending
108471,2026-03-20,Wayne Enterprises,n-y-c,Widget Lite,26,$89.99,"$2,339.74",shipped
108472,21/03/2026,Initech,NYC,Widget Pro,2,"$1,234.50","$2,469.00",shipped
108473,2026-03-22,Massive Dynamic,west,Widget Lite,24,$89.99,"$2,159.76",shipped
108474,Mar 23 2026,Acme Corp,East,Widget Pro,25,"$1,234.50","$30,862.50",SHIPPED
108475,2026-03-24,Initech,n-y-c,Gizmo Mini,7,$45.00,$315.00,Shipped
108476,2026-03-25,Wayne Enterprises,East,Widget Lite,26,$89.99,"$2,339.74",pending
108477,2026-03-26,Acme Corp,n-y-c,Gadget X,24,"$2,150.00","$51,600.00",pending
108478,Mar 27 2026,Hooli,n-y-c,Widget Pro,16,"$1,234.50","$19,752.00",pending
108479,Mar 28 2026,Soylent Co,East,Gadget X,5,"$2,150.00","$10,750.00",pending
108480,13/04/2026,Hooli,East,Gadget X,11,"$2,150.00","$23,650.00",SHIPPED
108481,2026-04-02,Umbrella Ltd,West,Gizmo Mini,24,$45.00,"$1,080.00",Pending
108482,13/04/2026,Wayne Enterprises,East,Widget Lite,28,$89.99,"$2,519.72",shipped
108483,2026-04-04,Globex Incorporated,East,Gadget X,21,"$2,150.00","$45,150.00",pending
108484,2026-04-05,Soylent Co,East,Widget Lite,14,$89.99,"$1,259.86",Pending
108485,2026-04-06,Stark Industries,New York,Gadget X,15,"$2,150.00","$32,250.00",pending
108486,2026-04-07,Initech,nyc,Widget Pro,13,"$1,234.50","$16,048.50",pending
108487,13/04/2026,Acme Corp,NYC,Gizmo Mini,30,$45.00,"$1,350.00",Shipped
108488,2026-04-09,Hooli,East,Gizmo Mini,1,$45.00,$45.00,pending
108489,Apr 10 2026,Massive Dynamic,west,Gadget X,21,"$2,150.00","$45,150.00",SHIPPED
108490,2026-04-11,Massive Dynamic,West,Gadget X,14,"$2,150.00","$30,100.00",Pending
108491,2026-04-12,Umbrella Ltd,East,Gadget X,27,"$2,150.00","$58,050.00",SHIPPED
108492,Apr 13 2026,Hooli,nyc,Widget Pro,3,"$1,234.50","$3,703.50",pending
108493,2026-04-14,Massive Dynamic,New York,Widget Lite,19,$89.99,"$1,709.81",Shipped
108494,2026-04-15,Acme Corp,East,Widget Lite,2,$89.99,$179.98,pending
108495,2026-04-16,Globex Incorporated,East,Widget Pro,13,"$1,234.50","$16,048.50",pending
108496,17/04/2026,Umbrella Ltd,west,Gadget X,7,"$2,150.00","$15,050.00",pending
108497,Apr 18 2026,Wayne Enterprises,East,Widget Pro,30,"$1,234.50","$37,035.00",Shipped
108498,19/04/2026,Stark Industries,East,Gizmo Mini,4,$45.00,$180.00,pending
108499,2026-04-20,Globex Incorporated,west,Widget Lite,12,$89.99,"$1,079.88",SHIPPED
108500,Apr 21 2026,Initech,NYC,Widget Pro,6,"$1,234.50","$7,407.00",Pending
108501,2026-04-22,Acme Corp,New York,Gizmo Mini,17,$45.00,$765.00,shipped
108502,2026-04-23,Globex Incorporated,East,Gadget X,2,"$2,150.00","$4,300.00",Pending
108503,2026-04-24,Massive Dynamic,West,Widget Pro,5,"$1,234.50","$6,172.50",Pending
108504,2026-04-25,Globex Incorporated,nyc,Widget Lite,3,$89.99,$269.97,pending
108505,2026-04-26,Hooli,n-y-c,Widget Lite,28,$89.99,"$2,519.72",Shipped
108506,2026-04-27,Massive Dynamic,East,Widget Lite,10,$89.99,$899.90,shipped
108507,28/04/2026,Initech,NYC,Widget Lite,14,$89.99,"$1,259.86",Pending
108508,2026-03-01,Hooli,New York,Widget Pro,-6,"$1,234.50","-$7,407.00",cancelled
108509,2026-03-02,Massive Dynamic,West,Widget Pro,22,"$1,234.50","$27,159.00",pending
108510,13/03/2026,Wayne Enterprises,New York,Gizmo Mini,17,$45.00,$765.00,Pending
108511,2026-03-04,Stark Industries,West,Gadget X,5,"$2,150.00","$10,750.00",shipped
108512,Mar 5 2026,Hooli,West,Widget Pro,17,"$1,234.50","$20,986.50",SHIPPED
108513,13/03/2026,Initech,East,Gizmo Mini,26,$45.00,"$1,170.00",SHIPPED
108514,2026-03-07,Stark Industries,west,Gadget X,11,"$2,150.00","$23,650.00",Shipped
108515,2026-03-08,Hooli,west,Widget Lite,24,$89.99,"$2,159.76",pending
108516,Mar 9 2026,Vehement Capital,West,Widget Pro,20,"$1,234.50","$24,690.00",SHIPPED
108517,2026-03-10,Massive Dynamic,East,Gizmo Mini,26,$45.00,"$1,170.00",shipped
108518,2026-03-11,Acme Corp,West,Gadget X,11,"$2,150.00","$23,650.00",shipped
108519,2026-03-12,Wayne Enterprises,East,Widget Pro,4,"$1,234.50","$4,938.00",Pending
108520,2026-03-13,Initech,West,Widget Lite,18,$89.99,"$1,619.82",Pending
108521,2026-03-14,Wayne Enterprises,West,Gadget X,3,"$2,150.00","$6,450.00",pending
108522,Mar 15 2026,Soylent Co,west,Widget Lite,18,$89.99,"$1,619.82",SHIPPED
108523,2026-03-16,Initech,East,Widget Lite,23,$89.99,"$2,069.77",Pending
108524,2026-03-17,Soylent Co,New York,Gadget X,12,"$2,150.00","$25,800.00",Pending
108525,2026-03-18,Vehement Capital,n-y-c,Gadget X,22,"$2,150.00","$47,300.00",Shipped
108526,19/03/2026,Globex Incorporated,nyc,Gadget X,10,"$2,150.00","$21,500.00",pending
108527,2026-03-20,Umbrella Ltd,NYC,Gizmo Mini,4,$45.00,$180.00,SHIPPED
108528,2026-03-21,Vehement Capital,East,Gadget X,16,"$2,150.00","$34,400.00",shipped
108529,Mar 22 2026,Umbrella Ltd,East,Widget Lite,28,$89.99,"$2,519.72",Pending
108530,2026-03-23,Hooli,west,Gizmo Mini,23,$45.00,"$1,035.00",Pending
108531,2026-03-24,Stark Industries,East,Widget Pro,30,"$1,234.50","$37,035.00",Shipped
108532,2026-03-25,Massive Dynamic,East,Widget Lite,25,$89.99,"$2,249.75",Shipped
108533,2026-03-26,Massive Dynamic,West,Gadget X,17,"$2,150.00","$36,550.00",shipped
108534,2026-03-27,Soylent Co,NYC,Gizmo Mini,16,$45.00,$720.00,SHIPPED
108535,2026-03-28,Massive Dynamic,nyc,Widget Pro,13,"$1,234.50","$16,048.50",pending
108536,2026-04-01,Acme Corp,East,Gadget X,15,"$2,150.00","$32,250.00",Pending
108537,13/04/2026,Hooli,East,Widget Lite,2,$89.99,$179.98,pending
108538,13/04/2026,Initech,n-y-c,Widget Pro,29,"$1,234.50","$35,800.50",pending
108539,2026-04-04,Acme Corp,East,Widget Lite,7,$89.99,$629.93,Pending
108540,Apr 5 2026,Stark Industries,n-y-c,Widget Lite,4,$89.99,$359.96,pending
108541,Apr 6 2026,Initech,n-y-c,Widget Pro,12,"$1,234.50","$14,814.00",SHIPPED
108542,2026-04-07,Stark Industries,West,Widget Lite,6,$89.99,$539.94,SHIPPED
108543,13/04/2026,Globex Incorporated,n-y-c,Widget Lite,14,$89.99,"$1,259.86",SHIPPED
108544,13/04/2026,Stark Industries,West,Gadget X,13,"$2,150.00","$27,950.00",pending
108545,2026-04-10,Wayne Enterprises,west,Widget Pro,22,"$1,234.50","$27,159.00",Shipped
108546,2026-04-11,Hooli,west,Widget Lite,27,$89.99,"$2,429.73",Pending
108547,2026-04-12,Soylent Co,East,Gadget X,29,"$2,150.00","$62,350.00",pending
108548,2026-04-13,Vehement Capital,West,Gizmo Mini,13,$45.00,$585.00,SHIPPED
108549,14/04/2026,Wayne Enterprises,East,Widget Pro,15,"$1,234.50","$18,517.50",Shipped
108550,15/04/2026,Umbrella Ltd,west,Widget Pro,3,"$1,234.50","$3,703.50",Shipped
108551,2026-04-16,Globex Incorporated,n-y-c,Gadget X,16,"$2,150.00","$34,400.00",SHIPPED
108552,2026-04-17,Soylent Co,n-y-c,Gadget X,18,"$2,150.00","$38,700.00",Shipped
108553,2026-04-18,Umbrella Ltd,East,Widget Pro,6,"$1,234.50","$7,407.00",Pending
108554,2026-04-19,,west,Widget Lite,23,$89.99,"$2,069.77",pending
108555,20/04/2026,Massive Dynamic,East,Gadget X,22,"$2,150.00","$47,300.00",pending
108556,21/04/2026,Acme Corp,west,Widget Pro,18,"$1,234.50","$22,221.00",SHIPPED
108557,2026-04-22,Globex Incorporated,East,Gadget X,4,"$2,150.00","$8,600.00",Shipped
108558,2026-04-23,Initech,n-y-c,Widget Pro,14,"$1,234.50","$17,283.00",SHIPPED
108559,2026-04-24,Initech,NYC,Gadget X,10,"$2,150.00","$21,500.00",pending
108560,2026-04-25,Massive Dynamic,West,Widget Lite,10,$89.99,$899.90,Pending
108561,26/04/2026,Umbrella Ltd,west,Gadget X,30,"$2,150.00","$64,500.00",Pending
108562,2026-04-27,Wayne Enterprises,West,Widget Pro,17,"$1,234.50","$20,986.50",Pending
108563,2026-04-28,Massive Dynamic,West,Widget Pro,21,"$1,234.50","$25,924.50",Pending
108564,2026-03-01,Umbrella Ltd,East,Widget Pro,2,"$1,234.50","$2,469.00",pending
108565,2026-03-02,Vehement Capital,n-y-c,Widget Pro,13,"$1,234.50","$16,048.50",SHIPPED
108566,13/03/2026,Umbrella Ltd,NYC,Widget Pro,28,"$1,234.50","$34,566.00",SHIPPED
108567,13/03/2026,Massive Dynamic,west,Widget Pro,20,"$1,234.50","$24,690.00",SHIPPED
108568,2026-03-05,Umbrella Ltd,New York,Widget Lite,7,$89.99,$629.93,SHIPPED
108569,2026-03-06,Soylent Co,west,Widget Pro,3,"$1,234.50","$3,703.50",Shipped
108570,13/03/2026,Wayne Enterprises,East,Widget Pro,14,"$1,234.50","$17,283.00",pending
108571,2026-03-08,Initech,East,Gadget X,17,"$2,150.00","$36,550.00",pending
108572,13/03/2026,Stark Industries,East,Widget Pro,26,"$1,234.50","$32,097.00",Pending
108573,2026-03-10,Umbrella Ltd,East,Gadget X,8,"$2,150.00","$17,200.00",Shipped
108574,13/03/2026,,West,Widget Pro,9,"$1,234.50","$11,110.50",Shipped
108575,2026-03-12,Stark Industries,nyc,Widget Lite,10,$89.99,$899.90,Shipped
108576,2026-03-13,Vehement Capital,East,Gadget X,24,"$2,150.00","$51,600.00",pending
108577,2026-03-14,Wayne Enterprises,NYC,Widget Lite,28,$89.99,"$2,519.72",Shipped
108578,2026-03-15,Vehement Capital,East,Gizmo Mini,17,$45.00,$765.00,Pending
108579,2026-03-16,Globex Incorporated,West,Gadget X,22,"$2,150.00","$47,300.00",Pending
108580,2026-03-17,Acme Corp,n-y-c,Gizmo Mini,25,$45.00,"$1,125.00",Pending
108581,2026-03-18,Stark Industries,west,Widget Lite,6,$89.99,$539.94,Pending
108582,19/03/2026,Wayne Enterprises,NYC,Gadget X,23,"$2,150.00","$49,450.00",shipped
108583,2026-03-20,Massive Dynamic,NYC,Widget Lite,20,$89.99,"$1,799.80",Shipped
108584,2026-03-21,Acme Corp,west,Widget Pro,28,"$1,234.50","$34,566.00",Pending
108585,Mar 22 2026,Soylent Co,East,Widget Lite,23,$89.99,"$2,069.77",Pending
108586,2026-03-23,Vehement Capital,East,Widget Pro,29,"$1,234.50","$35,800.50",Pending
108587,2026-03-24,Acme Corp,New York,Widget Pro,17,"$1,234.50","$20,986.50",Pending
108588,2026-03-25,Acme Corp,west,Widget Lite,3,$89.99,$269.97,Shipped
108589,26/03/2026,Umbrella Ltd,West,Widget Pro,16,"$1,234.50","$19,752.00",pending
108590,Mar 27 2026,Umbrella Ltd,East,Gadget X,12,"$2,150.00","$25,800.00",Shipped
108591,2026-03-28,Globex Incorporated,n-y-c,Widget Lite,27,$89.99,"$2,429.73",Pending
108592,2026-04-01,Wayne Enterprises,East,Widget Pro,4,"$1,234.50","$4,938.00",pending
108593,Apr 2 2026,Hooli,West,Gizmo Mini,13,$45.00,$585.00,pending
108594,Apr 3 2026,Stark Industries,East,Widget Pro,1,"$1,234.50","$1,234.50",Pending
108595,2026-04-04,Acme Corp,west,Gadget X,27,"$2,150.00","$58,050.00",Pending
108596,Apr 5 2026,Initech,East,Widget Lite,1,$89.99,$89.99,Pending
108597,13/04/2026,Umbrella Ltd,East,Widget Pro,25,"$1,234.50","$30,862.50",Pending
108598,2026-04-07,Wayne Enterprises,West,Gizmo Mini,3,$45.00,$135.00,SHIPPED
108599,Apr 8 2026,Stark Industries,west,Gadget X,11,"$2,150.00","$23,650.00",SHIPPED
108600,13/04/2026,Massive Dynamic,East,Widget Lite,8,$89.99,$719.92,Shipped
108601,2026-04-10,Hooli,n-y-c,Widget Lite,19,$89.99,"$1,709.81",SHIPPED
108602,Apr 11 2026,Massive Dynamic,West,Gizmo Mini,28,$45.00,"$1,260.00",Pending
108603,2026-04-12,Initech,n-y-c,Gizmo Mini,14,$45.00,$630.00,pending
108604,2026-04-13,Globex Incorporated,NYC,Widget Lite,13,$89.99,"$1,169.87",pending
108605,2026-04-14,Massive Dynamic,nyc,Gadget X,2,"$2,150.00","$4,300.00",Pending
108606,2026-04-15,Stark Industries,West,Gadget X,30,"$2,150.00","$64,500.00",pending
108607,2026-04-16,Vehement Capital,West,Gizmo Mini,10,$45.00,$450.00,Pending
108608,2026-04-17,Massive Dynamic,West,Widget Pro,,"$1,234.50","$9,876.00",Pending
108609,2026-04-18,Globex Incorporated,west,Gizmo Mini,28,$45.00,"$1,260.00",pending
108610,Apr 19 2026,Stark Industries,West,Gizmo Mini,3,$45.00,$135.00,SHIPPED
108611,2026-04-20,Wayne Enterprises,west,Gizmo Mini,10,$45.00,$450.00,shipped
108612,21/04/2026,Stark Industries,West,Widget Pro,1,"$1,234.50","$1,234.50",pending
108613,22/04/2026,Hooli,East,Gadget X,7,"$2,150.00","$15,050.00",Pending
108614,2026-04-23,Vehement Capital,west,Widget Lite,7,$89.99,$629.93,Pending
108615,2026-04-24,Wayne Enterprises,West,Gadget X,11,"$2,150.00","$23,650.00",SHIPPED
108616,2026-04-25,Umbrella Ltd,nyc,Widget Pro,5,"$1,234.50","$6,172.50",shipped
108617,2026-04-26,Umbrella Ltd,East,Gizmo Mini,9,$45.00,$405.00,Pending
108618,27/04/2026,Massive Dynamic,East,Gadget X,1,"$2,150.00","$2,150.00",Shipped
108619,2026-04-28,Stark Industries,East,Widget Lite,7,$89.99,$629.93,SHIPPED
108620,2026-03-01,Umbrella Ltd,New York,Gadget X,16,"$2,150.00","$34,400.00",Pending
108621,13/03/2026,Acme Corp,west,Gizmo Mini,25,$45.00,"$1,125.00",SHIPPED
108622,13/03/2026,Hooli,nyc,Widget Pro,11,"$1,234.50","$13,579.50",SHIPPED
108623,2026-03-04,Stark Industries,East,Widget Pro,25,"$1,234.50","$30,862.50",SHIPPED
108624,2026-03-05,Acme Corp,East,Gadget X,26,"$2,150.00","$55,900.00",pending
108625,2026-03-06,Umbrella Ltd,west,Gizmo Mini,25,$45.00,"$1,125.00",shipped
108626,2026-03-07,Umbrella Ltd,East,Gizmo Mini,12,$45.00,$540.00,SHIPPED
108627,2026-03-08,Massive Dynamic,East,Gadget X,11,"$2,150.00","$23,650.00",pending
108628,2026-03-09,Massive Dynamic,nyc,Widget Pro,10,"$1,234.50","$12,345.00",pending
108629,13/03/2026,Globex Incorporated,East,Gizmo Mini,20,$45.00,$900.00,SHIPPED
108630,2026-03-11,Globex Incorporated,n-y-c,Widget Lite,30,$89.99,"$2,699.70",SHIPPED
108631,13/03/2026,Soylent Co,West,Gizmo Mini,9,$45.00,$405.00,pending
108632,Mar 13 2026,Massive Dynamic,NYC,Gadget X,11,"$2,150.00","$23,650.00",shipped
108633,2026-03-14,Stark Industries,nyc,Widget Lite,10,$89.99,$899.90,Shipped
108634,15/03/2026,Hooli,West,Widget Lite,29,$89.99,"$2,609.71",SHIPPED
108635,16/03/2026,Umbrella Ltd,West,Gizmo Mini,23,$45.00,"$1,035.00",Pending
108636,Mar 17 2026,Vehement Capital,west,Gizmo Mini,23,$45.00,"$1,035.00",SHIPPED
108637,Mar 18 2026,Massive Dynamic,East,Widget Pro,12,"$1,234.50","$14,814.00",SHIPPED
108637,Mar 18 2026, Massive Dynamic ,EAST,Widget Pro,12,"$1,234.50","$14,814.00",SHIPPED
108638,2026-03-20,Globex Incorporated,East,Gizmo Mini,11,$45.00,$495.00,SHIPPED
108639,2026-03-21,Massive Dynamic,NYC,Widget Pro,19,"$1,234.50","$23,455.50",Shipped
108640,2026-03-22,Globex Incorporated,East,Gadget X,15,"$2,150.00","$32,250.00",Pending
108641,2026-03-23,Soylent Co,East,Widget Lite,2,$89.99,$179.98,Shipped
108642,2026-03-24,Umbrella Ltd,East,Widget Pro,3,"$1,234.50","$3,703.50",shipped
108643,25/03/2026,Soylent Co,west,Gadget X,24,"$2,150.00","$51,600.00",pending
108644,2026-03-26,Umbrella Ltd,NYC,Gizmo Mini,24,$45.00,"$1,080.00",Shipped
108645,2026-03-27,Soylent Co,East,Gadget X,19,"$2,150.00","$40,850.00",SHIPPED
108646,2026-03-28,Acme Corp,East,Widget Lite,22,$89.99,"$1,979.78",pending
108647,2026-04-01,Stark Industries,West,Widget Pro,20,"$1,234.50","$24,690.00",pending
108648,2026-04-02,Massive Dynamic,East,Widget Lite,29,$89.99,"$2,609.71",Shipped
108649,Apr 3 2026,Soylent Co,West,Widget Pro,5,"$1,234.50","$6,172.50",Shipped
108650,Apr 4 2026,Soylent Co,East,Widget Lite,26,$89.99,"$2,339.74",SHIPPED
108651,2026-04-05,Massive Dynamic,NYC,Gadget X,16,"$2,150.00","$34,400.00",Shipped
108652,2026-04-06,Soylent Co,East,Gizmo Mini,22,$45.00,$990.00,SHIPPED
108653,13/04/2026,Globex Incorporated,East,Gizmo Mini,17,$45.00,$765.00,Shipped
108654,2026-04-08,Globex Incorporated,west,Gadget X,6,"$2,150.00","$12,900.00",Pending
108655,2026-04-09,Acme Corp,New York,Gadget X,12,"$2,150.00","$25,800.00",pending
108656,13/04/2026,Massive Dynamic,n-y-c,Widget Pro,15,"$1,234.50","$18,517.50",Shipped
108657,Apr 11 2026,Hooli,East,Gadget X,6,"$2,150.00","$12,900.00",pending
108658,2026-04-12,Initech,West,Widget Lite,28,$89.99,"$2,519.72",pending
108659,13/04/2026,Initech,West,Gadget X,21,"$2,150.00","$45,150.00",pending
108660,2026-04-14,Stark Industries,west,Gizmo Mini,20,$45.00,$900.00,Shipped
108661,2026-04-15,Wayne Enterprises,East,Widget Lite,,$89.99,$809.91,pending
108662,2026-04-16,Acme Corp,East,Gizmo Mini,21,$45.00,$945.00,shipped
108663,Apr 17 2026,Initech,East,Gadget X,15,"$2,150.00","$32,250.00",pending
108664,18/04/2026,Massive Dynamic,west,Gizmo Mini,14,$45.00,$630.00,Pending
108665,19/04/2026,Wayne Enterprises,West,Gadget X,10,"$2,150.00","$21,500.00",SHIPPED
108666,2026-04-20,Globex Incorporated,NYC,Gadget X,10,"$2,150.00","$21,500.00",pending
108667,2026-04-21,Massive Dynamic,East,Widget Pro,3,"$1,234.50","$3,703.50",shipped
108668,22/04/2026,Acme Corp,East,Widget Lite,27,$89.99,"$2,429.73",SHIPPED
108669,23/04/2026,Globex Incorporated,n-y-c,Gadget X,18,"$2,150.00","$38,700.00",shipped
108670,2026-04-24,Vehement Capital,n-y-c,Widget Lite,22,$89.99,"$1,979.78",pending
108671,2026-04-25,Acme Corp,West,Gadget X,23,"$2,150.00","$49,450.00",Shipped
108672,2026-04-26,Stark Industries,West,Gadget X,30,"$2,150.00","$64,500.00",SHIPPED
108672,2026-04-26, Stark Industries ,WEST,Gadget X,30,"$2,150.00","$64,500.00",SHIPPED
108673,2026-04-28,Vehement Capital,East,Gizmo Mini,20,$45.00,$900.00,pending
108674,2026-03-01,Vehement Capital,west,Widget Lite,15,$89.99,"$1,349.85",shipped
108675,2026-03-02,Acme Corp,New York,Gadget X,6,"$2,150.00","$12,900.00",shipped
108676,2026-03-03,Umbrella Ltd,East,Widget Lite,10,$89.99,$899.90,Shipped
108677,2026-03-04,Globex Incorporated,West,Gadget X,22,"$2,150.00","$47,300.00",pending
108678,2026-03-05,Soylent Co,East,Gizmo Mini,1,$45.00,$45.00,shipped
108679,2026-03-06,Vehement Capital,West,Gadget X,3,"$2,150.00","$6,450.00",pending
108680,2026-03-07,Wayne Enterprises,East,Widget Lite,13,$89.99,"$1,169.87",SHIPPED
108681,13/03/2026,Umbrella Ltd,west,Widget Pro,3,"$1,234.50","$3,703.50",shipped
108682,2026-03-09,Globex Incorporated,East,Widget Pro,27,"$1,234.50","$33,331.50",pending
108683,2026-03-10,Massive Dynamic,West,Widget Lite,8,$89.99,$719.92,SHIPPED
108684,2026-03-11,Soylent Co,West,Gadget X,30,"$2,150.00","$64,500.00",pending
108685,2026-03-12,Globex Incorporated,west,Gadget X,24,"$2,150.00","$51,600.00",Shipped
108686,2026-03-13,Soylent Co,west,Gadget X,27,"$2,150.00","$58,050.00",shipped
108687,2026-03-14,Hooli,East,Widget Lite,20,$89.99,"$1,799.80",Pending
108688,2026-03-15,Massive Dynamic,nyc,Gadget X,23,"$2,150.00","$49,450.00",SHIPPED
108689,2026-03-16,Acme Corp,West,Widget Lite,3,$89.99,$269.97,pending
108690,2026-03-17,Globex Incorporated,NYC,Gizmo Mini,24,$45.00,"$1,080.00",Pending
108691,2026-03-18,Soylent Co,west,Gadget X,11,"$2,150.00","$23,650.00",Pending
108692,2026-03-19,Initech,n-y-c,Gizmo Mini,18,$45.00,$810.00,Shipped
108693,2026-03-20,Soylent Co,East,Widget Lite,1,$89.99,$89.99,shipped
108694,21/03/2026,Umbrella Ltd,West,Gizmo Mini,26,$45.00,"$1,170.00",shipped
108695,2026-03-22,Globex Incorporated,East,Widget Pro,24,"$1,234.50","$29,628.00",SHIPPED
108696,2026-03-23,Stark Industries,West,Gizmo Mini,29,$45.00,"$1,305.00",Shipped
108697,Mar 24 2026,Massive Dynamic,west,Gadget X,29,"$2,150.00","$62,350.00",shipped
108698,2026-03-25,Hooli,West,Widget Lite,27,$89.99,"$2,429.73",SHIPPED
108699,2026-03-26,Stark Industries,west,Gadget X,7,"$2,150.00","$15,050.00",SHIPPED
108700,2026-03-27,Wayne Enterprises,East,Widget Lite,6,$89.99,$539.94,Shipped
108701,28/03/2026,Vehement Capital,New York,Gizmo Mini,10,$45.00,$450.00,pending
108702,2026-04-01,Umbrella Ltd,NYC,Gadget X,23,"$2,150.00","$49,450.00",SHIPPED
108703,2026-04-02,Massive Dynamic,nyc,Gadget X,27,"$2,150.00","$58,050.00",pending
108704,13/04/2026,Acme Corp,East,Gizmo Mini,28,$45.00,"$1,260.00",SHIPPED
108705,2026-04-04,Globex Incorporated,NYC,Widget Pro,11,"$1,234.50","$13,579.50",shipped
108706,2026-04-05,Massive Dynamic,East,Gadget X,15,"$2,150.00","$32,250.00",pending
108707,2026-04-06,Acme Corp,East,Gizmo Mini,11,$45.00,$495.00,shipped
108708,2026-04-07,Acme Corp,west,Gizmo Mini,25,$45.00,"$1,125.00",SHIPPED
108709,2026-04-08,Globex Incorporated,nyc,Gadget X,29,"$2,150.00","$62,350.00",Pending
108710,2026-04-09,Soylent Co,East,Widget Pro,19,"$1,234.50","$23,455.50",Shipped
108711,13/04/2026,Umbrella Ltd,East,Gadget X,6,"$2,150.00","$12,900.00",Shipped
108712,13/04/2026,Initech,west,Gadget X,16,"$2,150.00","$34,400.00",shipped
108713,2026-04-12,Hooli,NYC,Gadget X,15,"$2,150.00","$32,250.00",SHIPPED
108714,2026-04-13,Massive Dynamic,East,Gizmo Mini,4,$45.00,$180.00,shipped
108715,2026-04-14,Massive Dynamic,nyc,Widget Pro,18,"$1,234.50","$22,221.00",SHIPPED
108716,2026-04-15,Umbrella Ltd,East,Widget Pro,3,"$1,234.50","$3,703.50",SHIPPED
108717,Apr 16 2026,Stark Industries,west,Gadget X,23,"$2,150.00","$49,450.00",pending
108718,2026-04-17,Soylent Co,west,Widget Pro,18,"$1,234.50","$22,221.00",Pending
108719,2026-04-18,Soylent Co,nyc,Gadget X,4,"$2,150.00","$8,600.00",Shipped
108720,19/04/2026,Soylent Co,East,Gadget X,28,"$2,150.00","$60,200.00",Pending
108721,Apr 20 2026,Globex Incorporated,West,Widget Pro,14,"$1,234.50","$17,283.00",pending
108722,21/04/2026,Wayne Enterprises,nyc,Widget Lite,12,$89.99,"$1,079.88",Shipped
108723,2026-04-22,Stark Industries,n-y-c,Widget Lite,14,$89.99,"$1,689.86",SHIPPED
108724,2026-04-23,Acme Corp,East,Gizmo Mini,23,$45.00,"$1,035.00",pending
108725,2026-04-24,Hooli,n-y-c,Gizmo Mini,28,$45.00,"$1,260.00",SHIPPED
108726,2026-04-25,Soylent Co,West,Widget Lite,23,$89.99,"$2,069.77",SHIPPED
108727,26/04/2026,Massive Dynamic,West,Gadget X,29,"$2,150.00","$62,350.00",SHIPPED
108728,27/04/2026,Hooli,New York,Widget Lite,15,$89.99,"$1,349.85",pending
108729,28/04/2026,Soylent Co,East,Gizmo Mini,20,$45.00,$900.00,pending
108730,2026-03-01,Initech,East,Gizmo Mini,13,$45.00,$585.00,pending
108731,2026-03-02,Stark Industries,West,Widget Lite,2,$89.99,$179.98,pending
108732,13/03/2026,Initech,West,Gadget X,23,"$2,150.00","$49,450.00",Shipped
108733,2026-03-04,Globex Incorporated,n-y-c,Widget Lite,13,$89.99,"$1,169.87",pending
108734,13/03/2026,Globex Incorporated,New York,Gadget X,5,"$2,150.00","$10,750.00",pending
108735,2026-03-06,Acme Corp,East,Widget Pro,7,"$1,234.50","$8,641.50",Pending
108736,Mar 7 2026,Hooli,West,Gizmo Mini,3,$45.00,$135.00,SHIPPED
108737,2026-03-08,Stark Industries,NYC,Widget Lite,11,$89.99,$989.89,pending
108738,2026-03-09,,New York,Widget Pro,23,"$1,234.50","$28,393.50",SHIPPED
108739,2026-03-10,Acme Corp,West,Gadget X,23,"$2,150.00","$49,450.00",Pending
108740,Mar 11 2026,Massive Dynamic,west,Widget Lite,27,$89.99,"$2,429.73",shipped
108741,2026-03-12,Wayne Enterprises,nyc,Widget Lite,8,$89.99,$719.92,SHIPPED
108742,2026-03-13,Massive Dynamic,nyc,Gizmo Mini,12,$45.00,$540.00,pending
108743,2026-03-14,Stark Industries,East,Gadget X,10,"$2,150.00","$21,500.00",Pending
108744,2026-03-15,Vehement Capital,West,Gizmo Mini,9,$45.00,$405.00,Shipped
108745,2026-03-16,Initech,East,Widget Pro,5,"$1,234.50","$6,172.50",pending
108746,2026-03-17,Hooli,West,Widget Pro,22,"$1,234.50","$27,159.00",pending
108747,2026-03-18,Vehement Capital,New York,Gizmo Mini,8,$45.00,$360.00,shipped
108748,19/03/2026,Stark Industries,NYC,Widget Pro,6,"$1,234.50","$7,407.00",Pending
108749,2026-03-20,Initech,New York,Widget Pro,23,"$1,234.50","$28,393.50",SHIPPED
108750,2026-03-21,Stark Industries,West,Gadget X,16,"$2,150.00","$34,400.00",shipped
108751,2026-03-22,Wayne Enterprises,West,Widget Pro,26,"$1,234.50","$32,097.00",pending
108752,23/03/2026,Stark Industries,East,Gadget X,12,"$2,150.00","$25,800.00",Pending
108753,24/03/2026,Vehement Capital,West,Widget Pro,16,"$1,234.50","$19,752.00",pending
108754,2026-03-25,Wayne Enterprises,nyc,Gadget X,28,"$2,150.00","$60,200.00",shipped
108755,2026-03-26,Massive Dynamic,West,Widget Pro,20,"$1,234.50","$24,690.00",pending
108756,2026-03-27,Initech,n-y-c,Widget Lite,3,$89.99,$269.97,SHIPPED
108757,2026-03-28,Wayne Enterprises,East,Widget Pro,12,"$1,234.50","$14,814.00",pending
108758,2026-04-01,Soylent Co,nyc,Widget Lite,15,$89.99,"$1,349.85",shipped
108759,Apr 2 2026,Hooli,East,Widget Lite,24,$89.99,"$2,159.76",SHIPPED
108760,2026-04-03,Initech,East,Gadget X,9,"$2,150.00","$19,350.00",SHIPPED
108760,2026-04-03,Initech,East,Gadget X,9,"$2,150.00","$19,350.00",SHIPPED
108761,2026-04-05,Wayne Enterprises,west,Gadget X,4,"$2,150.00","$8,600.00",Shipped
108762,13/04/2026,Wayne Enterprises,west,Widget Lite,25,$89.99,"$2,249.75",Pending
108763,13/04/2026,Stark Industries,East,Widget Lite,5,$89.99,$449.95,SHIPPED
108764,2026-04-08,Wayne Enterprises,West,Widget Pro,17,"$1,234.50","$20,986.50",SHIPPED
108765,2026-04-09,Umbrella Ltd,West,Widget Lite,10,$89.99,$899.90,Pending
108766,2026-04-10,Hooli,west,Widget Pro,6,"$1,234.50","$7,407.00",pending
108767,2026-04-11,Globex Incorporated,west,Widget Lite,4,$89.99,$359.96,pending
108768,Apr 12 2026,Umbrella Ltd,n-y-c,Widget Pro,19,"$1,234.50","$23,455.50",Pending
108769,13/04/2026,Globex Incorporated,West,Gizmo Mini,30,$45.00,"$1,350.00",Shipped
108770,2026-04-14,Vehement Capital,nyc,Widget Pro,27,"$1,234.50","$33,331.50",Shipped
108771,2026-04-15,Globex Incorporated,nyc,Widget Lite,27,$89.99,"$2,429.73",SHIPPED
108772,2026-04-16,Stark Industries,East,Widget Pro,21,"$1,234.50","$25,924.50",shipped
108773,2026-04-17,Soylent Co,East,Gizmo Mini,30,$45.00,"$1,350.00",SHIPPED
108774,2026-04-18,Globex Incorporated,west,Widget Pro,28,"$1,234.50","$34,566.00",shipped
108775,2026-04-19,Massive Dynamic,west,Gizmo Mini,29,$45.00,"$1,305.00",shipped
108776,2026-04-20,Globex Incorporated,East,Gadget X,5,"$2,150.00","$10,750.00",Pending
108777,2026-04-21,Acme Corp,East,Gadget X,29,"$2,150.00","$62,350.00",Shipped
108778,2026-04-22,Acme Corp,East,Gizmo Mini,16,$45.00,$720.00,shipped
108779,2026-04-23,Soylent Co,East,Gadget X,2,"$2,150.00","$4,300.00",SHIPPED
108780,2026-04-24,Initech,West,Gadget X,27,"$2,150.00","$58,050.00",Pending
108781,25/04/2026,Globex Incorporated,East,Widget Lite,2,$89.99,$179.98,SHIPPED
108782,2026-04-26,Soylent Co,West,Gadget X,24,"$2,150.00","$51,600.00",Pending
108783,2026-04-27,Stark Industries,East,Gadget X,26,"$2,150.00","$55,900.00",Shipped
108784,28/04/2026,Umbrella Ltd,West,Widget Pro,3,"$1,234.50","$3,703.50",SHIPPED
108785,Mar 1 2026,Massive Dynamic,West,Widget Lite,,$89.99,$359.96,Pending
108786,2026-03-02,Wayne Enterprises,west,Widget Lite,13,$89.99,"$1,169.87",Shipped
108787,2026-03-03,Umbrella Ltd,East,Gizmo Mini,24,$45.00,"$1,080.00",pending
108788,Mar 4 2026,Globex Incorporated,West,Widget Pro,22,"$1,234.50","$27,159.00",shipped
108789,2026-03-05,Massive Dynamic,East,Widget Lite,12,$89.99,"$1,079.88",Pending
108790,Mar 6 2026,Soylent Co,NYC,Gizmo Mini,17,$45.00,$765.00,shipped
108791,2026-03-07,Soylent Co,west,Widget Lite,7,$89.99,$629.93,Shipped
108792,2026-03-08,Soylent Co,n-y-c,Widget Pro,22,"$1,234.50","$27,159.00",Shipped
108793,2026-03-09,Umbrella Ltd,west,Gadget X,28,"$2,150.00","$60,200.00",pending
108794,2026-03-10,Globex Incorporated,East,Gizmo Mini,1,$45.00,$45.00,pending
108795,2026-03-11,Massive Dynamic,nyc,Widget Pro,9,"$1,234.50","$11,110.50",Shipped
108796,13/03/2026,Hooli,New York,Widget Pro,2,"$1,234.50","$2,469.00",Shipped
108797,2026-03-13,Stark Industries,NYC,Gadget X,16,"$2,150.00","$34,400.00",Pending
108798,2026-03-14,Vehement Capital,East,Gadget X,5,"$2,150.00","$10,750.00",shipped
108799,2026-03-15,Initech,nyc,Gadget X,16,"$2,150.00","$34,400.00",Pending
108800,2026-03-16,Massive Dynamic,n-y-c,Widget Lite,29,$89.99,"$2,609.71",SHIPPED
108801,2026-03-17,Initech,New York,Gizmo Mini,15,$45.00,$675.00,pending
108802,2026-03-18,Stark Industries,East,Widget Pro,8,"$1,234.50","$9,876.00",Shipped
108803,19/03/2026,Stark Industries,East,Gadget X,11,"$2,150.00","$23,650.00",SHIPPED
108804,2026-03-20,Wayne Enterprises,East,Widget Pro,22,"$1,234.50","$27,159.00",pending
108805,2026-03-21,Hooli,NYC,Gadget X,20,"$2,150.00","$43,000.00",pending
108806,2026-03-22,Globex Incorporated,nyc,Gadget X,26,"$2,150.00","$55,900.00",pending
108807,23/03/2026,Globex Incorporated,West,Widget Lite,28,$89.99,"$2,519.72",SHIPPED
108808,2026-03-24,Vehement Capital,nyc,Widget Pro,22,"$1,234.50","$27,159.00",Pending
108809,25/03/2026,Soylent Co,NYC,Widget Lite,17,$89.99,"$1,529.83",Pending
108810,2026-03-26,Umbrella Ltd,East,Widget Pro,23,"$1,234.50","$28,393.50",pending
108811,27/03/2026,Umbrella Ltd,nyc,Widget Lite,22,$89.99,"$1,979.78",pending
108812,28/03/2026,Massive Dynamic,East,Gizmo Mini,29,$45.00,"$1,305.00",pending
108813,2026-04-01,Umbrella Ltd,West,Widget Pro,6,"$1,234.50","$7,407.00",Pending
108814,13/04/2026,Acme Corp,west,Widget Pro,14,"$1,234.50","$17,283.00",pending
108815,2026-04-03,Wayne Enterprises,East,Widget Lite,13,$89.99,"$1,169.87",Pending
108816,Apr 4 2026,Stark Industries,West,Widget Pro,12,"$1,234.50","$14,814.00",Pending
108817,2026-04-05,Initech,East,Gadget X,8,"$2,150.00","$17,200.00",pending
108818,13/04/2026,Acme Corp,west,Gizmo Mini,25,$45.00,"$1,125.00",Pending
108819,2026-04-07,Acme Corp,East,Gizmo Mini,8,$45.00,$360.00,shipped
108820,2026-04-08,Acme Corp,East,Widget Pro,29,"$1,234.50","$35,800.50",Pending
108821,Apr 9 2026,Acme Corp,West,Gadget X,1,"$2,150.00","$2,150.00",SHIPPED
108822,2026-04-10,Hooli,NYC,Widget Pro,17,"$1,234.50","$20,986.50",shipped
108823,2026-04-11,Hooli,East,Widget Lite,28,$89.99,"$2,519.72",shipped
108824,13/04/2026,Umbrella Ltd,East,Widget Pro,29,"$1,234.50","$35,800.50",pending
108825,2026-04-13,Vehement Capital,East,Gizmo Mini,27,$45.00,"$1,215.00",shipped
108826,14/04/2026,Vehement Capital,nyc,Widget Lite,3,$89.99,$269.97,Shipped
108827,2026-04-15,Vehement Capital,East,Widget Pro,3,"$1,234.50","$3,703.50",Shipped
108828,2026-04-16,Massive Dynamic,East,Widget Pro,30,"$1,234.50","$37,035.00",Shipped
108829,2026-04-17,Hooli,East,Widget Lite,3,$89.99,$269.97,pending
108830,2026-04-18,Vehement Capital,west,Gizmo Mini,21,$45.00,$945.00,Shipped
108831,2026-04-19,Umbrella Ltd,East,Widget Lite,9,$89.99,$809.91,shipped
108832,20/04/2026,Umbrella Ltd,East,Gadget X,21,"$2,150.00","$45,150.00",pending
108833,21/04/2026,Soylent Co,East,Gizmo Mini,27,$45.00,"$1,215.00",Shipped
108834,22/04/2026,Hooli,West,Widget Pro,12,"$1,234.50","$14,814.00",Shipped
108835,23/04/2026,Vehement Capital,west,Gizmo Mini,30,$45.00,"$1,350.00",Shipped
108836,2026-04-24,Massive Dynamic,East,Widget Pro,15,"$1,234.50","$18,517.50",Pending
108837,2026-04-25,Acme Corp,East,Gadget X,22,"$2,150.00","$47,300.00",Pending
108838,2026-04-26,Massive Dynamic,NYC,Gizmo Mini,19,$45.00,$855.00,shipped
108839,2026-04-27,Globex Incorporated,East,Widget Lite,20,$89.99,"$1,799.80",SHIPPED
108840,2026-04-28,Massive Dynamic,n-y-c,Widget Lite,8,$89.99,$719.92,pending
108841,13/03/2026,Stark Industries,New York,Gadget X,30,"$2,150.00","$64,500.00",shipped
108842,2026-03-02,,East,Widget Lite,18,$89.99,"$1,619.82",Pending
108843,2026-03-03,Soylent Co,West,Gadget X,6,"$2,150.00","$12,900.00",shipped
108844,2026-03-04,Acme Corp,West,Gizmo Mini,8,$45.00,$360.00,shipped
108845,Mar 5 2026,Umbrella Ltd,West,Widget Pro,20,"$1,234.50","$24,690.00",pending
108846,2026-03-06,Umbrella Ltd,East,Widget Pro,,,,SHIPPED
108847,2026-03-07,Umbrella Ltd,West,Gadget X,19,"$2,150.00","$40,850.00",pending
108848,2026-03-08,Initech,west,Widget Pro,29,"$1,234.50","$35,800.50",SHIPPED
108849,13/03/2026,Umbrella Ltd,nyc,Gadget X,30,"$2,150.00","$64,500.00",pending
108850,13/03/2026,Globex Incorporated,New York,Widget Lite,16,$89.99,"$1,439.84",shipped
108851,2026-03-11,Acme Corp,west,Widget Pro,26,"$1,234.50","$32,097.00",Pending
108852,2026-03-12,Massive Dynamic,East,Gadget X,27,"$2,150.00","$58,050.00",SHIPPED
108853,13/03/2026,Initech,west,Gizmo Mini,15,$45.00,$675.00,SHIPPED
108854,Mar 14 2026,Globex Incorporated,west,Gadget X,28,"$2,150.00","$60,200.00",shipped
108855,2026-03-15,Umbrella Ltd,west,Gizmo Mini,10,$45.00,$450.00,Pending
108856,2026-03-16,Vehement Capital,n-y-c,Gizmo Mini,17,$45.00,$765.00,SHIPPED
108857,2026-03-17,Stark Industries,East,Gizmo Mini,24,$45.00,"$1,080.00",Pending
108858,Mar 18 2026,Soylent Co,East,Widget Pro,29,"$1,234.50","$35,800.50",SHIPPED
108859,2026-03-19,Initech,West,Widget Pro,24,"$1,234.50","$29,628.00",pending
108860,2026-03-20,Initech,n-y-c,Widget Pro,14,"$1,234.50","$17,283.00",shipped
108861,2026-03-21,Vehement Capital,west,Gadget X,24,"$2,150.00","$51,600.00",Pending
108862,22/03/2026,Globex Incorporated,West,Widget Lite,21,$89.99,"$1,889.79",shipped
108863,2026-03-23,Wayne Enterprises,East,Gadget X,6,"$2,150.00","$12,900.00",Shipped
108864,Mar 24 2026,Umbrella Ltd,West,Gadget X,18,"$2,150.00","$38,700.00",SHIPPED
108865,2026-03-25,Hooli,East,Gadget X,27,"$2,150.00","$58,050.00",pending
108866,2026-03-26,Hooli,n-y-c,Gadget X,8,"$2,150.00","$17,200.00",Pending
108867,2026-03-27,Umbrella Ltd,East,Widget Pro,13,"$1,234.50","$16,048.50",SHIPPED
108868,2026-03-28,Stark Industries,East,Widget Lite,8,$89.99,$719.92,Pending
108869,2026-04-01,Umbrella Ltd,NYC,Widget Lite,16,$89.99,"$1,439.84",SHIPPED
108870,2026-04-02,Globex Incorporated,East,Widget Pro,2,"$1,234.50","$2,469.00",pending
108871,13/04/2026,Stark Industries,West,Gizmo Mini,19,$45.00,$705.00,shipped
108872,2026-04-04,Acme Corp,East,Widget Pro,24,"$1,234.50","$29,628.00",Pending
108873,2026-04-05,Massive Dynamic,n-y-c,Gadget X,21,"$2,150.00","$45,150.00",pending
108874,2026-04-06,Globex Incorporated,West,Gadget X,24,"$2,150.00","$51,600.00",SHIPPED
108875,2026-04-07,Stark Industries,East,Gizmo Mini,2,$45.00,$90.00,shipped
108876,2026-04-08,Acme Corp,New York,Gizmo Mini,3,$45.00,$135.00,SHIPPED
108877,2026-04-09,Stark Industries,nyc,Gadget X,21,"$2,150.00","$45,150.00",pending
108878,2026-04-10,Wayne Enterprises,West,Gizmo Mini,7,$45.00,$315.00,Shipped
108879,Apr 11 2026,Acme Corp,East,Widget Lite,21,$89.99,"$1,889.79",Pending
108880,2026-04-12,Initech,west,Gadget X,7,"$2,150.00","$15,050.00",shipped
108881,2026-04-13,Stark Industries,East,Widget Pro,17,"$1,234.50","$20,986.50",Pending
108882,2026-04-14,Vehement Capital,New York,Widget Lite,23,$89.99,"$2,069.77",SHIPPED
108883,15/04/2026,Wayne Enterprises,West,Widget Pro,22,"$1,234.50","$27,159.00",shipped
108884,2026-04-16,Acme Corp,NYC,Widget Pro,17,"$1,234.50","$20,986.50",Pending
108885,2026-04-17,Hooli,west,Widget Lite,17,$89.99,"$1,529.83",Pending
108886,2026-04-18,Hooli,New York,Widget Lite,30,$89.99,"$2,699.70",SHIPPED
108887,2026-04-19,Hooli,East,Gadget X,1,"$2,150.00","$2,150.00",pending
108888,2026-04-20,Umbrella Ltd,west,Gizmo Mini,14,$45.00,$630.00,pending
108889,2026-04-21,Soylent Co,East,Widget Pro,24,"$1,234.50","$29,628.00",shipped
108890,2026-04-22,Initech,west,Widget Lite,1,$89.99,$89.99,SHIPPED
108891,2026-04-23,Massive Dynamic,nyc,Gizmo Mini,14,$45.00,$630.00,Pending
108892,2026-04-24,,west,Gizmo Mini,30,$45.00,"$1,350.00",Pending
108893,2026-04-25,Acme Corp,West,Gizmo Mini,20,$45.00,$900.00,Pending
108894,2026-04-26,Vehement Capital,NYC,Gizmo Mini,1,$45.00,$45.00,shipped
108895,2026-04-27,Wayne Enterprises,west,Widget Pro,9,"$1,234.50","$11,110.50",shipped
108896,2026-04-28,Massive Dynamic,west,Widget Pro,21,"$1,234.50","$25,924.50",SHIPPED
108897,2026-03-01,Massive Dynamic,west,Widget Lite,27,$89.99,"$2,429.73",Pending
108898,2026-03-02,Initech,West,Widget Pro,8,"$1,234.50","$9,876.00",pending
108899,2026-03-03,Massive Dynamic,East,Gadget X,29,"$2,150.00","$62,350.00",Pending
108900,2026-03-04,Umbrella Ltd,East,Widget Lite,11,$89.99,$989.89,Shipped
108901,13/03/2026,Stark Industries,n-y-c,Gizmo Mini,8,$45.00,$360.00,pending
108902,13/03/2026,Stark Industries,East,Gizmo Mini,1,$45.00,$45.00,pending
108903,2026-03-07,Acme Corp,n-y-c,Widget Pro,8,"$1,234.50","$9,876.00",Shipped
108904,2026-03-08,Acme Corp,New York,Gizmo Mini,21,$45.00,$945.00,Pending
108905,Mar 9 2026,Vehement Capital,New York,Widget Pro,7,"$1,234.50","$8,641.50",Pending
108906,2026-03-10,Hooli,East,Widget Pro,4,"$1,234.50","$4,938.00",shipped
108907,2026-03-11,Acme Corp,East,Widget Pro,1,"$1,234.50","$1,234.50",Pending
108908,Mar 12 2026,Hooli,East,Widget Pro,20,"$1,234.50","$24,690.00",pending
108909,2026-03-13,Wayne Enterprises,West,Widget Lite,10,$89.99,$899.90,SHIPPED
108910,2026-03-14,Initech,west,Widget Pro,17,"$1,234.50","$20,986.50",Shipped
108911,2026-03-15,Acme Corp,East,Widget Lite,11,$89.99,$989.89,pending
108912,Mar 16 2026,Umbrella Ltd,n-y-c,Widget Pro,21,"$1,234.50","$26,124.50",shipped
108913,2026-03-17,Vehement Capital,East,Gizmo Mini,24,$45.00,"$1,080.00",shipped
108914,2026-03-18,Vehement Capital,East,Widget Pro,16,"$1,234.50","$19,752.00",pending
108915,2026-03-19,Massive Dynamic,West,Widget Pro,11,"$1,234.50","$13,579.50",Shipped
108916,2026-03-20,Globex Incorporated,East,Widget Lite,11,$89.99,$989.89,pending
108917,2026-03-21,Hooli,New York,Widget Pro,22,"$1,234.50","$27,159.00",pending
108918,2026-03-22,Hooli,East,Gizmo Mini,18,$45.00,$810.00,shipped
108919,2026-03-23,Massive Dynamic,west,Gadget X,30,"$2,150.00","$64,500.00",Pending
108920,2026-03-24,Umbrella Ltd,West,Widget Lite,2,$89.99,$179.98,Shipped
108921,2026-03-25,Wayne Enterprises,nyc,Widget Pro,3,"$1,234.50","$3,703.50",shipped
108922,26/03/2026,Globex Incorporated,West,Widget Lite,20,$89.99,"$1,799.80",Shipped
108923,Mar 27 2026,Hooli,nyc,Widget Pro,26,"$1,234.50","$32,097.00",pending
108924,2026-03-28,Massive Dynamic,nyc,Widget Lite,26,$89.99,"$2,339.74",Pending
108925,13/04/2026,Soylent Co,n-y-c,Gizmo Mini,14,$45.00,$630.00,Pending
108926,2026-04-02,Stark Industries,East,Gadget X,6,"$2,150.00","$12,900.00",SHIPPED
108927,13/04/2026,Stark Industries,West,Widget Lite,15,$89.99,"$1,349.85",Pending
108928,13/04/2026,Hooli,NYC,Widget Pro,25,"$1,234.50","$30,862.50",shipped
108929,2026-04-05,Initech,East,Gizmo Mini,15,$45.00,$675.00,Pending
108930,2026-04-06,Umbrella Ltd,East,Widget Pro,15,"$1,234.50","$18,517.50",pending
108931,13/04/2026,Wayne Enterprises,New York,Gadget X,30,"$2,150.00","$64,500.00",shipped
108932,2026-04-08,Hooli,n-y-c,Gizmo Mini,15,$45.00,$675.00,Shipped
108933,2026-04-09,Umbrella Ltd,NYC,Gadget X,4,"$2,150.00","$8,600.00",Pending
108934,2026-04-10,Wayne Enterprises,New York,Gadget X,18,"$2,150.00","$38,700.00",SHIPPED
108935,2026-04-11,Hooli,nyc,Gadget X,14,"$2,150.00","$30,100.00",Shipped
108936,2026-04-12,Vehement Capital,New York,Widget Pro,7,"$1,234.50","$8,641.50",pending
108937,2026-04-13,Hooli,NYC,Widget Pro,14,"$1,234.50","$17,283.00",Pending
108938,2026-04-14,Vehement Capital,NYC,Gadget X,14,"$2,150.00","$30,100.00",SHIPPED
108939,15/04/2026,Hooli,East,Widget Pro,7,"$1,234.50","$8,641.50",SHIPPED
108940,2026-04-16,Globex Incorporated,west,Gizmo Mini,23,$45.00,"$1,035.00",Pending
108941,17/04/2026,Globex Incorporated,East,Gizmo Mini,23,$45.00,"$1,035.00",Shipped
108942,Apr 18 2026,Wayne Enterprises,East,Widget Pro,9,"$1,234.50","$11,110.50",pending
108943,2026-04-19,Vehement Capital,west,Gadget X,9,"$2,150.00","$19,350.00",pending
108944,2026-04-20,Initech,East,Gizmo Mini,27,$45.00,"$1,215.00",pending
108945,2026-04-21,Stark Industries,West,Gizmo Mini,5,$45.00,$225.00,Pending
108946,2026-04-22,Hooli,n-y-c,Gizmo Mini,18,$45.00,$810.00,SHIPPED
108947,2026-04-23,Hooli,NYC,Widget Pro,4,"$1,234.50","$4,938.00",pending
108948,24/04/2026,Hooli,West,Widget Pro,16,"$1,234.50","$19,752.00",shipped
108949,2026-04-25,Umbrella Ltd,west,Gizmo Mini,26,$45.00,"$1,170.00",shipped
108950,2026-04-26,Umbrella Ltd,New York,Gizmo Mini,25,$45.00,"$1,125.00",pending
108951,2026-04-27,Wayne Enterprises,East,Gadget X,16,"$2,150.00","$34,400.00",Shipped
108952,28/04/2026,Umbrella Ltd,East,Gizmo Mini,20,$45.00,$900.00,SHIPPED
108953,2026-03-01,Initech,n-y-c,Widget Lite,9,$89.99,$809.91,Pending
108954,2026-03-02,Stark Industries,nyc,Gadget X,9,"$2,150.00","$19,350.00",Pending
108955,2026-03-03,Wayne Enterprises,nyc,Widget Pro,13,"$1,234.50","$16,048.50",Pending
108956,2026-03-04,Umbrella Ltd,West,Widget Pro,21,"$1,234.50","$25,924.50",pending
108957,2026-03-05,Acme Corp,West,Widget Pro,2,"$1,234.50","$2,469.00",SHIPPED
108958,2026-03-06,Globex Incorporated,East,Gadget X,13,"$2,150.00","$27,950.00",Pending
108958,2026-03-06,Globex Incorporated,East,Gadget X,13,"$2,150.00","$27,950.00",Pending
108959,2026-03-08,Massive Dynamic,NYC,Widget Lite,9,$89.99,$809.91,SHIPPED
108960,2026-03-09,Wayne Enterprises,East,Gadget X,15,"$2,150.00","$32,250.00",pending
108961,2026-03-10,Initech,East,Widget Pro,18,"$1,234.50","$22,221.00",pending
108962,2026-03-11,Vehement Capital,East,Gadget X,18,"$2,150.00","$38,700.00",SHIPPED
108963,2026-03-12,Vehement Capital,west,Widget Pro,21,"$1,234.50","$25,924.50",shipped
108964,2026-03-13,Acme Corp,NYC,Gizmo Mini,27,$45.00,"$1,215.00",pending
108965,14/03/2026,Soylent Co,west,Widget Lite,5,$89.99,$449.95,pending
108966,15/03/2026,Acme Corp,nyc,Widget Lite,18,$89.99,"$1,619.82",pending
108967,2026-03-16,Vehement Capital,west,Gadget X,17,"$2,150.00","$36,550.00",pending
108968,2026-03-17,Globex Incorporated,nyc,Gizmo Mini,27,$45.00,"$1,215.00",Shipped
108969,Mar 18 2026,Umbrella Ltd,NYC,Widget Pro,26,"$1,234.50","$32,097.00",pending
108970,2026-03-19,Hooli,East,Gadget X,2,"$2,150.00","$4,300.00",pending
108971,2026-03-20,Acme Corp,East,Widget Lite,29,$89.99,"$2,609.71",shipped
108972,21/03/2026,Umbrella Ltd,n-y-c,Gadget X,10,"$2,150.00","$21,500.00",shipped
108973,Mar 22 2026,Stark Industries,East,Widget Lite,3,$89.99,$269.97,shipped
108974,2026-03-23,Soylent Co,East,Widget Pro,18,"$1,234.50","$22,221.00",pending
108975,2026-03-24,Soylent Co,East,Gizmo Mini,20,$45.00,$900.00,Shipped
108976,Mar 25 2026,Soylent Co,East,Widget Lite,1,$89.99,$89.99,Shipped
108977,2026-03-26,Umbrella Ltd,East,Widget Pro,2,"$1,234.50","$2,469.00",SHIPPED
108978,2026-03-27,Vehement Capital,west,Widget Pro,2,"$1,234.50","$2,469.00",SHIPPED
108979,2026-03-28,Umbrella Ltd,East,Gadget X,23,"$2,150.00","$49,450.00",Shipped
108980,2026-04-01,Hooli,East,Widget Lite,26,$89.99,"$2,339.74",Shipped
108981,2026-04-02,Stark Industries,West,Gadget X,2,"$2,150.00","$4,300.00",Shipped
108982,2026-04-03,Vehement Capital,west,Widget Lite,11,$89.99,$989.89,Pending
108983,2026-04-04,Umbrella Ltd,New York,Widget Pro,3,"$1,234.50","$3,703.50",pending
108984,Apr 5 2026,Hooli,West,Widget Lite,1,$89.99,$89.99,Shipped
108985,2026-04-06,Hooli,New York,Widget Pro,28,"$1,234.50","$34,566.00",pending
108986,2026-04-07,Umbrella Ltd,New York,Gizmo Mini,23,$45.00,"$1,035.00",pending
108987,13/04/2026,Massive Dynamic,East,Gizmo Mini,13,$45.00,$585.00,shipped
108988,2026-04-09,Wayne Enterprises,East,Widget Lite,5,$89.99,$449.95,Pending
108989,2026-04-10,Wayne Enterprises,NYC,Widget Lite,27,$89.99,"$2,429.73",pending
108990,2026-04-11,Hooli,West,Widget Lite,6,$89.99,$539.94,SHIPPED
108991,13/04/2026,Initech,West,Widget Pro,3,"$1,234.50","$3,703.50",Shipped
108992,2026-04-13,Vehement Capital,west,Gadget X,14,"$2,150.00","$30,100.00",shipped
108993,Apr 14 2026,Globex Incorporated,New York,Gadget X,6,"$2,150.00","$12,900.00",shipped
108994,2026-04-15,Vehement Capital,NYC,Gadget X,13,"$2,150.00","$27,950.00",SHIPPED
108995,Apr 16 2026,Stark Industries,west,Gadget X,15,"$2,150.00","$32,250.00",Shipped
108996,2026-04-17,Stark Industries,East,Gadget X,18,"$2,150.00","$38,700.00",pending
108997,2026-04-18,Stark Industries,East,Widget Pro,22,"$1,234.50","$27,159.00",Pending
108998,19/04/2026,Soylent Co,nyc,Gizmo Mini,15,$45.00,$675.00,pending
108999,Apr 20 2026,Acme Corp,west,Gadget X,30,"$2,150.00","$64,500.00",SHIPPED
109000,21/04/2026,Initech,East,Widget Pro,11,"$1,234.50","$13,579.50",shipped
109001,Apr 22 2026,Massive Dynamic,west,Gadget X,25,"$2,150.00","$53,750.00",SHIPPED
109002,2026-04-23,Massive Dynamic,East,Gizmo Mini,16,$45.00,$720.00,pending
109003,2026-04-24,Soylent Co,west,Widget Pro,6,"$1,234.50","$7,407.00",shipped
109004,2026-04-25,Acme Corp,East,Gizmo Mini,5,$45.00,$225.00,pending
109005,2026-04-26,Massive Dynamic,East,Widget Pro,18,"$1,234.50","$22,221.00",Shipped
109006,2026-04-27,Vehement Capital,n-y-c,Gizmo Mini,5,$45.00,$225.00,Pending
109007,2026-04-28,Acme Corp,East,Widget Lite,11,$89.99,$989.89,SHIPPED
109008,2026-03-01,Wayne Enterprises,New York,Gadget X,1,"$2,150.00","$2,150.00",pending
109009,2026-03-02,Initech,New York,Widget Pro,12,"$1,234.50","$14,814.00",shipped
109010,2026-03-03,Soylent Co,west,Widget Lite,3,$89.99,$269.97,pending
109011,13/03/2026,Vehement Capital,West,Gadget X,10,"$2,150.00","$21,500.00",Shipped
109012,2026-03-05,Initech,nyc,Widget Lite,23,$89.99,"$2,069.77",SHIPPED
109013,2026-03-06,Umbrella Ltd,NYC,Gadget X,21,"$2,150.00","$45,150.00",Shipped
109014,2026-03-07,Vehement Capital,New York,Widget Pro,29,"$1,234.50","$35,800.50",SHIPPED
109015,2026-03-08,Globex Incorporated,West,Widget Pro,7,"$1,234.50","$8,641.50",pending
109016,13/03/2026,Massive Dynamic,East,Widget Lite,6,$89.99,$539.94,Pending
109017,2026-03-10,Acme Corp,West,Gizmo Mini,9,$45.00,$405.00,shipped
109018,13/03/2026,Vehement Capital,East,Widget Lite,6,$89.99,$539.94,SHIPPED
109018,13/03/2026,Vehement Capital,East,Widget Lite,6,$89.99,$539.94,SHIPPED
109019,13/03/2026,Globex Incorporated,West,Widget Lite,7,$89.99,$629.93,pending
109020,14/03/2026,Wayne Enterprises,West,Gizmo Mini,19,$45.00,$855.00,SHIPPED
109021,2026-03-15,Soylent Co,East,Gizmo Mini,15,$45.00,$675.00,pending
109022,2026-03-16,Massive Dynamic,East,Widget Lite,14,$89.99,"$1,259.86",SHIPPED
109023,2026-03-17,Vehement Capital,East,Gadget X,24,"$2,150.00","$51,600.00",pending
109024,2026-03-18,Vehement Capital,nyc,Widget Lite,18,$89.99,"$1,619.82",shipped
109025,2026-03-19,Soylent Co,NYC,Widget Lite,25,$89.99,"$2,249.75",Shipped
109026,20/03/2026,Wayne Enterprises,East,Widget Lite,12,$89.99,"$1,079.88",SHIPPED
109027,2026-03-21,Massive Dynamic,East,Widget Lite,22,$89.99,"$1,979.78",Pending
109028,2026-03-22,Hooli,East,Widget Pro,15,"$1,234.50","$18,517.50",shipped
109029,2026-03-23,Soylent Co,west,Widget Pro,20,"$1,234.50","$24,690.00",SHIPPED
109030,2026-03-24,Initech,East,Gizmo Mini,28,$45.00,"$1,260.00",Pending
109031,25/03/2026,Umbrella Ltd,East,Gadget X,16,"$2,150.00","$34,400.00",shipped
109032,2026-03-26,Vehement Capital,n-y-c,Widget Pro,4,"$1,234.50","$4,938.00",shipped
109033,2026-03-27,Stark Industries,West,Gizmo Mini,5,$45.00,$225.00,Pending
109034,28/03/2026,Soylent Co,East,Gadget X,16,"$2,150.00","$34,400.00",shipped
109035,2026-04-01,Wayne Enterprises,west,Widget Lite,14,$89.99,"$1,259.86",Shipped
109036,13/04/2026,Soylent Co,East,Widget Lite,27,$89.99,"$2,429.73",Shipped
109037,2026-04-03,Vehement Capital,west,Widget Pro,16,"$1,234.50","$19,752.00",shipped
109038,2026-04-04,Initech,West,Widget Pro,15,"$1,234.50","$18,517.50",pending
109039,13/04/2026,Umbrella Ltd,East,Gizmo Mini,18,$45.00,$810.00,shipped
109040,13/04/2026,Initech,nyc,Widget Pro,8,"$1,234.50","$10,076.00",Shipped
109041,2026-04-07,Vehement Capital,n-y-c,Widget Lite,4,$89.99,$359.96,pending
109042,2026-04-08,Globex Incorporated,NYC,Gizmo Mini,5,$45.00,$225.00,pending
109043,2026-04-09,Stark Industries,East,Widget Pro,26,"$1,234.50","$32,097.00",shipped
109044,2026-04-10,Stark Industries,East,Gizmo Mini,26,$45.00,"$1,170.00",pending
109045,2026-04-11,Stark Industries,West,Gizmo Mini,23,$45.00,"$1,035.00",shipped
109046,2026-04-12,Globex Incorporated,nyc,Widget Lite,15,$89.99,"$1,349.85",shipped
109047,2026-04-13,Initech,West,Gizmo Mini,24,$45.00,"$1,080.00",Shipped
109048,2026-04-14,Umbrella Ltd,west,Gizmo Mini,29,$45.00,"$1,305.00",SHIPPED
109049,2026-04-15,Umbrella Ltd,n-y-c,Gadget X,5,"$2,150.00","$10,750.00",shipped
109050,16/04/2026,Vehement Capital,NYC,Widget Lite,30,$89.99,"$2,699.70",SHIPPED
109051,2026-04-17,Acme Corp,East,Gadget X,19,"$2,150.00","$40,850.00",shipped
109052,2026-04-18,Globex Incorporated,East,Gizmo Mini,10,$45.00,$450.00,Pending
109053,Apr 19 2026,Stark Industries,West,Widget Pro,12,"$1,234.50","$14,814.00",SHIPPED
109054,2026-04-20,Acme Corp,NYC,Gadget X,4,"$2,150.00","$8,600.00",pending
109055,2026-04-21,Massive Dynamic,East,Gadget X,28,"$2,150.00","$60,200.00",pending
109056,2026-04-22,Stark Industries,west,Widget Lite,14,$89.99,"$1,259.86",Pending
109057,2026-04-23,Massive Dynamic,East,Gadget X,7,"$2,150.00","$15,050.00",shipped
109058,24/04/2026,Umbrella Ltd,n-y-c,Gizmo Mini,29,$45.00,"$1,305.00",Shipped
109059,Apr 25 2026,Initech,New York,Widget Lite,4,$89.99,$359.96,Pending
109060,2026-04-26,Vehement Capital,East,Widget Pro,9,"$1,234.50","$11,110.50",SHIPPED
109061,2026-04-27,Hooli,East,Gizmo Mini,30,$45.00,"$1,200.00",shipped
109062,2026-04-28,Initech,nyc,Widget Lite,24,$89.99,"$2,159.76",shipped
109063,2026-03-01,Massive Dynamic,West,Gadget X,30,"$2,150.00","$64,500.00",pending
109064,2026-03-02,Hooli,NYC,Gadget X,28,"$2,150.00","$60,200.00",Shipped
109065,Mar 3 2026,Initech,west,Widget Pro,21,"$1,234.50","$25,924.50",pending
109066,2026-03-04,Initech,west,Gadget X,14,"$2,150.00","$30,100.00",SHIPPED
109067,2026-03-05,Hooli,west,Gadget X,28,"$2,150.00","$60,200.00",SHIPPED
109068,2026-03-06,Vehement Capital,nyc,Widget Lite,3,$89.99,$269.97,Shipped
109069,2026-03-07,Massive Dynamic,East,Widget Lite,3,$89.99,$269.97,pending
109070,2026-03-08,Vehement Capital,East,Widget Pro,24,"$1,234.50","$29,628.00",SHIPPED
109071,2026-03-09,Wayne Enterprises,East,Widget Pro,10,"$1,234.50","$12,345.00",Pending
109072,Mar 10 2026,Soylent Co,East,Gizmo Mini,17,$45.00,$765.00,pending
109073,2026-03-11,Wayne Enterprises,west,Widget Pro,9,"$1,234.50","$11,110.50",shipped
109074,2026-03-12,Massive Dynamic,East,Widget Pro,7,"$1,234.50","$8,641.50",SHIPPED
109075,13/03/2026,Wayne Enterprises,west,Widget Pro,16,"$1,234.50","$19,752.00",pending
109076,14/03/2026,Wayne Enterprises,west,Widget Lite,5,$89.99,$449.95,pending
109077,2026-03-15,Initech,west,Widget Pro,18,"$1,234.50","$22,221.00",Pending
109078,2026-03-16,Globex Incorporated,East,Gizmo Mini,13,$45.00,$585.00,Shipped
109079,17/03/2026,Wayne Enterprises,East,Widget Lite,10,$89.99,$899.90,pending
109080,18/03/2026,Stark Industries,East,Widget Lite,19,$89.99,"$1,709.81",SHIPPED
109081,19/03/2026,Soylent Co,New York,Gadget X,1,"$2,150.00","$2,150.00",pending
109082,2026-03-20,Acme Corp,west,Gizmo Mini,6,$45.00,$270.00,SHIPPED
109083,Mar 21 2026,Hooli,East,Gadget X,29,"$2,150.00","$62,350.00",Pending
109084,2026-03-22,Wayne Enterprises,East,Gadget X,16,"$2,150.00","$34,400.00",Shipped
109085,2026-03-23,Globex Incorporated,NYC,Widget Lite,20,$89.99,"$1,799.80",Shipped
109086,2026-03-24,Acme Corp,NYC,Gadget X,23,"$2,150.00","$49,450.00",pending
109087,25/03/2026,Hooli,n-y-c,Gizmo Mini,,$45.00,$360.00,SHIPPED
109088,2026-03-26,Globex Incorporated,East,Gadget X,9,"$2,150.00","$19,350.00",pending
109089,2026-03-27,Initech,East,Widget Pro,2,"$1,234.50","$2,469.00",shipped
109090,2026-03-28,Umbrella Ltd,West,Gadget X,11,"$2,150.00","$23,650.00",Pending
109091,2026-04-01,Globex Incorporated,West,Widget Lite,25,$89.99,"$2,249.75",shipped
109092,2026-04-02,Stark Industries,East,Widget Pro,1,"$1,234.50","$1,234.50",Shipped
109093,2026-04-03,Globex Incorporated,East,Gizmo Mini,6,$45.00,$270.00,Shipped
109094,2026-04-04,Hooli,NYC,Widget Pro,9,"$1,234.50","$11,110.50",Pending
109095,2026-04-05,Vehement Capital,west,Gadget X,3,"$2,150.00","$6,450.00",Shipped
109096,2026-04-06,Hooli,East,Gizmo Mini,25,$45.00,"$1,125.00",SHIPPED
109097,2026-04-07,Initech,West,Gadget X,10,"$2,150.00","$21,500.00",SHIPPED
109098,2026-04-08,Wayne Enterprises,East,Widget Lite,25,$89.99,"$2,249.75",SHIPPED
109099,2026-04-09,Acme Corp,East,Gadget X,14,"$2,150.00","$30,100.00",Shipped
109100,Apr 10 2026,Massive Dynamic,East,Widget Lite,5,$89.99,$449.95,pending
109101,Apr 11 2026,Wayne Enterprises,West,Widget Pro,8,"$1,234.50","$9,876.00",SHIPPED
109102,2026-04-12,Wayne Enterprises,nyc,Gadget X,28,"$2,150.00","$60,200.00",Pending
109103,2026-04-13,Massive Dynamic,nyc,Gadget X,18,"$2,150.00","$38,700.00",pending
109104,14/04/2026,Vehement Capital,East,Gadget X,14,"$2,150.00","$30,100.00",Shipped
109105,2026-04-15,Globex Incorporated,East,Gadget X,2,"$2,150.00","$4,300.00",Shipped
109106,2026-04-16,Massive Dynamic,East,Widget Lite,11,$89.99,$989.89,Shipped
109107,2026-04-17,Vehement Capital,New York,Widget Lite,29,$89.99,"$2,609.71",pending
109108,2026-04-18,Acme Corp,west,Widget Lite,9,$89.99,$809.91,shipped
109109,19/04/2026,Massive Dynamic,west,Widget Pro,6,"$1,234.50","$7,407.00",pending
109110,2026-04-20,Globex Incorporated,East,Widget Pro,24,"$1,234.50","$29,628.00",SHIPPED
109111,Apr 21 2026,Acme Corp,West,Gadget X,6,"$2,150.00","$12,900.00",Pending
109112,2026-04-22,Massive Dynamic,west,Widget Pro,6,"$1,234.50","$7,407.00",Pending
109113,2026-04-23,Vehement Capital,west,Gizmo Mini,19,$45.00,$855.00,SHIPPED
109114,24/04/2026,Initech,west,Widget Pro,29,"$1,234.50","$35,800.50",Shipped
109115,25/04/2026,Hooli,n-y-c,Gadget X,7,"$2,150.00","$15,050.00",SHIPPED
109116,2026-04-26,Wayne Enterprises,East,Widget Lite,6,$89.99,$539.94,pending
109117,2026-04-27,Initech,East,Gadget X,27,"$2,150.00","$58,050.00",Shipped
109118,2026-04-28,Initech,west,Gadget X,18,"$2,150.00","$38,700.00",pending
109119,2026-03-01,Acme Corp,West,Gizmo Mini,22,$45.00,$990.00,Pending
109120,13/03/2026,Vehement Capital,New York,Widget Pro,2,"$1,234.50","$2,469.00",pending
109121,13/03/2026,Acme Corp,west,Widget Pro,3,"$1,234.50","$3,703.50",pending
109122,2026-03-04,Hooli,NYC,Gadget X,6,"$2,150.00","$12,900.00",Pending
109123,2026-03-05,Vehement Capital,East,Gadget X,17,"$2,150.00","$36,550.00",Shipped
109124,2026-03-06,Massive Dynamic,New York,Widget Pro,8,"$1,234.50","$9,876.00",SHIPPED
109125,2026-03-07,Wayne Enterprises,n-y-c,Widget Lite,5,$89.99,$449.95,Shipped
109126,13/03/2026,Stark Industries,New York,Widget Pro,27,"$1,234.50","$33,331.50",shipped
109127,2026-03-09,Soylent Co,New York,Widget Pro,28,"$1,234.50","$34,566.00",SHIPPED
109128,2026-03-10,Wayne Enterprises,East,Gizmo Mini,15,$45.00,$675.00,pending
109129,13/03/2026,Stark Industries,New York,Widget Lite,19,$89.99,"$1,709.81",SHIPPED
109130,2026-03-12,Acme Corp,East,Widget Pro,10,"$1,234.50","$12,345.00",pending
109131,2026-03-13,Hooli,East,Widget Pro,25,"$1,234.50","$30,862.50",Shipped
109132,2026-03-14,Initech,East,Gadget X,14,"$2,150.00","$30,100.00",pending
109133,Mar 15 2026,Stark Industries,nyc,Widget Pro,8,"$1,234.50","$9,876.00",shipped
109134,2026-03-16,Wayne Enterprises,West,Gizmo Mini,26,$45.00,"$1,170.00",SHIPPED
109135,2026-03-17,Hooli,East,Gadget X,21,"$2,150.00","$45,150.00",SHIPPED
109136,2026-03-18,Umbrella Ltd,West,Widget Pro,18,"$1,234.50","$22,221.00",pending
109137,2026-03-19,Globex Incorporated,East,Gizmo Mini,30,$45.00,"$1,350.00",Pending
109138,2026-03-20,Wayne Enterprises,East,Widget Pro,23,"$1,234.50","$28,393.50",Shipped
109139,2026-03-21,Umbrella Ltd,nyc,Gadget X,28,"$2,150.00","$60,200.00",SHIPPED
109140,2026-03-22,Initech,East,Gizmo Mini,14,$45.00,$630.00,shipped
109141,2026-03-23,Massive Dynamic,West,Widget Lite,21,$89.99,"$1,889.79",Shipped
109142,2026-03-24,Hooli,East,Gizmo Mini,26,$45.00,"$1,170.00",Pending
109143,25/03/2026,Hooli,East,Widget Pro,22,"$1,234.50","$27,159.00",Shipped
109144,2026-03-26,Vehement Capital,NYC,Widget Lite,27,$89.99,"$2,429.73",pending
109145,2026-03-27,Massive Dynamic,New York,Widget Lite,26,$89.99,"$2,339.74",pending
109146,2026-03-28,Massive Dynamic,West,Widget Lite,20,$89.99,"$1,799.80",Pending
109147,Apr 1 2026,Vehement Capital,East,Widget Pro,10,"$1,234.50","$12,345.00",Shipped
109148,2026-04-02,Umbrella Ltd,n-y-c,Widget Lite,23,$89.99,"$2,069.77",Pending
109149,2026-04-03,Acme Corp,nyc,Gizmo Mini,8,$45.00,$360.00,pending
109150,13/04/2026,Acme Corp,west,Gadget X,26,"$2,150.00","$55,900.00",shipped
109151,2026-04-05,Acme Corp,East,Widget Lite,20,$89.99,"$1,799.80",SHIPPED
109152,2026-04-06,Umbrella Ltd,NYC,Gadget X,26,"$2,150.00","$55,900.00",SHIPPED
109153,13/04/2026,Umbrella Ltd,New York,Gizmo Mini,24,$45.00,"$1,080.00",shipped
109154,Apr 8 2026,Vehement Capital,East,Gizmo Mini,5,$45.00,$225.00,Pending
109155,2026-04-09,Hooli,New York,Gadget X,28,"$2,150.00","$60,200.00",Shipped
109156,2026-04-10,Stark Industries,west,Widget Lite,17,$89.99,"$1,529.83",Shipped
109157,2026-04-11,Initech,East,Widget Lite,23,$89.99,"$2,069.77",Pending
109158,2026-04-12,Globex Incorporated,west,Gizmo Mini,17,$45.00,$765.00,pending
109159,13/04/2026,Massive Dynamic,East,Widget Pro,9,"$1,234.50","$11,110.50",pending
109160,Apr 14 2026,Vehement Capital,East,Gadget X,23,"$2,150.00","$49,450.00",Shipped
109161,15/04/2026,Stark Industries,West,Gadget X,9,"$2,150.00","$19,350.00",Pending
109162,2026-04-16,Vehement Capital,West,Widget Pro,28,"$1,234.50","$34,566.00",SHIPPED
109163,17/04/2026,Massive Dynamic,East,Widget Pro,6,"$1,234.50","$7,407.00",SHIPPED
109164,2026-04-18,Vehement Capital,West,Gadget X,7,"$2,150.00","$15,050.00",SHIPPED
109165,19/04/2026,Wayne Enterprises,n-y-c,Widget Pro,13,"$1,234.50","$16,048.50",Shipped
109166,2026-04-20,Soylent Co,East,Widget Lite,27,$89.99,"$2,429.73",Pending
109167,2026-04-21,Soylent Co,west,Gizmo Mini,27,$45.00,"$1,215.00",shipped
109168,2026-04-22,Wayne Enterprises,n-y-c,Widget Lite,16,$89.99,"$1,439.84",Pending
109169,2026-04-23,Hooli,East,Widget Lite,25,$89.99,"$2,249.75",Shipped
109170,2026-04-24,Hooli,East,Widget Pro,1,"$1,234.50","$1,234.50",Shipped
109171,2026-04-25,Stark Industries,New York,Gizmo Mini,1,$45.00,$45.00,Pending
109172,26/04/2026,Wayne Enterprises,East,Gizmo Mini,1,$45.00,$45.00,Pending
109173,2026-04-27,Wayne Enterprises,New York,Widget Pro,18,"$1,234.50","$22,221.00",SHIPPED
109174,2026-04-28,Hooli,West,Gizmo Mini,12,$45.00,$540.00,pending
109175,2026-03-01,Massive Dynamic,East,Gizmo Mini,26,$45.00,"$1,170.00",Shipped
109176,2026-03-02,Acme Corp,East,Gizmo Mini,2,$45.00,$90.00,pending
109177,2026-03-03,Acme Corp,New York,Gizmo Mini,4,$45.00,$180.00,SHIPPED
109178,13/03/2026,Massive Dynamic,West,Gadget X,14,"$2,150.00","$30,100.00",Pending
109179,2026-03-05,Acme Corp,East,Gadget X,26,"$2,150.00","$55,900.00",pending
109180,2026-03-06,Stark Industries,East,Gizmo Mini,11,$45.00,$495.00,shipped
109181,2026-03-07,Initech,New York,Widget Pro,9,"$1,234.50","$11,110.50",Shipped
109182,2026-03-08,Acme Corp,West,Widget Lite,17,$89.99,"$1,529.83",Pending
109183,2026-03-09,Hooli,West,Gadget X,21,"$2,150.00","$45,150.00",SHIPPED
109184,2026-03-10,Acme Corp,NYC,Gadget X,3,"$2,150.00","$6,450.00",SHIPPED
109185,2026-03-11,Stark Industries,West,Widget Pro,17,"$1,234.50","$20,986.50",Shipped
109186,2026-03-12,Wayne Enterprises,west,Widget Lite,13,$89.99,"$1,169.87",pending
109187,2026-03-13,Wayne Enterprises,West,Gizmo Mini,14,$45.00,$630.00,Shipped
109188,14/03/2026,Globex Incorporated,NYC,Gadget X,24,"$2,150.00","$51,600.00",SHIPPED
109189,2026-03-15,Soylent Co,west,Widget Pro,28,"$1,234.50","$34,566.00",SHIPPED
109190,2026-03-16,Vehement Capital,East,Gadget X,9,"$2,150.00","$19,350.00",pending
109191,Mar 17 2026,Acme Corp,west,Widget Lite,4,$89.99,$359.96,Pending
109192,2026-03-18,Soylent Co,West,Gizmo Mini,25,$45.00,"$1,125.00",Pending
109193,2026-03-19,Initech,East,Widget Lite,18,$89.99,"$1,619.82",Shipped
109194,2026-03-20,Acme Corp,East,Widget Pro,15,"$1,234.50","$18,517.50",SHIPPED
109195,21/03/2026,Hooli,west,Gizmo Mini,21,$45.00,$945.00,Shipped
109196,2026-03-22,Soylent Co,NYC,Widget Pro,27,"$1,234.50","$33,331.50",Pending
109197,2026-03-23,Globex Incorporated,nyc,Gadget X,17,"$2,150.00","$36,550.00",Pending
109198,2026-03-24,Hooli,West,Gadget X,19,"$2,150.00","$41,050.00",Pending
109199,2026-03-25,Initech,west,Gadget X,17,"$2,150.00","$36,550.00",pending
109200,2026-03-26,Hooli,west,Gadget X,21,"$2,150.00","$45,150.00",pending
109201,27/03/2026,Umbrella Ltd,NYC,Gizmo Mini,16,$45.00,$720.00,Shipped
109202,2026-03-28,Initech,west,Gizmo Mini,2,$45.00,$90.00,Pending
109203,2026-04-01,Acme Corp,East,Widget Lite,10,$89.99,$899.90,Shipped
109204,2026-04-02,Soylent Co,n-y-c,Widget Pro,20,"$1,234.50","$24,690.00",Pending
109205,2026-04-03,Hooli,west,Gizmo Mini,3,$45.00,$135.00,Pending
109206,2026-04-04,Stark Industries,East,Widget Lite,13,$89.99,"$1,169.87",shipped
109207,2026-04-05,Massive Dynamic,west,Gizmo Mini,26,$45.00,"$1,170.00",SHIPPED
109208,2026-04-06,Massive Dynamic,n-y-c,Widget Lite,17,$89.99,"$1,529.83",SHIPPED
109209,2026-04-07,Vehement Capital,n-y-c,Gizmo Mini,6,$45.00,$270.00,SHIPPED
109210,2026-04-08,Hooli,East,Gizmo Mini,5,$45.00,$225.00,Shipped
109211,2026-04-09,Stark Industries,west,Gadget X,23,"$2,150.00","$49,450.00",SHIPPED
109212,2026-04-10,Hooli,East,Gizmo Mini,20,$45.00,$900.00,pending
109213,2026-04-11,Globex Incorporated,West,Widget Lite,24,$89.99,"$2,159.76",Pending
109214,2026-04-12,Vehement Capital,East,Widget Pro,22,"$1,234.50","$27,159.00",pending
109215,13/04/2026,Globex Incorporated,NYC,Widget Lite,3,$89.99,$269.97,shipped
109216,2026-04-14,Umbrella Ltd,nyc,Widget Pro,20,"$1,234.50","$24,690.00",Pending
109217,2026-04-15,Wayne Enterprises,west,Gadget X,16,"$2,150.00","$34,400.00",SHIPPED
109218,2026-04-16,Vehement Capital,NYC,Widget Pro,26,"$1,234.50","$32,097.00",pending
109219,2026-04-17,Soylent Co,West,Gizmo Mini,1,$45.00,$45.00,shipped
109220,2026-04-18,Globex Incorporated,New York,Gadget X,25,"$2,150.00","$53,750.00",Shipped
109221,2026-04-19,Soylent Co,West,Widget Pro,17,"$1,234.50","$20,986.50",pending
109222,2026-04-20,Soylent Co,west,Gizmo Mini,8,$45.00,$360.00,Pending
109223,2026-04-21,Wayne Enterprises,west,Gadget X,30,"$2,150.00","$64,500.00",Shipped
109224,2026-04-22,Wayne Enterprises,East,Gizmo Mini,7,$45.00,$315.00,Shipped
109225,2026-04-23,Umbrella Ltd,n-y-c,Gizmo Mini,16,$45.00,$720.00,SHIPPED
109226,2026-04-24,Stark Industries,East,Gizmo Mini,17,$45.00,$765.00,Shipped
109227,2026-04-25,Stark Industries,n-y-c,Widget Pro,10,"$1,234.50","$12,345.00",shipped
109228,2026-04-26,Initech,New York,Widget Lite,7,$89.99,$629.93,SHIPPED
109229,27/04/2026,Hooli,West,Gadget X,14,"$2,150.00","$30,100.00",pending
109230,2026-04-28,Massive Dynamic,East,Gadget X,3,"$2,150.00","$6,450.00",Shipped
109231,13/03/2026,Vehement Capital,west,Gizmo Mini,13,$45.00,$585.00,Shipped
109232,13/03/2026,Umbrella Ltd,East,Widget Pro,18,"$1,234.50","$22,221.00",SHIPPED
109233,2026-03-03,Acme Corp,East,Gadget X,1,"$2,150.00","$2,150.00",Shipped
109234,2026-03-04,Soylent Co,west,Widget Lite,29,$89.99,"$2,609.71",Pending
109235,2026-03-05,Acme Corp,East,Widget Pro,24,"$1,234.50","$29,628.00",SHIPPED
109236,2026-03-06,Vehement Capital,n-y-c,Widget Lite,4,$89.99,$359.96,pending
109237,2026-03-07,Soylent Co,n-y-c,Gizmo Mini,16,$45.00,$720.00,Shipped
109238,2026-03-08,Soylent Co,nyc,Widget Lite,21,$89.99,"$1,889.79",Shipped
109239,13/03/2026,Vehement Capital,East,Gizmo Mini,5,$45.00,$225.00,pending
109240,2026-03-10,Acme Corp,nyc,Gizmo Mini,13,$45.00,$585.00,Shipped
109241,2026-03-11,Globex Incorporated,East,Gizmo Mini,15,$45.00,$675.00,Pending
109242,2026-03-12,Vehement Capital,nyc,Gadget X,24,"$2,150.00","$51,600.00",shipped
109243,13/03/2026,Hooli,west,Widget Pro,12,"$1,234.50","$14,814.00",SHIPPED
109244,2026-03-14,Massive Dynamic,nyc,Widget Lite,7,$89.99,$629.93,SHIPPED
109245,15/03/2026,Wayne Enterprises,west,Gadget X,12,"$2,150.00","$25,800.00",Pending
109246,2026-03-16,Stark Industries,East,Widget Pro,6,"$1,234.50","$7,407.00",Shipped
109247,17/03/2026,Wayne Enterprises,East,Widget Lite,28,$89.99,"$2,519.72",Shipped
109248,2026-03-18,Acme Corp,nyc,Widget Pro,4,"$1,234.50","$4,938.00",pending
109249,2026-03-19,Globex Incorporated,East,Gadget X,18,"$2,150.00","$38,700.00",Shipped
109250,2026-03-20,Umbrella Ltd,west,Widget Lite,13,$89.99,"$1,169.87",pending
109251,2026-03-21,Massive Dynamic,West,Gadget X,9,"$2,150.00","$19,350.00",pending
109252,2026-03-22,Initech,nyc,Gizmo Mini,8,$45.00,$360.00,Shipped
109253,2026-03-23,Acme Corp,west,Gadget X,10,"$2,150.00","$21,500.00",shipped
109254,2026-03-24,Umbrella Ltd,West,Widget Lite,19,$89.99,"$1,709.81",shipped
109255,25/03/2026,Wayne Enterprises,west,Widget Lite,9,$89.99,$809.91,pending
109256,2026-03-26,Stark Industries,East,Widget Pro,23,"$1,234.50","$28,393.50",shipped
109257,2026-03-27,Wayne Enterprises,west,Widget Pro,12,"$1,234.50","$14,814.00",Pending
109258,2026-03-28,Wayne Enterprises,n-y-c,Gadget X,17,"$2,150.00","$36,550.00",Pending
109259,2026-04-01,Vehement Capital,n-y-c,Gizmo Mini,15,$45.00,$675.00,shipped
109260,2026-04-02,Wayne Enterprises,West,Gizmo Mini,13,$45.00,$585.00,shipped
109261,2026-04-03,Umbrella Ltd,west,Gizmo Mini,3,$45.00,$135.00,Shipped
109262,13/04/2026,Massive Dynamic,East,Gizmo Mini,8,$45.00,$360.00,Pending
109263,Apr 5 2026,Stark Industries,west,Gadget X,14,"$2,150.00","$30,100.00",SHIPPED
109264,2026-04-06,Globex Incorporated,west,Gadget X,27,"$2,150.00","$58,050.00",shipped
109265,2026-04-07,Hooli,East,Widget Lite,28,$89.99,"$2,519.72",shipped
109266,Apr 8 2026,Wayne Enterprises,n-y-c,Widget Pro,4,"$1,234.50","$4,938.00",pending
109267,2026-04-09,Acme Corp,East,Gadget X,26,"$2,150.00","$55,900.00",Shipped
109268,2026-04-10,Stark Industries,East,Gadget X,23,"$2,150.00","$49,450.00",Pending
109269,2026-04-11,Stark Industries,New York,Gizmo Mini,26,$45.00,"$1,170.00",Shipped
109270,2026-04-12,Vehement Capital,East,Widget Lite,28,$89.99,"$2,519.72",Pending
109271,13/04/2026,Globex Incorporated,East,Widget Pro,16,"$1,234.50","$19,752.00",Pending
109272,2026-04-14,Vehement Capital,East,Gadget X,16,"$2,150.00","$34,400.00",Pending
109273,2026-04-15,Umbrella Ltd,west,Gadget X,12,"$2,150.00","$25,800.00",SHIPPED
109274,2026-04-16,Initech,New York,Gizmo Mini,22,$45.00,$990.00,pending
109275,2026-04-17,Globex Incorporated,NYC,Gadget X,14,"$2,150.00","$30,100.00",Pending
109276,2026-04-18,Acme Corp,East,Widget Pro,19,"$1,234.50","$23,455.50",SHIPPED
109277,2026-04-19,Soylent Co,New York,Gizmo Mini,2,$45.00,$90.00,SHIPPED
109278,2026-04-20,Stark Industries,nyc,Widget Lite,9,$89.99,$809.91,Shipped
109279,21/04/2026,Globex Incorporated,West,Gizmo Mini,2,$45.00,$90.00,Pending
109280,2026-04-22,Wayne Enterprises,New York,Gadget X,4,"$2,150.00","$8,600.00",pending
109281,2026-04-23,Massive Dynamic,East,Gizmo Mini,18,$45.00,$810.00,Pending
109282,2026-04-24,Massive Dynamic,East,Gadget X,13,"$2,150.00","$27,950.00",pending
109283,2026-04-25,Globex Incorporated,west,Widget Pro,1,"$1,234.50","$1,234.50",Pending
109284,2026-04-26,Initech,West,Gizmo Mini,24,$45.00,"$1,080.00",pending
109285,27/04/2026,Umbrella Ltd,New York,Gadget X,15,"$2,150.00","$32,250.00",Pending
109286,2026-04-28,Umbrella Ltd,West,Widget Pro,2,"$1,234.50","$2,469.00",SHIPPED
109287,2026-03-01,Massive Dynamic,nyc,Widget Pro,21,"$1,234.50","$25,924.50",pending
109288,Mar 2 2026,Globex Incorporated,East,Widget Pro,23,"$1,234.50","$28,393.50",Shipped
109289,2026-03-03,Umbrella Ltd,East,Widget Lite,8,$89.99,$719.92,SHIPPED
109290,Mar 4 2026,Umbrella Ltd,west,Widget Pro,23,"$1,234.50","$28,393.50",pending
109291,2026-03-05,Umbrella Ltd,West,Widget Lite,19,$89.99,"$1,709.81",pending
109292,2026-03-06,Umbrella Ltd,New York,Widget Lite,16,$89.99,"$1,439.84",SHIPPED
109293,2026-03-07,Initech,West,Widget Pro,16,"$1,234.50","$19,752.00",pending
109294,2026-03-08,Initech,East,Widget Lite,19,$89.99,"$1,709.81",pending
109295,2026-03-09,Acme Corp,west,Gizmo Mini,14,$45.00,$630.00,pending
109296,13/03/2026,Globex Incorporated,West,Widget Pro,-28,"$1,234.50","-$34,566.00",cancelled
109297,2026-03-11,Initech,nyc,Widget Pro,25,"$1,234.50","$30,862.50",pending
109298,2026-03-12,Massive Dynamic,west,Gadget X,6,"$2,150.00","$12,900.00",Shipped
109299,2026-03-13,Stark Industries,n-y-c,Gadget X,29,"$2,150.00","$62,350.00",Pending
109300,14/03/2026,Massive Dynamic,nyc,Gadget X,20,"$2,150.00","$43,000.00",pending
109301,Mar 15 2026,Wayne Enterprises,west,Gizmo Mini,4,$45.00,$180.00,pending
109302,2026-03-16,Wayne Enterprises,East,Gadget X,23,"$2,150.00","$49,450.00",shipped
109303,2026-03-17,Globex Incorporated,NYC,Widget Pro,15,"$1,234.50","$18,517.50",Pending
109304,Mar 18 2026,Massive Dynamic,n-y-c,Widget Pro,4,"$1,234.50","$4,938.00",Shipped
109305,2026-03-19,Globex Incorporated,East,Widget Pro,9,"$1,234.50","$11,110.50",pending
109306,2026-03-20,Soylent Co,nyc,Gizmo Mini,25,$45.00,"$1,125.00",pending
109307,Mar 21 2026,Globex Incorporated,West,Gadget X,4,"$2,150.00","$8,600.00",Pending
109308,2026-03-22,Stark Industries,East,Widget Pro,1,"$1,234.50","$1,234.50",Pending
109309,23/03/2026,Massive Dynamic,west,Widget Lite,3,$89.99,$269.97,pending
109310,2026-03-24,Acme Corp,West,Widget Pro,21,"$1,234.50","$25,924.50",Pending
109311,2026-03-25,Stark Industries,nyc,Gizmo Mini,1,$45.00,$45.00,pending
109312,Mar 26 2026,Vehement Capital,West,Gadget X,19,"$2,150.00","$40,850.00",Pending
109313,2026-03-27,Umbrella Ltd,nyc,Gadget X,24,"$2,150.00","$51,600.00",Shipped
109314,2026-03-28,Soylent Co,East,Gizmo Mini,14,$45.00,$630.00,shipped
109315,2026-04-01,Acme Corp,NYC,Widget Pro,19,"$1,234.50","$23,455.50",Pending
109316,2026-04-02,Globex Incorporated,East,Gadget X,16,"$2,150.00","$34,400.00",SHIPPED
109317,2026-04-03,Initech,East,Gadget X,18,"$2,150.00","$38,700.00",Pending
109318,Apr 4 2026,Umbrella Ltd,East,Widget Lite,27,$89.99,"$2,429.73",pending
109319,Apr 5 2026,Stark Industries,NYC,Widget Pro,3,"$1,234.50","$3,703.50",pending
109320,2026-04-06,Globex Incorporated,East,Gizmo Mini,22,$45.00,$990.00,SHIPPED
109321,2026-04-07,Umbrella Ltd,west,Gizmo Mini,15,$45.00,$675.00,Shipped
109322,2026-04-08,Vehement Capital,East,Widget Pro,8,"$1,234.50","$9,876.00",SHIPPED
109323,13/04/2026,Globex Incorporated,west,Gizmo Mini,20,$45.00,$900.00,Pending
109324,Apr 10 2026,Vehement Capital,west,Widget Lite,21,$89.99,"$1,889.79",SHIPPED
109325,2026-04-11,Acme Corp,East,Gizmo Mini,8,$45.00,$360.00,pending
109326,Apr 12 2026,Globex Incorporated,East,Widget Pro,2,"$1,234.50","$2,469.00",Shipped
109327,2026-04-13,Globex Incorporated,west,Gizmo Mini,21,$45.00,$945.00,Pending
109328,2026-04-14,Initech,nyc,Gadget X,27,"$2,150.00","$58,050.00",shipped
109329,15/04/2026,Massive Dynamic,n-y-c,Widget Lite,2,$89.99,$179.98,pending
109330,16/04/2026,Vehement Capital,west,Gadget X,14,"$2,150.00","$30,100.00",shipped
109331,2026-04-17,Initech,New York,Widget Lite,17,$89.99,"$1,529.83",pending
109332,2026-04-18,Umbrella Ltd,East,Widget Pro,4,"$1,234.50","$4,938.00",Shipped
109333,2026-04-19,Massive Dynamic,East,Widget Lite,12,$89.99,"$1,079.88",Pending
109334,2026-04-20,,East,Gizmo Mini,12,$45.00,$540.00,Pending
109335,Apr 21 2026,Wayne Enterprises,NYC,Widget Lite,11,$89.99,$989.89,SHIPPED
109336,22/04/2026,Soylent Co,west,Widget Pro,20,"$1,234.50","$24,690.00",pending
109337,2026-04-23,Stark Industries,west,Widget Pro,9,"$1,234.50","$11,110.50",pending
109338,2026-04-24,Soylent Co,West,Widget Lite,27,$89.99,"$2,429.73",shipped
109339,Apr 25 2026,Hooli,n-y-c,Gadget X,26,"$2,150.00","$55,900.00",shipped
109340,2026-04-26,Massive Dynamic,East,Widget Pro,1,"$1,234.50","$1,234.50",pending
109341,27/04/2026,Hooli,West,Widget Lite,30,$89.99,"$2,699.70",Shipped
109342,28/04/2026,Soylent Co,East,Widget Pro,26,"$1,234.50","$32,097.00",pending
109343,13/03/2026,Wayne Enterprises,East,Widget Lite,17,$89.99,"$1,529.83",SHIPPED
109344,2026-03-02,Umbrella Ltd,nyc,Gizmo Mini,21,$45.00,$945.00,Pending
109345,2026-03-03,Vehement Capital,West,Gizmo Mini,24,$45.00,"$1,080.00",Shipped
109346,Mar 4 2026,Hooli,west,Gadget X,14,"$2,150.00","$30,100.00",Pending
109347,2026-03-05,Wayne Enterprises,East,Gadget X,16,"$2,150.00","$34,400.00",pending
109348,2026-03-06,Acme Corp,n-y-c,Widget Lite,26,$89.99,"$2,339.74",shipped
109349,Mar 7 2026,Umbrella Ltd,NYC,Widget Pro,5,"$1,234.50","$6,172.50",SHIPPED
109350,2026-03-08,Wayne Enterprises,East,Widget Lite,27,$89.99,"$2,429.73",shipped
109351,2026-03-09,Initech,NYC,Gizmo Mini,12,$45.00,$540.00,pending
109352,2026-03-10,Vehement Capital,nyc,Widget Lite,5,$89.99,$449.95,pending
109353,13/03/2026,Acme Corp,East,Widget Lite,12,$89.99,"$1,079.88",pending
109354,2026-03-12,Hooli,West,Gadget X,13,"$2,150.00","$27,950.00",shipped
109355,13/03/2026,Vehement Capital,West,Widget Lite,1,$89.99,$89.99,Pending
109356,2026-03-14,Initech,west,Gadget X,30,"$2,150.00","$64,500.00",pending
109357,2026-03-15,Umbrella Ltd,West,Gizmo Mini,7,$45.00,$315.00,shipped
109358,2026-03-16,Stark Industries,West,Widget Lite,21,$89.99,"$1,889.79",Pending
109359,2026-03-17,Vehement Capital,west,Gizmo Mini,23,$45.00,"$1,035.00",Pending
109360,2026-03-18,Globex Incorporated,New York,Gadget X,,"$2,150.00","$30,100.00",Shipped
109361,2026-03-19,Massive Dynamic,East,Gadget X,7,"$2,150.00","$15,050.00",Pending
109362,2026-03-20,Soylent Co,NYC,Gadget X,28,"$2,150.00","$60,200.00",shipped
109363,2026-03-21,Stark Industries,East,Gizmo Mini,13,$45.00,$585.00,pending
109364,Mar 22 2026,Massive Dynamic,west,Gizmo Mini,22,$45.00,$990.00,shipped
109365,2026-03-23,Stark Industries,west,Gadget X,5,"$2,150.00","$10,750.00",pending
109366,2026-03-24,Massive Dynamic,n-y-c,Gizmo Mini,5,$45.00,$225.00,Pending
109367,2026-03-25,Stark Industries,East,Widget Pro,4,"$1,234.50","$4,938.00",SHIPPED
109368,Mar 26 2026,Soylent Co,New York,Gizmo Mini,10,$45.00,$450.00,SHIPPED
109369,2026-03-27,Wayne Enterprises,West,Widget Pro,17,"$1,234.50","$20,986.50",pending
109370,2026-03-28,Acme Corp,west,Widget Lite,16,$89.99,"$1,439.84",Shipped
109371,2026-04-01,Massive Dynamic,East,Gizmo Mini,5,$45.00,$225.00,SHIPPED
109372,2026-04-02,Vehement Capital,East,Widget Lite,9,$89.99,$809.91,pending
109373,2026-04-03,Vehement Capital,west,Gadget X,13,"$2,150.00","$27,950.00",SHIPPED
109374,2026-04-04,Hooli,NYC,Widget Lite,6,$89.99,$539.94,SHIPPED
109375,2026-04-05,Soylent Co,nyc,Gizmo Mini,1,$45.00,$45.00,Shipped
109376,Apr 6 2026,Soylent Co,west,Widget Pro,11,"$1,234.50","$13,579.50",Shipped
109377,2026-04-07,Umbrella Ltd,West,Gadget X,26,"$2,150.00","$55,900.00",SHIPPED
109378,13/04/2026,Initech,west,Widget Lite,27,$89.99,"$2,429.73",Pending
109379,Apr 9 2026,Globex Incorporated,n-y-c,Gadget X,13,"$2,150.00","$27,950.00",shipped
109380,2026-04-10,Hooli,west,Gizmo Mini,25,$45.00,"$1,125.00",SHIPPED
109381,2026-04-11,Acme Corp,West,Widget Lite,7,$89.99,$629.93,pending
109382,2026-04-12,Globex Incorporated,East,Widget Pro,29,"$1,234.50","$35,800.50",Shipped
109383,2026-04-13,Vehement Capital,nyc,Gadget X,12,"$2,150.00","$25,800.00",SHIPPED
109384,14/04/2026,Initech,West,Widget Pro,12,"$1,234.50","$14,814.00",shipped
109385,2026-04-15,Globex Incorporated,East,Widget Lite,30,$89.99,"$2,699.70",Pending
109386,2026-04-16,Initech,West,Widget Pro,29,"$1,234.50","$35,800.50",Pending
109387,17/04/2026,Initech,NYC,Gizmo Mini,14,$45.00,$630.00,shipped
109388,2026-04-18,Soylent Co,East,Widget Lite,19,$89.99,"$1,709.81",Shipped
109389,2026-04-19,Stark Industries,west,Gizmo Mini,12,$45.00,$540.00,Pending
109390,2026-04-20,Initech,NYC,Widget Lite,4,$89.99,$359.96,SHIPPED
109391,2026-04-21,Stark Industries,East,Widget Lite,3,$89.99,$269.97,pending
109392,2026-04-22,Wayne Enterprises,East,Widget Lite,26,$89.99,"$2,339.74",pending
109393,2026-04-23,Wayne Enterprises,nyc,Widget Lite,27,$89.99,"$2,429.73",Shipped
109394,24/04/2026,Massive Dynamic,NYC,Widget Pro,3,"$1,234.50","$3,703.50",pending
109395,25/04/2026,Hooli,East,Gadget X,20,"$2,150.00","$43,000.00",Shipped
109396,26/04/2026,Initech,East,Gizmo Mini,2,$45.00,$90.00,SHIPPED
109397,2026-04-27,Soylent Co,west,Widget Lite,16,$89.99,"$1,439.84",SHIPPED
109398,2026-04-28,Soylent Co,East,Gizmo Mini,3,$45.00,$135.00,Pending
109399,2026-03-01,Vehement Capital,West,Widget Pro,4,"$1,234.50","$4,938.00",SHIPPED
109400,2026-03-02,Hooli,East,Gizmo Mini,27,$45.00,"$1,215.00",pending
109401,2026-03-03,Umbrella Ltd,West,Widget Pro,2,"$1,234.50","$2,469.00",shipped
109402,2026-03-04,Vehement Capital,East,Gadget X,24,"$2,150.00","$51,600.00",SHIPPED
109403,13/03/2026,Stark Industries,East,Widget Pro,20,"$1,234.50","$24,690.00",Pending
109404,2026-03-06,Initech,west,Widget Pro,2,"$1,234.50","$2,469.00",pending
109405,2026-03-07,Massive Dynamic,New York,Widget Lite,5,$89.99,$449.95,Pending
109406,2026-03-08,,nyc,Widget Lite,25,$89.99,"$2,249.75",pending
109407,2026-03-09,Hooli,East,Widget Pro,30,"$1,234.50","$37,035.00",SHIPPED
109408,13/03/2026,Umbrella Ltd,East,Gadget X,27,"$2,150.00","$58,050.00",SHIPPED
109409,2026-03-11,Umbrella Ltd,East,Gizmo Mini,26,$45.00,"$1,170.00",SHIPPED
109410,13/03/2026,Acme Corp,East,Gizmo Mini,28,$45.00,"$1,260.00",Pending
109411,13/03/2026,Wayne Enterprises,New York,Widget Pro,13,"$1,234.50","$16,048.50",SHIPPED
109412,2026-03-14,Acme Corp,n-y-c,Widget Lite,4,$89.99,$359.96,Shipped
109413,2026-03-15,Vehement Capital,New York,Widget Lite,21,$89.99,"$1,889.79",pending
109414,16/03/2026,Stark Industries,west,Widget Pro,15,"$1,234.50","$18,517.50",shipped
109415,2026-03-17,Globex Incorporated,west,Gadget X,3,"$2,150.00","$6,450.00",SHIPPED
109416,2026-03-18,Soylent Co,nyc,Widget Lite,20,$89.99,"$1,799.80",pending
109417,2026-03-19,Initech,East,Widget Pro,14,"$1,234.50","$17,283.00",Pending
109418,2026-03-20,Massive Dynamic,East,Gadget X,19,"$2,150.00","$40,850.00",Shipped
109419,21/03/2026,Acme Corp,East,Widget Pro,4,"$1,234.50","$4,938.00",Shipped
109420,2026-03-22,Hooli,NYC,Gadget X,7,"$2,150.00","$15,050.00",shipped
109421,2026-03-23,Umbrella Ltd,East,Gadget X,18,"$2,150.00","$38,700.00",SHIPPED
109422,Mar 24 2026,Soylent Co,n-y-c,Widget Pro,3,"$1,234.50","$3,703.50",Shipped
109423,25/03/2026,Soylent Co,East,Widget Lite,18,$89.99,"$1,619.82",pending
109424,2026-03-26,Initech,west,Widget Pro,9,"$1,234.50","$11,110.50",Shipped
109425,2026-03-27,Acme Corp,NYC,Gizmo Mini,25,$45.00,"$1,125.00",Pending
109426,2026-03-28,Globex Incorporated,west,Widget Lite,5,$89.99,$449.95,shipped
109427,2026-04-01,Hooli,East,Widget Lite,23,$89.99,"$2,069.77",pending
109428,13/04/2026,Soylent Co,nyc,Widget Lite,-27,$89.99,"-$2,429.73",cancelled
109429,2026-04-03,Umbrella Ltd,West,Widget Lite,15,$89.99,"$1,349.85",pending
109430,2026-04-04,Vehement Capital,East,Widget Lite,10,$89.99,$899.90,Pending
109431,2026-04-05,Acme Corp,East,Gadget X,1,"$2,150.00","$2,150.00",Shipped
109432,2026-04-06,Globex Incorporated,West,Gizmo Mini,9,$45.00,$405.00,Pending
109433,13/04/2026,Globex Incorporated,East,Gadget X,16,"$2,150.00","$34,400.00",SHIPPED
109434,2026-04-08,Initech,west,Gizmo Mini,4,$45.00,$180.00,pending
109435,2026-04-09,Globex Incorporated,NYC,Widget Lite,9,$89.99,$809.91,shipped
109436,13/04/2026,Vehement Capital,west,Gadget X,7,"$2,150.00","$15,050.00",Shipped
109437,2026-04-11,Vehement Capital,nyc,Gizmo Mini,6,$45.00,$270.00,Pending
109438,2026-04-12,Umbrella Ltd,East,Widget Pro,7,"$1,234.50","$8,641.50",Pending
109439,2026-04-13,Vehement Capital,East,Gadget X,9,"$2,150.00","$19,350.00",shipped
109440,2026-04-14,Vehement Capital,West,Widget Lite,3,$89.99,$269.97,SHIPPED
109441,Apr 15 2026,Massive Dynamic,West,Gizmo Mini,7,$45.00,$315.00,pending
109442,2026-04-16,Vehement Capital,West,Gadget X,23,"$2,150.00","$49,450.00",Shipped
109443,2026-04-17,Hooli,n-y-c,Gizmo Mini,15,$45.00,$675.00,SHIPPED
109444,2026-04-18,,East,Gadget X,29,"$2,150.00","$62,350.00",Shipped
109445,2026-04-19,Stark Industries,East,Widget Pro,21,"$1,234.50","$25,924.50",shipped
109446,2026-04-20,Massive Dynamic,west,Gadget X,14,"$2,150.00","$30,100.00",Pending
109447,2026-04-21,Umbrella Ltd,n-y-c,Widget Lite,15,$89.99,"$1,349.85",Shipped
109448,2026-04-22,Vehement Capital,west,Gizmo Mini,28,$45.00,"$1,260.00",Shipped
109449,Apr 23 2026,Stark Industries,nyc,Widget Lite,2,$89.99,$179.98,Pending
109450,2026-04-24,Stark Industries,East,Gadget X,2,"$2,150.00","$4,300.00",Pending
109451,2026-04-25,Wayne Enterprises,NYC,Widget Lite,25,$89.99,"$2,249.75",pending
109452,2026-04-26,Globex Incorporated,East,Widget Lite,3,$89.99,$269.97,Shipped
109453,2026-04-27,Globex Incorporated,west,Gadget X,28,"$2,150.00","$60,200.00",shipped
109454,2026-04-28,Massive Dynamic,New York,Widget Pro,28,"$1,234.50","$34,566.00",Shipped
109455,2026-03-01,Stark Industries,West,Widget Lite,25,$89.99,"$2,249.75",SHIPPED
109456,2026-03-02,Vehement Capital,nyc,Widget Pro,15,"$1,234.50","$18,517.50",pending
109457,13/03/2026,Acme Corp,n-y-c,Widget Pro,6,"$1,234.50","$7,407.00",SHIPPED
109458,2026-03-04,Acme Corp,East,Gizmo Mini,23,$45.00,"$1,035.00",Shipped
109459,2026-03-05,Globex Incorporated,East,Gizmo Mini,28,$45.00,"$1,260.00",SHIPPED
109460,13/03/2026,Massive Dynamic,East,Gizmo Mini,8,$45.00,$360.00,pending
109461,13/03/2026,Soylent Co,West,Gizmo Mini,16,$45.00,$720.00,pending
109462,13/03/2026,Umbrella Ltd,NYC,Widget Pro,20,"$1,234.50","$24,690.00",shipped
109463,2026-03-09,Soylent Co,East,Widget Pro,23,"$1,234.50","$28,393.50",SHIPPED
109464,2026-03-10,Wayne Enterprises,East,Widget Lite,18,$89.99,"$1,619.82",SHIPPED
109465,2026-03-11,Globex Incorporated,West,Gizmo Mini,6,$45.00,$270.00,pending
109466,2026-03-12,Massive Dynamic,West,Widget Lite,15,$89.99,"$1,349.85",SHIPPED
109467,2026-03-13,Wayne Enterprises,East,Widget Pro,18,"$1,234.50","$22,221.00",SHIPPED
109468,2026-03-14,Acme Corp,West,Widget Lite,2,$89.99,$179.98,SHIPPED
109469,2026-03-15,Stark Industries,nyc,Widget Pro,8,"$1,234.50","$9,876.00",pending
109470,Mar 16 2026,Soylent Co,East,Widget Lite,6,$89.99,$539.94,SHIPPED
109471,2026-03-17,Soylent Co,East,Gizmo Mini,10,$45.00,$450.00,Pending
109472,2026-03-18,Acme Corp,West,Widget Pro,9,"$1,234.50","$11,110.50",pending
109473,2026-03-19,Vehement Capital,nyc,Gizmo Mini,22,$45.00,$990.00,Pending
109474,2026-03-20,Stark Industries,West,Gadget X,13,"$2,150.00","$27,950.00",Pending
109475,Mar 21 2026,Hooli,New York,Gadget X,2,"$2,150.00","$4,300.00",pending
109476,Mar 22 2026,Stark Industries,West,Gizmo Mini,21,$45.00,$945.00,Pending
109477,2026-03-23,Massive Dynamic,East,Widget Lite,8,$89.99,$719.92,Shipped
109478,24/03/2026,Massive Dynamic,NYC,Gadget X,13,"$2,150.00","$27,950.00",Shipped
109479,Mar 25 2026,Massive Dynamic,west,Gizmo Mini,4,$45.00,$180.00,Pending
109480,Mar 26 2026,Stark Industries,West,Widget Lite,22,$89.99,"$1,979.78",Pending
109481,2026-03-27,Initech,East,Widget Pro,30,"$1,234.50","$37,035.00",SHIPPED
109482,2026-03-28,Hooli,n-y-c,Widget Lite,20,$89.99,"$1,799.80",shipped
109483,13/04/2026,Wayne Enterprises,nyc,Gizmo Mini,3,$45.00,$135.00,Pending
109484,2026-04-02,Wayne Enterprises,NYC,Gizmo Mini,3,$45.00,$135.00,Shipped
109485,2026-04-03,Wayne Enterprises,East,Widget Lite,23,$89.99,"$2,069.77",shipped
109486,13/04/2026,Wayne Enterprises,West,Gadget X,23,"$2,150.00","$49,450.00",Shipped
109487,2026-04-05,Acme Corp,East,Widget Lite,19,$89.99,"$1,709.81",SHIPPED
109488,2026-04-06,Wayne Enterprises,west,Widget Pro,4,"$1,234.50","$4,938.00",shipped
109489,13/04/2026,Umbrella Ltd,West,Widget Pro,16,"$1,234.50","$19,752.00",SHIPPED
109490,2026-04-08,Initech,West,Gizmo Mini,24,$45.00,"$1,080.00",pending
109491,2026-04-09,Initech,n-y-c,Widget Pro,27,"$1,234.50","$33,331.50",Pending
109492,2026-04-10,Soylent Co,West,Gizmo Mini,24,$45.00,"$1,080.00",pending
109493,2026-04-11,Acme Corp,n-y-c,Gizmo Mini,14,$45.00,$630.00,Shipped
109494,2026-04-12,Vehement Capital,west,Widget Pro,15,"$1,234.50","$18,517.50",shipped
109495,2026-04-13,Acme Corp,East,Gizmo Mini,10,$45.00,$450.00,Shipped
109496,14/04/2026,Vehement Capital,East,Widget Lite,8,$89.99,$719.92,Pending
109497,2026-04-15,Hooli,west,Widget Lite,30,$89.99,"$2,699.70",pending
109498,Apr 16 2026,Soylent Co,NYC,Widget Lite,10,$89.99,$899.90,pending
109499,17/04/2026,Soylent Co,West,Gizmo Mini,3,$45.00,$135.00,shipped
109500,18/04/2026,Initech,NYC,Widget Lite,30,$89.99,"$2,699.70",SHIPPED
109501,2026-04-19,Vehement Capital,East,Gadget X,3,"$2,150.00","$6,450.00",pending
109502,2026-04-20,Stark Industries,West,Gadget X,22,"$2,150.00","$47,300.00",Shipped
109503,2026-04-21,Globex Incorporated,west,Gadget X,17,"$2,150.00","$36,550.00",pending
109504,2026-04-22,Massive Dynamic,NYC,Widget Pro,7,"$1,234.50","$8,641.50",SHIPPED
109505,2026-04-23,Acme Corp,West,Gizmo Mini,15,$45.00,$675.00,pending
109506,2026-04-24,Initech,n-y-c,Widget Pro,2,"$1,234.50","$2,469.00",Pending
109507,2026-04-25,Wayne Enterprises,west,Gadget X,27,"$2,150.00","$58,050.00",Pending
109508,2026-04-26,Massive Dynamic,West,Widget Lite,6,$89.99,$539.94,Shipped
109509,2026-04-27,Massive Dynamic,west,Widget Pro,15,"$1,234.50","$18,517.50",Pending
109509,2026-04-27,Massive Dynamic,west,Widget Pro,15,"$1,234.50","$18,517.50",Pending
109510,2026-03-01,Umbrella Ltd,New York,Widget Pro,23,"$1,234.50","$28,393.50",pending
109511,13/03/2026,Initech,East,Gadget X,10,"$2,150.00","$21,500.00",shipped
109512,2026-03-03,Soylent Co,West,Gizmo Mini,15,$45.00,$675.00,pending
109513,2026-03-04,Wayne Enterprises,East,Gadget X,19,"$2,150.00","$40,850.00",shipped
109514,13/03/2026,Wayne Enterprises,n-y-c,Gadget X,10,"$2,150.00","$21,500.00",shipped
109515,2026-03-06,Acme Corp,NYC,Widget Lite,4,$89.99,$359.96,pending
109516,2026-03-07,Massive Dynamic,West,Gadget X,22,"$2,150.00","$47,300.00",pending
109517,2026-03-08,Globex Incorporated,west,Widget Pro,24,"$1,234.50","$29,628.00",Pending
109518,2026-03-09,Massive Dynamic,West,Widget Pro,17,"$1,234.50","$20,986.50",Pending
109519,2026-03-10,Initech,New York,Gadget X,10,"$2,150.00","$21,500.00",pending
109520,Mar 11 2026,Umbrella Ltd,nyc,Gadget X,7,"$2,150.00","$15,050.00",shipped
109521,2026-03-12,Initech,n-y-c,Widget Lite,3,$89.99,$269.97,pending
109522,2026-03-13,Vehement Capital,West,Gadget X,7,"$2,150.00","$15,050.00",Shipped
109523,2026-03-14,Acme Corp,New York,Gizmo Mini,1,$45.00,$45.00,Shipped
109524,Mar 15 2026,Massive Dynamic,East,Gadget X,17,"$2,150.00","$36,550.00",pending
109525,2026-03-16,Hooli,West,Widget Pro,22,"$1,234.50","$27,159.00",pending
109526,2026-03-17,Massive Dynamic,New York,Widget Lite,26,$89.99,"$2,339.74",pending
109527,2026-03-18,Vehement Capital,west,Gadget X,15,"$2,150.00","$32,250.00",pending
109528,2026-03-19,Hooli,west,Widget Lite,26,$89.99,"$2,339.74",shipped
109529,2026-03-20,Soylent Co,west,Gizmo Mini,3,$45.00,$135.00,pending
109530,2026-03-21,Acme Corp,New York,Widget Pro,17,"$1,234.50","$20,986.50",shipped
109531,2026-03-22,Globex Incorporated,West,Gadget X,23,"$2,150.00","$49,450.00",Pending
109532,23/03/2026,Hooli,East,Widget Pro,24,"$1,234.50","$29,628.00",pending
109533,Mar 24 2026,Hooli,East,Gadget X,24,"$2,150.00","$51,600.00",pending
109534,25/03/2026,Acme Corp,West,Gizmo Mini,4,$45.00,$180.00,pending
109535,2026-03-26,Acme Corp,nyc,Widget Lite,28,$89.99,"$2,519.72",Pending
109536,2026-03-27,Umbrella Ltd,west,Gizmo Mini,23,$45.00,"$1,035.00",Pending
109537,2026-03-28,Globex Incorporated,East,Widget Pro,11,"$1,234.50","$13,579.50",Shipped
109538,13/04/2026,Massive Dynamic,East,Gadget X,6,"$2,150.00","$12,900.00",Pending
109539,Apr 2 2026,Acme Corp,East,Gadget X,22,"$2,150.00","$47,300.00",pending
109540,2026-04-03,Globex Incorporated,East,Gadget X,6,"$2,150.00","$12,900.00",pending
109541,2026-04-04,Soylent Co,East,Widget Pro,2,"$1,234.50","$2,469.00",Pending
109542,2026-04-05,Umbrella Ltd,East,Widget Pro,6,"$1,234.50","$7,407.00",Pending
109543,2026-04-06,Acme Corp,n-y-c,Gizmo Mini,30,$45.00,"$1,350.00",pending
109544,13/04/2026,Umbrella Ltd,NYC,Widget Lite,24,$89.99,"$2,159.76",SHIPPED
109545,2026-04-08,Acme Corp,New York,Gadget X,4,"$2,150.00","$8,600.00",pending
109546,2026-04-09,Wayne Enterprises,NYC,Gizmo Mini,10,$45.00,$450.00,shipped
109547,13/04/2026,Vehement Capital,East,Gizmo Mini,27,$45.00,"$1,215.00",shipped
109548,2026-04-11,Hooli,East,Gizmo Mini,27,$45.00,"$1,215.00",shipped
109549,2026-04-12,Hooli,West,Gizmo Mini,17,$45.00,$765.00,Shipped
109550,2026-04-13,Acme Corp,west,Gadget X,18,"$2,150.00","$38,700.00",Pending
109551,2026-04-14,Soylent Co,west,Widget Lite,26,$89.99,"$2,339.74",pending
109552,Apr 15 2026,Massive Dynamic,west,Widget Lite,29,$89.99,"$2,609.71",Pending
109553,2026-04-16,Globex Incorporated,NYC,Gadget X,15,"$2,150.00","$32,250.00",Shipped
109554,2026-04-17,Massive Dynamic,nyc,Widget Lite,23,$89.99,"$2,069.77",Shipped
109555,18/04/2026,Vehement Capital,n-y-c,Widget Lite,6,$89.99,$539.94,shipped
109556,2026-04-19,Initech,west,Widget Lite,17,$89.99,"$1,529.83",Pending
109557,2026-04-20,Wayne Enterprises,nyc,Gizmo Mini,20,$45.00,$900.00,pending
109558,Apr 21 2026,Acme Corp,West,Gadget X,9,"$2,150.00","$19,350.00",pending
109559,22/04/2026,Stark Industries,East,Widget Pro,30,"$1,234.50","$37,035.00",shipped
109560,23/04/2026,,West,Gadget X,1,"$2,150.00","$2,150.00",SHIPPED
109561,2026-04-24,Globex Incorporated,New York,Gadget X,30,"$2,150.00","$64,500.00",pending
109562,2026-04-25,Globex Incorporated,n-y-c,Widget Pro,9,"$1,234.50","$11,110.50",Pending
109563,Apr 26 2026,Initech,East,Widget Lite,8,$89.99,$719.92,shipped
109564,2026-04-27,Globex Incorporated,East,Widget Lite,18,$89.99,"$1,619.82",Pending
109565,2026-04-28,Wayne Enterprises,n-y-c,Gadget X,1,"$2,150.00","$2,150.00",Pending
109566,2026-03-01,Umbrella Ltd,n-y-c,Widget Pro,21,"$1,234.50","$25,924.50",pending
109567,Mar 2 2026,Stark Industries,West,Widget Pro,28,"$1,234.50","$34,566.00",Shipped
109568,13/03/2026,Acme Corp,nyc,Gadget X,23,"$2,150.00","$49,450.00",Shipped
109569,2026-03-04,Soylent Co,west,Gadget X,27,"$2,150.00","$58,050.00",Shipped
109570,2026-03-05,Vehement Capital,West,Gadget X,10,"$2,150.00","$21,500.00",pending
109571,2026-03-06,Globex Incorporated,nyc,Widget Pro,11,"$1,234.50","$13,579.50",Pending
109572,2026-03-07,Vehement Capital,west,Widget Pro,22,"$1,234.50","$27,159.00",shipped
109572,2026-03-07, Vehement Capital ,WEST,Widget Pro,22,"$1,234.50","$27,159.00",shipped
109573,2026-03-09,Wayne Enterprises,west,Gizmo Mini,24,$45.00,"$1,080.00",Shipped
109574,2026-03-10,Hooli,West,Gadget X,4,"$2,150.00","$8,600.00",shipped
109575,2026-03-11,Soylent Co,west,Widget Lite,2,$89.99,$179.98,Shipped
109576,2026-03-12,Umbrella Ltd,n-y-c,Widget Lite,23,$89.99,"$2,069.77",Pending
109577,2026-03-13,Wayne Enterprises,West,Gizmo Mini,6,$45.00,$270.00,shipped
109578,2026-03-14,Umbrella Ltd,west,Widget Pro,2,"$1,234.50","$2,469.00",pending
109579,Mar 15 2026,Stark Industries,East,Widget Pro,4,"$1,234.50","$4,938.00",shipped
109580,16/03/2026,Globex Incorporated,West,Gizmo Mini,4,$45.00,$180.00,SHIPPED
109581,2026-03-17,Hooli,west,Gizmo Mini,10,$45.00,$450.00,shipped
109582,18/03/2026,Hooli,East,Widget Lite,8,$89.99,$719.92,Shipped
109583,2026-03-19,Acme Corp,west,Widget Lite,4,$89.99,$359.96,Pending
109584,2026-03-20,Umbrella Ltd,NYC,Gizmo Mini,22,$45.00,$990.00,pending
109585,2026-03-21,Initech,East,Gizmo Mini,5,$45.00,$225.00,SHIPPED
109586,2026-03-22,Globex Incorporated,n-y-c,Gizmo Mini,28,$45.00,"$1,260.00",pending
109587,2026-03-23,Vehement Capital,East,Gizmo Mini,5,$45.00,$225.00,Shipped
109588,2026-03-24,Globex Incorporated,West,Gizmo Mini,13,$45.00,$585.00,shipped
109589,Mar 25 2026,Umbrella Ltd,West,Gadget X,8,"$2,150.00","$17,200.00",Pending
109590,2026-03-26,Wayne Enterprises,East,Widget Pro,9,"$1,234.50","$11,110.50",shipped
109591,2026-03-27,Stark Industries,East,Widget Lite,15,$89.99,"$1,349.85",Pending
109592,2026-03-28,Stark Industries,west,Widget Lite,16,$89.99,"$1,439.84",Shipped
109593,13/04/2026,Acme Corp,East,Widget Lite,8,$89.99,$719.92,SHIPPED
109594,2026-04-02,Umbrella Ltd,East,Gizmo Mini,21,$45.00,$945.00,pending
109595,Apr 3 2026,Stark Industries,West,Gadget X,19,"$2,150.00","$40,850.00",Pending
109596,2026-04-04,Globex Incorporated,East,Widget Lite,22,$89.99,"$1,979.78",Pending
109597,2026-04-05,Umbrella Ltd,East,Widget Pro,24,"$1,234.50","$29,628.00",Pending
109598,2026-04-06,Vehement Capital,west,Widget Lite,6,$89.99,$539.94,Pending
109599,2026-04-07,Massive Dynamic,NYC,Widget Lite,17,$89.99,"$1,529.83",pending
109600,13/04/2026,Globex Incorporated,New York,Widget Pro,30,"$1,234.50","$37,035.00",SHIPPED
109601,2026-04-09,Hooli,west,Widget Pro,3,"$1,234.50","$3,703.50",Pending
109602,2026-04-10,Globex Incorporated,west,Gadget X,7,"$2,150.00","$15,050.00",SHIPPED
109603,2026-04-11,Hooli,East,Widget Lite,18,$89.99,"$1,619.82",SHIPPED
109604,13/04/2026,Wayne Enterprises,West,Widget Lite,13,$89.99,"$1,169.87",pending
109605,13/04/2026,Hooli,west,Widget Pro,13,"$1,234.50","$16,048.50",Shipped
109606,Apr 14 2026,Soylent Co,West,Widget Lite,2,$89.99,$179.98,Pending
109607,15/04/2026,Wayne Enterprises,West,Widget Lite,16,$89.99,"$1,439.84",shipped
109608,2026-04-16,Globex Incorporated,west,Widget Lite,1,$89.99,$89.99,pending
109609,2026-04-17,Massive Dynamic,East,Widget Lite,17,$89.99,"$1,529.83",shipped
109610,2026-04-18,Massive Dynamic,East,Gadget X,13,"$2,150.00","$27,950.00",Shipped
109611,2026-04-19,Vehement Capital,East,Widget Pro,25,"$1,234.50","$30,862.50",pending
109612,Apr 20 2026,Globex Incorporated,New York,Gizmo Mini,19,$45.00,$855.00,Pending
109613,2026-04-21,Vehement Capital,nyc,Gizmo Mini,3,$45.00,$135.00,Shipped
109614,22/04/2026,Initech,west,Gadget X,15,"$2,150.00","$32,250.00",shipped
109615,2026-04-23,Acme Corp,New York,Widget Lite,14,$89.99,"$1,259.86",shipped
109616,2026-04-24,Vehement Capital,west,Gadget X,5,"$2,150.00","$10,750.00",shipped
109617,2026-04-25,Umbrella Ltd,East,Gizmo Mini,18,$45.00,$810.00,SHIPPED
109618,2026-04-26,Umbrella Ltd,New York,Widget Lite,11,$89.99,$989.89,Pending
109619,2026-04-27,Hooli,New York,Gadget X,20,"$2,150.00","$43,000.00",pending
109620,2026-04-28,Soylent Co,East,Widget Pro,16,"$1,234.50","$19,752.00",Pending
109621,2026-03-01,Globex Incorporated,East,Widget Lite,28,$89.99,"$2,519.72",Pending
109622,13/03/2026,Globex Incorporated,West,Gizmo Mini,12,$45.00,$540.00,SHIPPED
109623,2026-03-03,Massive Dynamic,New York,Widget Pro,2,"$1,234.50","$2,469.00",pending
109624,13/03/2026,Massive Dynamic,west,Gizmo Mini,7,$45.00,$315.00,shipped
109625,2026-03-05,Acme Corp,East,Gadget X,14,"$2,150.00","$30,100.00",Shipped
109626,Mar 6 2026,Vehement Capital,New York,Gadget X,13,"$2,150.00","$27,950.00",pending
109627,13/03/2026,Umbrella Ltd,nyc,Widget Lite,1,$89.99,$89.99,Pending
109628,2026-03-08,Stark Industries,west,Widget Pro,26,"$1,234.50","$32,097.00",pending
109629,13/03/2026,Initech,west,Gizmo Mini,29,$45.00,"$1,305.00",SHIPPED
109630,13/03/2026,Umbrella Ltd,nyc,Gizmo Mini,7,$45.00,$315.00,Pending
109631,2026-03-11,Umbrella Ltd,New York,Widget Lite,25,$89.99,"$2,249.75",pending
109632,2026-03-12,Hooli,West,Widget Pro,15,"$1,234.50","$18,517.50",pending
109633,2026-03-13,Vehement Capital,n-y-c,Gadget X,27,"$2,150.00","$58,050.00",pending
109634,2026-03-14,Vehement Capital,East,Widget Pro,20,"$1,234.50","$24,690.00",shipped
109635,15/03/2026,Umbrella Ltd,nyc,Widget Pro,14,"$1,234.50","$17,283.00",Pending
109636,2026-03-16,Initech,East,Gizmo Mini,2,$45.00,$90.00,pending
109637,17/03/2026,Umbrella Ltd,New York,Widget Pro,30,"$1,234.50","$37,035.00",shipped
109638,18/03/2026,Acme Corp,n-y-c,Gadget X,4,"$2,150.00","$8,600.00",Pending
109639,2026-03-19,Vehement Capital,NYC,Widget Pro,20,"$1,234.50","$24,690.00",Shipped
109640,2026-03-20,Wayne Enterprises,West,Gizmo Mini,24,$45.00,"$1,080.00",SHIPPED
109641,2026-03-21,Acme Corp,west,Gizmo Mini,2,$45.00,$90.00,SHIPPED
109642,2026-03-22,Umbrella Ltd,New York,Gadget X,9,"$2,150.00","$19,350.00",pending
109643,2026-03-23,Stark Industries,East,Widget Pro,11,"$1,234.50","$13,579.50",Pending
109644,2026-03-24,Massive Dynamic,nyc,Gadget X,5,"$2,150.00","$10,750.00",SHIPPED
109645,2026-03-25,Stark Industries,East,Widget Pro,2,"$1,234.50","$2,469.00",Pending
109646,2026-03-26,Hooli,n-y-c,Widget Pro,10,"$1,234.50","$12,345.00",Pending
109647,2026-03-27,Initech,New York,Gadget X,1,"$2,150.00","$2,150.00",pending
109648,28/03/2026,Vehement Capital,West,Widget Lite,6,$89.99,$539.94,Pending
109649,2026-04-01,Umbrella Ltd,East,Widget Pro,19,"$1,234.50","$23,455.50",SHIPPED
109650,2026-04-02,Wayne Enterprises,West,Gadget X,13,"$2,150.00","$27,950.00",shipped
109651,2026-04-03,Soylent Co,West,Gizmo Mini,9,$45.00,$405.00,Shipped
109652,13/04/2026,Hooli,East,Gizmo Mini,21,$45.00,$945.00,pending
109653,2026-04-05,Wayne Enterprises,East,Gadget X,3,"$2,150.00","$6,450.00",pending
109654,2026-04-06,Massive Dynamic,NYC,Gizmo Mini,4,$45.00,$180.00,pending
109655,13/04/2026,Globex Incorporated,East,Widget Pro,9,"$1,234.50","$11,110.50",pending
109656,Apr 8 2026,Stark Industries,NYC,Gizmo Mini,27,$45.00,"$1,215.00",Shipped
109657,2026-04-09,Soylent Co,west,Gizmo Mini,1,$45.00,$45.00,pending
109658,2026-04-10,Hooli,west,Gadget X,6,"$2,150.00","$12,900.00",pending
109659,2026-04-11,Stark Industries,East,Widget Pro,12,"$1,234.50","$14,814.00",SHIPPED
109660,2026-04-12,Globex Incorporated,nyc,Widget Pro,7,"$1,234.50","$8,641.50",pending
109661,2026-04-13,Globex Incorporated,East,Widget Lite,16,$89.99,"$1,439.84",Pending
109662,2026-04-14,Stark Industries,West,Widget Pro,12,"$1,234.50","$14,814.00",shipped
109663,Apr 15 2026,Umbrella Ltd,East,Widget Lite,27,$89.99,"$2,429.73",Pending
109664,16/04/2026,Hooli,East,Gadget X,13,"$2,150.00","$27,950.00",pending
109665,17/04/2026,Initech,New York,Widget Lite,8,$89.99,$719.92,pending
109666,2026-04-18,Globex Incorporated,west,Widget Pro,22,"$1,234.50","$27,159.00",shipped
109667,2026-04-19,Wayne Enterprises,West,Gizmo Mini,1,$45.00,$45.00,Shipped
109668,2026-04-20,Acme Corp,west,Gadget X,23,"$2,150.00","$49,450.00",SHIPPED
109669,Apr 21 2026,Initech,n-y-c,Gadget X,14,"$2,150.00","$30,100.00",pending
109670,2026-04-22,Stark Industries,west,Gadget X,1,"$2,150.00","$2,150.00",Shipped
109671,2026-04-23,Massive Dynamic,nyc,Gadget X,10,"$2,150.00","$21,500.00",shipped
109672,2026-04-24,Umbrella Ltd,NYC,Gadget X,12,"$2,150.00","$25,800.00",SHIPPED
109673,Apr 25 2026,Wayne Enterprises,West,Widget Pro,13,"$1,234.50","$16,048.50",Pending
109674,2026-04-26,Vehement Capital,West,Gizmo Mini,24,$45.00,"$1,080.00",shipped
109675,2026-04-27,Wayne Enterprises,NYC,Gizmo Mini,8,$45.00,$360.00,pending
109676,2026-04-28,Soylent Co,East,Gadget X,27,"$2,150.00","$58,050.00",pending
109677,2026-03-01,Massive Dynamic,west,Widget Pro,5,"$1,234.50","$6,172.50",pending
109678,2026-03-02,Wayne Enterprises,NYC,Widget Lite,26,$89.99,"$2,339.74",shipped
109679,13/03/2026,Soylent Co,East,Widget Lite,26,$89.99,"$2,339.74",pending
109680,2026-03-04,Massive Dynamic,nyc,Gizmo Mini,5,$45.00,$225.00,pending
109681,2026-03-05,Stark Industries,East,Gadget X,9,"$2,150.00","$19,350.00",SHIPPED
109682,2026-03-06,Initech,west,Gizmo Mini,1,$45.00,$45.00,Shipped
109683,13/03/2026,Umbrella Ltd,East,Gizmo Mini,8,$45.00,$360.00,Shipped
109684,Mar 8 2026,Umbrella Ltd,East,Widget Pro,15,"$1,234.50","$18,517.50",Pending
109685,Mar 9 2026,Hooli,NYC,Gizmo Mini,2,$45.00,$90.00,pending
109686,2026-03-10,Soylent Co,East,Gadget X,21,"$2,150.00","$45,150.00",shipped
109687,2026-03-11,Vehement Capital,East,Gadget X,9,"$2,150.00","$19,350.00",Pending
109688,13/03/2026,Vehement Capital,East,Gizmo Mini,12,$45.00,$540.00,pending
109689,2026-03-13,Acme Corp,New York,Gadget X,9,"$2,150.00","$19,350.00",Pending
109690,2026-03-14,Massive Dynamic,New York,Gizmo Mini,16,$45.00,$720.00,shipped
109691,2026-03-15,Soylent Co,west,Widget Pro,3,"$1,234.50","$3,703.50",Pending
109692,16/03/2026,Hooli,New York,Widget Pro,29,"$1,234.50","$35,800.50",SHIPPED
109693,17/03/2026,Stark Industries,East,Gizmo Mini,18,$45.00,$810.00,pending
109694,Mar 18 2026,Vehement Capital,East,Widget Pro,17,"$1,234.50","$20,986.50",Pending
109695,2026-03-19,Wayne Enterprises,West,Gadget X,10,"$2,150.00","$21,500.00",SHIPPED
109696,2026-03-20,Globex Incorporated,East,Widget Pro,3,"$1,234.50","$3,703.50",Pending
109697,21/03/2026,Initech,n-y-c,Widget Lite,5,$89.99,$449.95,Shipped
109698,22/03/2026,Soylent Co,West,Gizmo Mini,5,$45.00,$225.00,Shipped
109699,23/03/2026,Vehement Capital,west,Widget Pro,6,"$1,234.50","$7,407.00",Pending
109700,2026-03-24,Hooli,New York,Widget Lite,22,$89.99,"$1,979.78",Shipped
109701,25/03/2026,Massive Dynamic,East,Gizmo Mini,13,$45.00,$585.00,Pending
109702,2026-03-26,Globex Incorporated,East,Gadget X,6,"$2,150.00","$12,900.00",SHIPPED
109703,2026-03-27,Wayne Enterprises,nyc,Widget Pro,15,"$1,234.50","$18,517.50",SHIPPED
109704,28/03/2026,Globex Incorporated,NYC,Widget Pro,1,"$1,234.50","$1,234.50",shipped
109705,2026-04-01,Globex Incorporated,East,Gadget X,16,"$2,150.00","$34,400.00",shipped
109706,2026-04-02,Wayne Enterprises,East,Widget Pro,17,"$1,234.50","$20,986.50",SHIPPED
109707,2026-04-03,Acme Corp,New York,Gizmo Mini,19,$45.00,$855.00,shipped
109708,13/04/2026,Hooli,n-y-c,Gadget X,5,"$2,150.00","$10,750.00",pending
109709,2026-04-05,Acme Corp,West,Widget Lite,1,$89.99,$89.99,SHIPPED
109710,2026-04-06,Wayne Enterprises,East,Widget Pro,10,"$1,234.50","$12,345.00",Pending
109711,2026-04-07,Umbrella Ltd,west,Gizmo Mini,15,$45.00,$675.00,shipped
109712,2026-04-08,Initech,East,Widget Pro,11,"$1,234.50","$13,579.50",pending
109713,Apr 9 2026,Hooli,west,Widget Pro,17,"$1,234.50","$20,986.50",SHIPPED
109714,2026-04-10,Initech,n-y-c,Widget Lite,27,$89.99,"$2,429.73",SHIPPED
109715,13/04/2026,Acme Corp,West,Widget Lite,17,$89.99,"$1,529.83",Shipped
109716,2026-04-12,Wayne Enterprises,West,Widget Pro,14,"$1,234.50","$17,283.00",shipped
109717,2026-04-13,Umbrella Ltd,west,Gadget X,1,"$2,150.00","$2,150.00",Shipped
109718,2026-04-14,Hooli,n-y-c,Gadget X,13,"$2,150.00","$27,950.00",Pending
109719,Apr 15 2026,Hooli,west,Gizmo Mini,10,$45.00,$450.00,Shipped
109720,2026-04-16,Acme Corp,West,Widget Lite,26,$89.99,"$2,339.74",shipped
109721,17/04/2026,Hooli,NYC,Widget Pro,10,"$1,234.50","$12,345.00",pending
109722,Apr 18 2026,Umbrella Ltd,west,Gizmo Mini,2,$45.00,$90.00,pending
109723,19/04/2026,Acme Corp,west,Widget Pro,8,"$1,234.50","$9,876.00",pending
109724,Apr 20 2026,Soylent Co,n-y-c,Widget Lite,15,$89.99,"$1,349.85",pending
109725,21/04/2026,Globex Incorporated,nyc,Widget Pro,2,"$1,234.50","$2,469.00",shipped
109726,2026-04-22,Acme Corp,West,Widget Pro,13,"$1,234.50","$16,048.50",Shipped
109727,2026-04-23,Globex Incorporated,NYC,Widget Pro,30,"$1,234.50","$37,035.00",Pending
109728,2026-04-24,Hooli,New York,Widget Lite,17,$89.99,"$1,529.83",pending
109729,2026-04-25,Vehement Capital,East,Gizmo Mini,14,$45.00,$630.00,Pending
109730,2026-04-26,Umbrella Ltd,west,Gizmo Mini,15,$45.00,$675.00,Shipped
109731,2026-04-27,Vehement Capital,west,Gadget X,18,"$2,150.00","$38,700.00",shipped
109732,Apr 28 2026,Wayne Enterprises,West,Widget Pro,9,"$1,234.50","$11,110.50",SHIPPED
109733,2026-03-01,Initech,n-y-c,Gizmo Mini,14,$45.00,$630.00,pending
109734,2026-03-02,Initech,n-y-c,Gizmo Mini,19,$45.00,$855.00,shipped
109735,2026-03-03,Acme Corp,West,Widget Pro,5,"$1,234.50","$6,172.50",Pending
109736,13/03/2026,Wayne Enterprises,East,Gizmo Mini,18,$45.00,$810.00,Pending
109737,2026-03-05,Globex Incorporated,East,Gizmo Mini,8,$45.00,$360.00,Pending
109738,2026-03-06,Massive Dynamic,East,Gizmo Mini,14,$45.00,$630.00,Pending
109739,2026-03-07,Wayne Enterprises,NYC,Widget Lite,20,$89.99,"$1,799.80",Pending
109740,Mar 8 2026,Massive Dynamic,East,Gadget X,6,"$2,150.00","$12,900.00",pending
109741,13/03/2026,Globex Incorporated,East,Gizmo Mini,7,$45.00,$315.00,Pending
109742,2026-03-10,Massive Dynamic,East,Gadget X,29,"$2,150.00","$62,350.00",shipped
109743,13/03/2026,Umbrella Ltd,East,Widget Pro,10,"$1,234.50","$12,345.00",shipped
109744,13/03/2026,Massive Dynamic,West,Widget Pro,10,"$1,234.50","$12,345.00",SHIPPED
109745,2026-03-13,Soylent Co,n-y-c,Widget Lite,18,$89.99,"$1,619.82",pending
109746,2026-03-14,Wayne Enterprises,west,Gizmo Mini,6,$45.00,$270.00,SHIPPED
109747,15/03/2026,Initech,nyc,Widget Lite,5,$89.99,$449.95,pending
109748,Mar 16 2026,Massive Dynamic,NYC,Gizmo Mini,3,$45.00,$135.00,SHIPPED
109749,2026-03-17,Soylent Co,nyc,Widget Lite,1,$89.99,$89.99,Pending
109750,2026-03-18,Hooli,West,Widget Pro,12,"$1,234.50","$14,814.00",Pending
109751,19/03/2026,Wayne Enterprises,west,Widget Lite,21,$89.99,"$1,889.79",Pending
109752,2026-03-20,Wayne Enterprises,n-y-c,Widget Lite,13,$89.99,"$1,169.87",pending
109753,2026-03-21,Umbrella Ltd,n-y-c,Gizmo Mini,26,$45.00,"$1,170.00",pending
109754,2026-03-22,Hooli,West,Widget Pro,22,"$1,234.50","$27,159.00",Shipped
109755,Mar 23 2026,Wayne Enterprises,NYC,Gadget X,1,"$2,150.00","$2,150.00",pending
109756,2026-03-24,Hooli,west,Widget Lite,2,$89.99,$179.98,SHIPPED
109757,2026-03-25,Acme Corp,East,Gadget X,18,"$2,150.00","$38,700.00",Shipped
109758,2026-03-26,Initech,West,Widget Lite,23,$89.99,"$2,069.77",pending
109759,2026-03-27,Umbrella Ltd,West,Widget Pro,29,"$1,234.50","$35,800.50",SHIPPED
109760,2026-03-28,Initech,West,Widget Pro,20,"$1,234.50","$24,690.00",shipped
109761,2026-04-01,Acme Corp,East,Gadget X,14,"$2,150.00","$30,100.00",shipped
109762,2026-04-02,Stark Industries,East,Gadget X,16,"$2,150.00","$34,400.00",Shipped
109763,13/04/2026,Globex Incorporated,west,Widget Pro,3,"$1,234.50","$3,703.50",pending
109764,2026-04-04,Initech,East,Widget Lite,10,$89.99,$899.90,Shipped
109765,2026-04-05,Umbrella Ltd,nyc,Widget Pro,28,"$1,234.50","$34,566.00",Pending
109766,2026-04-06,Stark Industries,n-y-c,Gadget X,2,"$2,150.00","$4,300.00",shipped
109767,2026-04-07,Initech,East,Gizmo Mini,12,$45.00,$740.00,shipped
109768,13/04/2026,Globex Incorporated,East,Gizmo Mini,25,$45.00,"$1,125.00",Pending
109769,2026-04-09,,n-y-c,Widget Pro,14,"$1,234.50","$17,283.00",pending
109770,2026-04-10,Initech,East,Gadget X,22,"$2,150.00","$47,300.00",Pending
109771,2026-04-11,Globex Incorporated,west,Gadget X,4,"$2,150.00","$8,600.00",shipped
109772,Apr 12 2026,Initech,NYC,Gadget X,20,"$2,150.00","$43,000.00",shipped
109773,2026-04-13,Globex Incorporated,west,Widget Lite,13,$89.99,"$1,169.87",Shipped
109774,Apr 14 2026,Acme Corp,East,Gizmo Mini,17,$45.00,$765.00,pending
109775,2026-04-15,Acme Corp,nyc,Gadget X,5,"$2,150.00","$10,750.00",shipped
109776,2026-04-16,Hooli,West,Gizmo Mini,29,$45.00,"$1,305.00",shipped
109777,2026-04-17,Wayne Enterprises,East,Widget Pro,15,"$1,234.50","$18,517.50",Pending
109778,18/04/2026,Acme Corp,East,Gizmo Mini,22,$45.00,$990.00,shipped
109779,2026-04-19,Soylent Co,East,Widget Pro,8,"$1,234.50","$9,876.00",Pending
109780,Apr 20 2026,Wayne Enterprises,n-y-c,Widget Lite,14,$89.99,"$1,259.86",pending
109781,21/04/2026,Massive Dynamic,n-y-c,Gizmo Mini,15,$45.00,$675.00,Pending
109782,2026-04-22,Stark Industries,West,Widget Pro,9,"$1,234.50","$11,110.50",Pending
109783,23/04/2026,Wayne Enterprises,East,Gadget X,13,"$2,150.00","$27,950.00",Shipped
109784,2026-04-24,Soylent Co,East,Gizmo Mini,26,$45.00,"$1,170.00",pending
109785,2026-04-25,Acme Corp,East,Gadget X,14,"$2,150.00","$30,100.00",Pending
109786,2026-04-26,Acme Corp,East,Gadget X,14,"$2,150.00","$30,100.00",pending
109787,2026-04-27,Soylent Co,west,Gizmo Mini,19,$45.00,$855.00,Pending
109788,2026-04-28,Acme Corp,nyc,Gadget X,17,"$2,150.00","$36,550.00",Shipped
109789,2026-03-01,Acme Corp,West,Gadget X,10,"$2,150.00","$21,500.00",Pending
109790,2026-03-02,Wayne Enterprises,West,Gadget X,24,"$2,150.00","$51,600.00",Pending
109791,13/03/2026,Acme Corp,nyc,Gizmo Mini,12,$45.00,$540.00,pending
109792,2026-03-04,Initech,nyc,Gizmo Mini,8,$45.00,$360.00,Pending
109793,2026-03-05,Acme Corp,East,Gadget X,10,"$2,150.00","$21,500.00",Pending
109794,Mar 6 2026,Stark Industries,West,Gizmo Mini,21,$45.00,$945.00,shipped
109795,13/03/2026,Massive Dynamic,East,Gizmo Mini,8,$45.00,$360.00,Shipped
109796,13/03/2026,Globex Incorporated,New York,Gadget X,11,"$2,150.00","$23,650.00",SHIPPED
109797,13/03/2026,Soylent Co,East,Gadget X,13,"$2,150.00","$27,950.00",SHIPPED
109798,13/03/2026,Vehement Capital,East,Gadget X,8,"$2,150.00","$17,200.00",SHIPPED
109799,2026-03-11,Initech,west,Widget Lite,17,$89.99,"$1,529.83",Shipped
109800,2026-03-12,Massive Dynamic,East,Widget Lite,6,$89.99,$539.94,Shipped
109801,2026-03-13,Soylent Co,West,Widget Lite,15,$89.99,"$1,349.85",Pending
109802,2026-03-14,Acme Corp,west,Widget Pro,27,"$1,234.50","$33,331.50",pending
109803,Mar 15 2026,Massive Dynamic,West,Gadget X,6,"$2,150.00","$12,900.00",Pending
109804,2026-03-16,Hooli,nyc,Gadget X,5,"$2,150.00","$10,750.00",Shipped
109805,2026-03-17,Soylent Co,n-y-c,Widget Pro,10,"$1,234.50","$12,345.00",pending
109806,2026-03-18,Massive Dynamic,East,Gizmo Mini,12,$45.00,$540.00,pending
109807,2026-03-19,Soylent Co,nyc,Widget Lite,8,$89.99,$719.92,shipped
109808,2026-03-20,Initech,East,Widget Lite,3,$89.99,$269.97,SHIPPED
109809,2026-03-21,Wayne Enterprises,East,Gadget X,11,"$2,150.00","$23,650.00",pending
109810,2026-03-22,Hooli,East,Widget Pro,28,"$1,234.50","$34,566.00",pending
109811,2026-03-23,Stark Industries,NYC,Widget Lite,14,$89.99,"$1,259.86",Shipped
109812,2026-03-24,Hooli,East,Widget Pro,24,"$1,234.50","$29,628.00",SHIPPED
109813,2026-03-25,Umbrella Ltd,nyc,Gadget X,18,"$2,150.00","$38,700.00",shipped
109814,2026-03-26,Soylent Co,New York,Gadget X,24,"$2,150.00","$51,600.00",Pending
109815,27/03/2026,Acme Corp,NYC,Widget Lite,1,$89.99,$89.99,pending
109816,2026-03-28,Massive Dynamic,New York,Gadget X,24,"$2,150.00","$51,600.00",Shipped
109817,13/04/2026,Acme Corp,West,Gadget X,4,"$2,150.00","$8,600.00",Shipped
109818,2026-04-02,Umbrella Ltd,n-y-c,Gizmo Mini,,$45.00,$810.00,shipped
109819,2026-04-03,,East,Gizmo Mini,28,$45.00,"$1,260.00",pending
109820,2026-04-04,Globex Incorporated,East,Gizmo Mini,25,$45.00,"$1,125.00",pending
109821,2026-04-05,Massive Dynamic,West,Gizmo Mini,27,$45.00,"$1,215.00",pending
109822,2026-04-06,Globex Incorporated,n-y-c,Widget Pro,7,"$1,234.50","$8,641.50",Pending
109823,2026-04-07,Globex Incorporated,NYC,Widget Lite,23,$89.99,"$2,069.77",Pending
109824,2026-04-08,Initech,nyc,Widget Lite,30,$89.99,"$2,699.70",Shipped
109825,2026-04-09,Umbrella Ltd,East,Gadget X,20,"$2,150.00","$43,000.00",Shipped
109826,2026-04-10,Soylent Co,East,Gadget X,6,"$2,150.00","$12,900.00",pending
109827,2026-04-11,Stark Industries,West,Widget Lite,14,$89.99,"$1,259.86",SHIPPED
109828,2026-04-12,Massive Dynamic,East,Gizmo Mini,12,$45.00,$540.00,Shipped
109829,2026-04-13,Globex Incorporated,East,Widget Pro,10,"$1,234.50","$12,345.00",pending
109830,2026-04-14,Soylent Co,East,Gadget X,2,"$2,150.00","$4,300.00",pending
109831,2026-04-15,Wayne Enterprises,East,Widget Lite,3,$89.99,$699.97,shipped
109832,2026-04-16,Initech,n-y-c,Widget Pro,20,"$1,234.50","$24,690.00",pending
109833,2026-04-17,Globex Incorporated,East,Gizmo Mini,11,$45.00,$495.00,pending
109834,2026-04-18,Globex Incorporated,NYC,Widget Pro,10,"$1,234.50","$12,345.00",Pending
109835,2026-04-19,Acme Corp,East,Gizmo Mini,7,$45.00,$315.00,Pending
109836,2026-04-20,Stark Industries,nyc,Gizmo Mini,10,$45.00,$880.00,SHIPPED
109837,2026-04-21,Hooli,west,Gadget X,1,"$2,150.00","$2,150.00",pending
109838,Apr 22 2026,Globex Incorporated,East,Widget Lite,14,$89.99,"$1,259.86",pending
109839,2026-04-23,Massive Dynamic,n-y-c,Widget Lite,3,$89.99,$269.97,Shipped
109840,2026-04-24,Umbrella Ltd,west,Gizmo Mini,21,$45.00,$945.00,Pending
109841,2026-04-25,Globex Incorporated,West,Gadget X,15,"$2,150.00","$32,250.00",pending
109842,26/04/2026,Vehement Capital,nyc,Gadget X,17,"$2,150.00","$36,550.00",Shipped
109843,2026-04-27,Stark Industries,West,Gizmo Mini,15,$45.00,$675.00,shipped
109844,28/04/2026,Umbrella Ltd,NYC,Widget Lite,21,$89.99,"$1,889.79",Pending
109845,2026-03-01,Hooli,East,Gadget X,27,"$2,150.00","$58,050.00",Shipped
109846,2026-03-02,Massive Dynamic,west,Widget Lite,21,$89.99,"$1,889.79",pending
109847,13/03/2026,Soylent Co,NYC,Gadget X,4,"$2,150.00","$8,600.00",SHIPPED
109848,2026-03-04,Acme Corp,East,Widget Lite,19,89.99 USD,"$1,709.81",Pending
109849,Mar 5 2026,Initech,n-y-c,Gadget X,18,"$2,150.00","$38,700.00",pending
109850,2026-03-06,Vehement Capital,East,Gadget X,12,"$2,150.00","$25,800.00",pending
109851,2026-03-07,Wayne Enterprises,East,Widget Lite,15,$89.99,"$1,349.85",Pending
109852,2026-03-08,Umbrella Ltd,East,Widget Pro,19,"$1,234.50","$23,455.50",Pending
109853,2026-03-09,Vehement Capital,East,Widget Lite,6,$89.99,$539.94,SHIPPED
109854,2026-03-10,Soylent Co,East,Gizmo Mini,23,$45.00,"$1,035.00",pending
109855,2026-03-11,Massive Dynamic,NYC,Widget Lite,7,$89.99,$629.93,Pending
109856,Mar 12 2026,Stark Industries,west,Widget Pro,16,"1,234.50 USD","$19,752.00",shipped
109857,2026-03-13,Umbrella Ltd,west,Widget Pro,26,"$1,234.50","$32,097.00",pending
109858,Mar 14 2026,Massive Dynamic,west,Gizmo Mini,-29,$45.00,"-$1,305.00",cancelled
109859,2026-03-15,Massive Dynamic,East,Gizmo Mini,16,$45.00,$720.00,shipped
109859,2026-03-15,Massive Dynamic,East,Gizmo Mini,16,$45.00,$720.00,shipped
109860,17/03/2026,Globex Incorporated,west,Widget Lite,13,$89.99,"$1,169.87",Pending
109861,Mar 18 2026,Initech,west,Gadget X,19,"$2,150.00","$40,850.00",SHIPPED
109862,2026-03-19,Vehement Capital,East,Gizmo Mini,30,$45.00,"$1,350.00",Shipped
109863,20/03/2026,Soylent Co,west,Gadget X,30,"$2,150.00","$64,500.00",pending
109864,2026-03-21,Stark Industries,NYC,Widget Pro,2,"$1,234.50","$2,469.00",Shipped
109865,22/03/2026,Globex Incorporated,New York,Gizmo Mini,3,$45.00,$135.00,Shipped
109866,Mar 23 2026,Umbrella Ltd,nyc,Gadget X,14,"$2,150.00","$30,100.00",SHIPPED
109867,24/03/2026,Stark Industries,East,Gizmo Mini,4,$45.00,$180.00,pending
109868,25/03/2026,Wayne Enterprises,n-y-c,Widget Lite,13,$89.99,"$1,169.87",SHIPPED
109869,2026-03-26,Globex Incorporated,East,Widget Pro,29,"$1,234.50","$35,800.50",Shipped
109870,27/03/2026,Massive Dynamic,west,Gadget X,30,"$2,150.00","$64,500.00",shipped
109871,2026-03-28,Stark Industries,west,Widget Lite,17,$89.99,"$1,529.83",Shipped
109872,2026-04-01,Acme Corp,East,Gizmo Mini,27,$45.00,"$1,215.00",Pending
109873,Apr 2 2026,Initech,East,Widget Pro,2,"$1,234.50","$2,469.00",Pending
109874,2026-04-03,Massive Dynamic,west,Widget Lite,5,$89.99,$449.95,Pending
109875,2026-04-04,Wayne Enterprises,west,Widget Lite,23,$89.99,"$2,069.77",pending
109876,2026-04-05,Massive Dynamic,nyc,Widget Lite,11,$89.99,$989.89,pending
109877,13/04/2026,Umbrella Ltd,East,Widget Pro,11,"$1,234.50","$13,579.50",Pending
109878,Apr 7 2026,Massive Dynamic,East,Widget Pro,26,"$1,234.50","$32,097.00",pending
109879,2026-04-08,Vehement Capital,NYC,Gizmo Mini,7,$45.00,$315.00,pending
109880,2026-04-09,Wayne Enterprises,East,Widget Pro,12,"$1,234.50","$14,814.00",SHIPPED
109881,2026-04-10,Hooli,New York,Gadget X,29,"$2,150.00","$62,350.00",SHIPPED
109882,2026-04-11,Massive Dynamic,nyc,Widget Pro,13,"$1,234.50","$16,048.50",SHIPPED
109883,2026-04-12,Wayne Enterprises,nyc,Gadget X,24,"$2,150.00","$51,600.00",pending
109884,13/04/2026,Initech,East,Widget Pro,12,"$1,234.50","$14,814.00",Pending
109885,2026-04-14,Umbrella Ltd,East,Gadget X,28,"$2,150.00","$60,200.00",shipped
109886,2026-04-15,Stark Industries,West,Widget Pro,12,"$1,234.50","$14,814.00",SHIPPED
109887,2026-04-16,Wayne Enterprises,East,Gadget X,9,"$2,150.00","$19,350.00",Pending
109888,2026-04-17,Wayne Enterprises,NYC,Gadget X,23,"$2,150.00","$49,450.00",Pending
109889,2026-04-18,Hooli,East,Widget Pro,23,"$1,234.50","$28,393.50",shipped
109890,19/04/2026,Umbrella Ltd,East,Gizmo Mini,29,$45.00,"$1,305.00",Pending
109891,2026-04-20,Acme Corp,East,Gizmo Mini,16,$45.00,$720.00,Pending
109892,Apr 21 2026,Hooli,East,Gizmo Mini,11,$45.00,$495.00,SHIPPED
109893,22/04/2026,Globex Incorporated,west,Gadget X,10,"$2,150.00","$21,500.00",SHIPPED
109894,2026-04-23,Massive Dynamic,West,Widget Lite,28,$89.99,"$2,519.72",Pending
109895,2026-04-24,Initech,New York,Gizmo Mini,22,$45.00,$990.00,pending
109896,2026-04-25,Vehement Capital,n-y-c,Widget Lite,6,$89.99,$539.94,Pending
109897,26/04/2026,Stark Industries,west,Gizmo Mini,14,$45.00,$630.00,Pending
109898,2026-04-27,Soylent Co,west,Gadget X,4,"$2,150.00","$8,600.00",pending
109899,2026-04-28,Soylent Co,west,Gadget X,8,"$2,150.00","$17,200.00",shipped
109900,Mar 1 2026,Umbrella Ltd,n-y-c,Gadget X,15,"$2,150.00","$32,250.00",shipped
109901,2026-03-02,Vehement Capital,west,Gizmo Mini,6,$45.00,$270.00,pending
109902,2026-03-03,Stark Industries,East,Widget Pro,1,"$1,234.50","$1,234.50",Shipped
109903,Mar 4 2026,Umbrella Ltd,East,Widget Lite,8,$89.99,$719.92,SHIPPED
109904,2026-03-05,Hooli,nyc,Widget Lite,13,$89.99,"$1,169.87",SHIPPED
109905,2026-03-06,Vehement Capital,west,Widget Lite,6,$89.99,$539.94,shipped
109906,2026-03-07,Wayne Enterprises,East,Gizmo Mini,19,$45.00,$855.00,SHIPPED
109907,2026-03-08,Massive Dynamic,West,Gizmo Mini,1,$45.00,$45.00,Pending
109908,13/03/2026,Soylent Co,New York,Widget Lite,3,$89.99,$269.97,Pending
109909,2026-03-10,Umbrella Ltd,west,Gizmo Mini,29,$45.00,"$1,305.00",Pending
109910,2026-03-11,Acme Corp,West,Gadget X,13,"$2,150.00","$27,950.00",Shipped
109911,2026-03-12,Globex Incorporated,East,Widget Lite,26,$89.99,"$2,339.74",shipped
109912,2026-03-13,Wayne Enterprises,New York,Gizmo Mini,28,$45.00,"$1,260.00",pending
109913,2026-03-14,Stark Industries,West,Widget Pro,7,"$1,234.50","$8,641.50",Shipped
109914,15/03/2026,Acme Corp,East,Widget Lite,15,$89.99,"$1,349.85",pending
109915,2026-03-16,Soylent Co,East,Widget Pro,26,"$1,234.50","$32,097.00",Shipped
109916,2026-03-17,Acme Corp,n-y-c,Widget Lite,19,$89.99,"$1,709.81",shipped
109917,18/03/2026,Acme Corp,New York,Gizmo Mini,7,$45.00,$315.00,shipped
109918,2026-03-19,Vehement Capital,west,Gadget X,20,"$2,150.00","$43,000.00",SHIPPED
109919,20/03/2026,Soylent Co,NYC,Widget Lite,19,$89.99,"$1,709.81",shipped
109920,21/03/2026,Umbrella Ltd,west,Widget Pro,12,"$1,234.50","$14,814.00",SHIPPED
109921,2026-03-22,Initech,New York,Widget Lite,27,$89.99,"$2,429.73",Pending
109922,Mar 23 2026,Stark Industries,East,Widget Lite,28,$89.99,"$2,519.72",pending
109923,24/03/2026,Initech,East,Gadget X,9,"$2,150.00","$19,350.00",Pending
109924,2026-03-25,Wayne Enterprises,west,Gizmo Mini,26,$45.00,"$1,170.00",shipped
109925,2026-03-26,Stark Industries,East,Widget Pro,9,"$1,234.50","$11,110.50",pending
109926,2026-03-27,Soylent Co,West,Widget Pro,17,"$1,234.50","$20,986.50",pending
109927,2026-03-28,Initech,nyc,Gizmo Mini,24,$45.00,"$1,080.00",pending
109928,13/04/2026,Hooli,nyc,Gizmo Mini,19,$45.00,$855.00,shipped
109929,2026-04-02,Massive Dynamic,West,Gizmo Mini,13,$45.00,$585.00,Pending
109930,Apr 3 2026,Vehement Capital,East,Widget Lite,3,$89.99,$119.97,pending
109931,2026-04-04,Initech,West,Gizmo Mini,3,$45.00,$135.00,Pending
